timestamp,session_duration_minutes,total_trades,winning_trades,losing_trades,win_rate,total_pnl,gross_profit,gross_loss,avg_win,avg_loss,avg_trade,profit_factor,max_win,max_loss,starting_equity,current_equity,peak_equity,return_pct,daily_pnl,max_drawdown,max_drawdown_pct,current_streak,max_winning_streak,max_losing_streak,open_positions,signals_generated,signals_executed,signals_rejected,execution_rate
2026-01-25 19:04:05.759826,0.0062112,0,0,0,0.0,0.0,0.0,0.0,0.0,0.0,0.0,inf,0.0,0.0,50000.0,50000.0,50000.0,0.0,0.0,0.0,0.0,0,0,0,0,2,0,1,0.0
2026-01-25 19:04:05.774917,0.0064626833333333335,0,0,0,0.0,0.0,0.0,0.0,0.0,0.0,0.0,inf,0.0,0.0,50000.0,50000.0,50000.0,0.0,0.0,0.0,0.0,0,0,0,0,4,0,2,0.0
2026-01-25 19:04:05.787451,0.00667165,0,0,0,0.0,0.0,0.0,0.0,0.0,0.0,0.0,inf,0.0,0.0,50000.0,50000.0,50000.0,0.0,0.0,0.0,0.0,0,0,0,0,6,0,3,0.0
2026-01-25 19:04:05.800816,0.006894333333333334,0,0,0,0.0,0.0,0.0,0.0,0.0,0.0,0.0,inf,0.0,0.0,50000.0,50000.0,50000.0,0.0,0.0,0.0,0.0,0,0,0,0,8,0,4,0.0
2026-01-25 19:04:05.815413,0.007137616666666667,0,0,0,0.0,0.0,0.0,0.0,0.0,0.0,0.0,inf,0.0,0.0,50000.0,50000.0,50000.0,0.0,0.0,0.0,0.0,0,0,0,0,10,0,5,0.0
2026-01-25 19:04:05.828516,0.007356016666666667,0,0,0,0.0,0.0,0.0,0.0,0.0,0.0,0.0,inf,0.0,0.0,50000.0,50000.0,50000.0,0.0,0.0,0.0,0.0,0,0,0,0,12,0,6,0.0
2026-01-25 19:04:05.842757,0.007593366666666667,0,0,0,0.0,0.0,0.0,0.0,0.0,0.0,0.0,inf,0.0,0.0,50000.0,50000.0,50000.0,0.0,0.0,0.0,0.0,0,0,0,0,14,0,7,0.0
2026-01-25 19:04:05.856455,0.007821650000000001,0,0,0,0.0,0.0,0.0,0.0,0.0,0.0,0.0,inf,0.0,0.0,50000.0,50000.0,50000.0,0.0,0.0,0.0,0.0,0,0,0,0,16,0,8,0.0
2026-01-25 19:04:05.869941,0.008046433333333334,0,0,0,0.0,0.0,0.0,0.0,0.0,0.0,0.0,inf,0.0,0.0,50000.0,50000.0,50000.0,0.0,0.0,0.0,0.0,0,0,0,0,18,0,9,0.0
2026-01-25 19:04:05.884240,0.008284733333333334,0,0,0,0.0,0.0,0.0,0.0,0.0,0.0,0.0,inf,0.0,0.0,50000.0,50000.0,50000.0,0.0,0.0,0.0,0.0,0,0,0,0,20,0,10,0.0
2026-01-25 19:04:05.898566,0.0085235,0,0,0,0.0,0.0,0.0,0.0,0.0,0.0,0.0,inf,0.0,0.0,50000.0,50000.0,50000.0,0.0,0.0,0.0,0.0,0,0,0,0,22,0,11,0.0
2026-01-25 19:04:05.914534,0.008789633333333333,0,0,0,0.0,0.0,0.0,0.0,0.0,0.0,0.0,inf,0.0,0.0,50000.0,50000.0,50000.0,0.0,0.0,0.0,0.0,0,0,0,0,24,0,12,0.0
2026-01-25 19:04:05.935567,0.0091402,0,0,0,0.0,0.0,0.0,0.0,0.0,0.0,0.0,inf,0.0,0.0,50000.0,50000.0,50000.0,0.0,0.0,0.0,0.0,0,0,0,0,26,0,13,0.0
2026-01-25 19:04:05.950646,0.0093915,0,0,0,0.0,0.0,0.0,0.0,0.0,0.0,0.0,inf,0.0,0.0,50000.0,50000.0,50000.0,0.0,0.0,0.0,0.0,0,0,0,0,28,0,14,0.0
2026-01-25 19:04:05.965061,0.00963175,0,0,0,0.0,0.0,0.0,0.0,0.0,0.0,0.0,inf,0.0,0.0,50000.0,50000.0,50000.0,0.0,0.0,0.0,0.0,0,0,0,0,30,0,15,0.0
2026-01-25 19:04:05.979783,0.009877116666666666,0,0,0,0.0,0.0,0.0,0.0,0.0,0.0,0.0,inf,0.0,0.0,50000.0,50000.0,50000.0,0.0,0.0,0.0,0.0,0,0,0,0,32,0,16,0.0
2026-01-25 19:04:05.994696,0.010125683333333333,0,0,0,0.0,0.0,0.0,0.0,0.0,0.0,0.0,inf,0.0,0.0,50000.0,50000.0,50000.0,0.0,0.0,0.0,0.0,0,0,0,0,34,0,17,0.0
2026-01-25 19:04:06.009607,0.010374183333333334,0,0,0,0.0,0.0,0.0,0.0,0.0,0.0,0.0,inf,0.0,0.0,50000.0,50000.0,50000.0,0.0,0.0,0.0,0.0,0,0,0,0,36,0,18,0.0
2026-01-25 19:04:06.024554,0.010623283333333334,0,0,0,0.0,0.0,0.0,0.0,0.0,0.0,0.0,inf,0.0,0.0,50000.0,50000.0,50000.0,0.0,0.0,0.0,0.0,0,0,0,0,38,0,19,0.0
2026-01-25 19:04:06.038952,0.010863316666666668,0,0,0,0.0,0.0,0.0,0.0,0.0,0.0,0.0,inf,0.0,0.0,50000.0,50000.0,50000.0,0.0,0.0,0.0,0.0,0,0,0,0,40,0,20,0.0
2026-01-25 19:04:06.053694,0.011108966666666666,0,0,0,0.0,0.0,0.0,0.0,0.0,0.0,0.0,inf,0.0,0.0,50000.0,50000.0,50000.0,0.0,0.0,0.0,0.0,0,0,0,0,42,0,21,0.0
2026-01-25 19:04:06.071253,0.011401650000000001,0,0,0,0.0,0.0,0.0,0.0,0.0,0.0,0.0,inf,0.0,0.0,50000.0,50000.0,50000.0,0.0,0.0,0.0,0.0,0,0,0,0,44,0,22,0.0
2026-01-25 19:04:06.086939,0.011663050000000001,0,0,0,0.0,0.0,0.0,0.0,0.0,0.0,0.0,inf,0.0,0.0,50000.0,50000.0,50000.0,0.0,0.0,0.0,0.0,0,0,0,0,46,0,23,0.0
2026-01-25 19:04:06.102802,0.011927433333333333,0,0,0,0.0,0.0,0.0,0.0,0.0,0.0,0.0,inf,0.0,0.0,50000.0,50000.0,50000.0,0.0,0.0,0.0,0.0,0,0,0,0,48,0,24,0.0
2026-01-25 19:04:06.120717,0.012226033333333334,0,0,0,0.0,0.0,0.0,0.0,0.0,0.0,0.0,inf,0.0,0.0,50000.0,50000.0,50000.0,0.0,0.0,0.0,0.0,0,0,0,0,50,0,25,0.0
2026-01-25 19:04:06.137295,0.012502316666666667,0,0,0,0.0,0.0,0.0,0.0,0.0,0.0,0.0,inf,0.0,0.0,50000.0,50000.0,50000.0,0.0,0.0,0.0,0.0,0,0,0,0,52,0,26,0.0
2026-01-25 19:04:06.153448,0.012771533333333333,0,0,0,0.0,0.0,0.0,0.0,0.0,0.0,0.0,inf,0.0,0.0,50000.0,50000.0,50000.0,0.0,0.0,0.0,0.0,0,0,0,0,54,0,27,0.0
2026-01-25 19:04:06.169476,0.013038666666666667,0,0,0,0.0,0.0,0.0,0.0,0.0,0.0,0.0,inf,0.0,0.0,50000.0,50000.0,50000.0,0.0,0.0,0.0,0.0,0,0,0,0,56,0,28,0.0
2026-01-25 19:04:06.185265,0.013301833333333334,0,0,0,0.0,0.0,0.0,0.0,0.0,0.0,0.0,inf,0.0,0.0,50000.0,50000.0,50000.0,0.0,0.0,0.0,0.0,0,0,0,0,58,0,29,0.0
2026-01-25 19:04:06.200987,0.013563849999999999,0,0,0,0.0,0.0,0.0,0.0,0.0,0.0,0.0,inf,0.0,0.0,50000.0,50000.0,50000.0,0.0,0.0,0.0,0.0,0,0,0,0,60,0,30,0.0
2026-01-25 19:04:06.217075,0.013831983333333332,0,0,0,0.0,0.0,0.0,0.0,0.0,0.0,0.0,inf,0.0,0.0,50000.0,50000.0,50000.0,0.0,0.0,0.0,0.0,0,0,0,0,62,0,31,0.0
2026-01-25 19:04:06.232828,0.014094533333333333,0,0,0,0.0,0.0,0.0,0.0,0.0,0.0,0.0,inf,0.0,0.0,50000.0,50000.0,50000.0,0.0,0.0,0.0,0.0,0,0,0,0,64,0,32,0.0
2026-01-25 19:04:06.248750,0.0143599,0,0,0,0.0,0.0,0.0,0.0,0.0,0.0,0.0,inf,0.0,0.0,50000.0,50000.0,50000.0,0.0,0.0,0.0,0.0,0,0,0,0,66,0,33,0.0
2026-01-25 19:04:06.266010,0.014647566666666667,0,0,0,0.0,0.0,0.0,0.0,0.0,0.0,0.0,inf,0.0,0.0,50000.0,50000.0,50000.0,0.0,0.0,0.0,0.0,0,0,0,0,68,0,34,0.0
2026-01-25 19:04:06.282321,0.014919416666666666,0,0,0,0.0,0.0,0.0,0.0,0.0,0.0,0.0,inf,0.0,0.0,50000.0,50000.0,50000.0,0.0,0.0,0.0,0.0,0,0,0,0,70,0,35,0.0
2026-01-25 19:04:06.299336,0.015203,0,0,0,0.0,0.0,0.0,0.0,0.0,0.0,0.0,inf,0.0,0.0,50000.0,50000.0,50000.0,0.0,0.0,0.0,0.0,0,0,0,0,72,0,36,0.0
2026-01-25 19:04:06.315774,0.015476983333333333,0,0,0,0.0,0.0,0.0,0.0,0.0,0.0,0.0,inf,0.0,0.0,50000.0,50000.0,50000.0,0.0,0.0,0.0,0.0,0,0,0,0,74,0,37,0.0
2026-01-25 19:04:06.332781,0.015760433333333334,0,0,0,0.0,0.0,0.0,0.0,0.0,0.0,0.0,inf,0.0,0.0,50000.0,50000.0,50000.0,0.0,0.0,0.0,0.0,0,0,0,0,76,0,38,0.0
2026-01-25 19:04:06.349192,0.016033933333333333,0,0,0,0.0,0.0,0.0,0.0,0.0,0.0,0.0,inf,0.0,0.0,50000.0,50000.0,50000.0,0.0,0.0,0.0,0.0,0,0,0,0,78,0,39,0.0
2026-01-25 19:04:06.366040,0.016314733333333335,0,0,0,0.0,0.0,0.0,0.0,0.0,0.0,0.0,inf,0.0,0.0,50000.0,50000.0,50000.0,0.0,0.0,0.0,0.0,0,0,0,0,80,0,40,0.0
2026-01-25 19:04:06.382737,0.01659301666666667,0,0,0,0.0,0.0,0.0,0.0,0.0,0.0,0.0,inf,0.0,0.0,50000.0,50000.0,50000.0,0.0,0.0,0.0,0.0,0,0,0,0,82,0,41,0.0
2026-01-25 19:04:06.399380,0.016870383333333336,0,0,0,0.0,0.0,0.0,0.0,0.0,0.0,0.0,inf,0.0,0.0,50000.0,50000.0,50000.0,0.0,0.0,0.0,0.0,0,0,0,0,84,0,42,0.0
2026-01-25 19:04:06.416037,0.017148033333333333,0,0,0,0.0,0.0,0.0,0.0,0.0,0.0,0.0,inf,0.0,0.0,50000.0,50000.0,50000.0,0.0,0.0,0.0,0.0,0,0,0,0,86,0,43,0.0
2026-01-25 19:04:06.435116,0.01746605,0,0,0,0.0,0.0,0.0,0.0,0.0,0.0,0.0,inf,0.0,0.0,50000.0,50000.0,50000.0,0.0,0.0,0.0,0.0,0,0,0,0,88,0,44,0.0
2026-01-25 19:04:06.453985,0.017780483333333333,0,0,0,0.0,0.0,0.0,0.0,0.0,0.0,0.0,inf,0.0,0.0,50000.0,50000.0,50000.0,0.0,0.0,0.0,0.0,0,0,0,0,90,0,45,0.0
2026-01-25 19:04:06.472163,0.018083466666666666,0,0,0,0.0,0.0,0.0,0.0,0.0,0.0,0.0,inf,0.0,0.0,50000.0,50000.0,50000.0,0.0,0.0,0.0,0.0,0,0,0,0,92,0,46,0.0
2026-01-25 19:04:06.491336,0.018403,0,0,0,0.0,0.0,0.0,0.0,0.0,0.0,0.0,inf,0.0,0.0,50000.0,50000.0,50000.0,0.0,0.0,0.0,0.0,0,0,0,0,94,0,47,0.0
2026-01-25 19:04:06.509174,0.018700316666666668,0,0,0,0.0,0.0,0.0,0.0,0.0,0.0,0.0,inf,0.0,0.0,50000.0,50000.0,50000.0,0.0,0.0,0.0,0.0,0,0,0,0,96,0,48,0.0
2026-01-25 19:04:06.527150,0.0189999,0,0,0,0.0,0.0,0.0,0.0,0.0,0.0,0.0,inf,0.0,0.0,50000.0,50000.0,50000.0,0.0,0.0,0.0,0.0,0,0,0,0,98,0,49,0.0
2026-01-25 19:04:06.545122,0.019299533333333334,0,0,0,0.0,0.0,0.0,0.0,0.0,0.0,0.0,inf,0.0,0.0,50000.0,50000.0,50000.0,0.0,0.0,0.0,0.0,0,0,0,0,100,0,50,0.0
2026-01-25 19:04:06.563988,0.019613866666666667,0,0,0,0.0,0.0,0.0,0.0,0.0,0.0,0.0,inf,0.0,0.0,50000.0,50000.0,50000.0,0.0,0.0,0.0,0.0,0,0,0,0,102,0,51,0.0
2026-01-25 19:04:06.582528,0.019922866666666667,0,0,0,0.0,0.0,0.0,0.0,0.0,0.0,0.0,inf,0.0,0.0,50000.0,50000.0,50000.0,0.0,0.0,0.0,0.0,0,0,0,0,104,0,52,0.0
2026-01-25 19:04:06.602937,0.020263016666666668,0,0,0,0.0,0.0,0.0,0.0,0.0,0.0,0.0,inf,0.0,0.0,50000.0,50000.0,50000.0,0.0,0.0,0.0,0.0,0,0,0,0,106,0,53,0.0
2026-01-25 19:04:06.621017,0.020564350000000002,0,0,0,0.0,0.0,0.0,0.0,0.0,0.0,0.0,inf,0.0,0.0,50000.0,50000.0,50000.0,0.0,0.0,0.0,0.0,0,0,0,0,108,0,54,0.0
2026-01-25 19:04:06.639809,0.02087755,0,0,0,0.0,0.0,0.0,0.0,0.0,0.0,0.0,inf,0.0,0.0,50000.0,50000.0,50000.0,0.0,0.0,0.0,0.0,0,0,0,0,110,0,55,0.0
2026-01-25 19:04:06.657898,0.021179033333333333,0,0,0,0.0,0.0,0.0,0.0,0.0,0.0,0.0,inf,0.0,0.0,50000.0,50000.0,50000.0,0.0,0.0,0.0,0.0,0,0,0,0,112,0,56,0.0
2026-01-25 19:04:06.676132,0.021482933333333332,0,0,0,0.0,0.0,0.0,0.0,0.0,0.0,0.0,inf,0.0,0.0,50000.0,50000.0,50000.0,0.0,0.0,0.0,0.0,0,0,0,0,114,0,57,0.0
2026-01-25 19:04:06.694722,0.021792766666666668,0,0,0,0.0,0.0,0.0,0.0,0.0,0.0,0.0,inf,0.0,0.0,50000.0,50000.0,50000.0,0.0,0.0,0.0,0.0,0,0,0,0,116,0,58,0.0
2026-01-25 19:04:06.712830,0.022094566666666666,0,0,0,0.0,0.0,0.0,0.0,0.0,0.0,0.0,inf,0.0,0.0,50000.0,50000.0,50000.0,0.0,0.0,0.0,0.0,0,0,0,0,118,0,59,0.0
2026-01-25 19:04:06.730295,0.02238565,0,0,0,0.0,0.0,0.0,0.0,0.0,0.0,0.0,inf,0.0,0.0,50000.0,50000.0,50000.0,0.0,0.0,0.0,0.0,0,0,0,0,120,0,60,0.0
2026-01-25 19:04:06.749103,0.022699116666666668,0,0,0,0.0,0.0,0.0,0.0,0.0,0.0,0.0,inf,0.0,0.0,50000.0,50000.0,50000.0,0.0,0.0,0.0,0.0,0,0,0,0,122,0,61,0.0
2026-01-25 19:04:06.767279,0.02300205,0,0,0,0.0,0.0,0.0,0.0,0.0,0.0,0.0,inf,0.0,0.0,50000.0,50000.0,50000.0,0.0,0.0,0.0,0.0,0,0,0,0,124,0,62,0.0
2026-01-25 19:04:06.784879,0.0232954,0,0,0,0.0,0.0,0.0,0.0,0.0,0.0,0.0,inf,0.0,0.0,50000.0,50000.0,50000.0,0.0,0.0,0.0,0.0,0,0,0,0,126,0,63,0.0
2026-01-25 19:04:06.803094,0.023598966666666665,0,0,0,0.0,0.0,0.0,0.0,0.0,0.0,0.0,inf,0.0,0.0,50000.0,50000.0,50000.0,0.0,0.0,0.0,0.0,0,0,0,0,128,0,64,0.0
2026-01-25 19:04:06.821108,0.023899216666666667,0,0,0,0.0,0.0,0.0,0.0,0.0,0.0,0.0,inf,0.0,0.0,50000.0,50000.0,50000.0,0.0,0.0,0.0,0.0,0,0,0,0,130,0,65,0.0
2026-01-25 19:04:06.839798,0.024210699999999998,0,0,0,0.0,0.0,0.0,0.0,0.0,0.0,0.0,inf,0.0,0.0,50000.0,50000.0,50000.0,0.0,0.0,0.0,0.0,0,0,0,0,132,0,66,0.0
2026-01-25 19:04:06.857805,0.024510816666666668,0,0,0,0.0,0.0,0.0,0.0,0.0,0.0,0.0,inf,0.0,0.0,50000.0,50000.0,50000.0,0.0,0.0,0.0,0.0,0,0,0,0,134,0,67,0.0
2026-01-25 19:04:06.875438,0.024804700000000002,0,0,0,0.0,0.0,0.0,0.0,0.0,0.0,0.0,inf,0.0,0.0,50000.0,50000.0,50000.0,0.0,0.0,0.0,0.0,0,0,0,0,136,0,68,0.0
2026-01-25 19:04:06.893729,0.025109549999999998,0,0,0,0.0,0.0,0.0,0.0,0.0,0.0,0.0,inf,0.0,0.0,50000.0,50000.0,50000.0,0.0,0.0,0.0,0.0,0,0,0,0,138,0,69,0.0
2026-01-25 19:04:06.910884,0.025395466666666665,0,0,0,0.0,0.0,0.0,0.0,0.0,0.0,0.0,inf,0.0,0.0,50000.0,50000.0,50000.0,0.0,0.0,0.0,0.0,0,0,0,0,140,0,70,0.0
2026-01-25 19:04:06.928678,0.025692033333333333,0,0,0,0.0,0.0,0.0,0.0,0.0,0.0,0.0,inf,0.0,0.0,50000.0,50000.0,50000.0,0.0,0.0,0.0,0.0,0,0,0,0,142,0,71,0.0
2026-01-25 19:04:06.946672,0.02599193333333333,0,0,0,0.0,0.0,0.0,0.0,0.0,0.0,0.0,inf,0.0,0.0,50000.0,50000.0,50000.0,0.0,0.0,0.0,0.0,0,0,0,0,144,0,72,0.0
2026-01-25 19:04:06.964672,0.026291933333333333,0,0,0,0.0,0.0,0.0,0.0,0.0,0.0,0.0,inf,0.0,0.0,50000.0,50000.0,50000.0,0.0,0.0,0.0,0.0,0,0,0,0,146,0,73,0.0
2026-01-25 19:04:06.981960,0.02658006666666667,0,0,0,0.0,0.0,0.0,0.0,0.0,0.0,0.0,inf,0.0,0.0,50000.0,50000.0,50000.0,0.0,0.0,0.0,0.0,0,0,0,0,148,0,74,0.0
2026-01-25 19:04:07.000127,0.02688285,0,0,0,0.0,0.0,0.0,0.0,0.0,0.0,0.0,inf,0.0,0.0,50000.0,50000.0,50000.0,0.0,0.0,0.0,0.0,0,0,0,0,150,0,75,0.0
2026-01-25 19:04:07.017999,0.027180716666666667,0,0,0,0.0,0.0,0.0,0.0,0.0,0.0,0.0,inf,0.0,0.0,50000.0,50000.0,50000.0,0.0,0.0,0.0,0.0,0,0,0,0,152,0,76,0.0
2026-01-25 19:04:07.035814,0.02747763333333333,0,0,0,0.0,0.0,0.0,0.0,0.0,0.0,0.0,inf,0.0,0.0,50000.0,50000.0,50000.0,0.0,0.0,0.0,0.0,0,0,0,0,154,0,77,0.0
2026-01-25 19:04:07.053233,0.02776795,0,0,0,0.0,0.0,0.0,0.0,0.0,0.0,0.0,inf,0.0,0.0,50000.0,50000.0,50000.0,0.0,0.0,0.0,0.0,0,0,0,0,156,0,78,0.0
2026-01-25 19:04:07.071064,0.028065183333333334,0,0,0,0.0,0.0,0.0,0.0,0.0,0.0,0.0,inf,0.0,0.0,50000.0,50000.0,50000.0,0.0,0.0,0.0,0.0,0,0,0,0,158,0,79,0.0
2026-01-25 19:04:07.089573,0.028373616666666667,0,0,0,0.0,0.0,0.0,0.0,0.0,0.0,0.0,inf,0.0,0.0,50000.0,50000.0,50000.0,0.0,0.0,0.0,0.0,0,0,0,0,160,0,80,0.0
2026-01-25 19:04:07.107692,0.028675600000000002,0,0,0,0.0,0.0,0.0,0.0,0.0,0.0,0.0,inf,0.0,0.0,50000.0,50000.0,50000.0,0.0,0.0,0.0,0.0,0,0,0,0,162,0,81,0.0
2026-01-25 19:04:07.125525,0.028972816666666668,0,0,0,0.0,0.0,0.0,0.0,0.0,0.0,0.0,inf,0.0,0.0,50000.0,50000.0,50000.0,0.0,0.0,0.0,0.0,0,0,0,0,164,0,82,0.0
2026-01-25 19:04:07.144028,0.029281216666666665,0,0,0,0.0,0.0,0.0,0.0,0.0,0.0,0.0,inf,0.0,0.0,50000.0,50000.0,50000.0,0.0,0.0,0.0,0.0,0,0,0,0,166,0,83,0.0
2026-01-25 19:04:07.162258,0.02958505,0,0,0,0.0,0.0,0.0,0.0,0.0,0.0,0.0,inf,0.0,0.0,50000.0,50000.0,50000.0,0.0,0.0,0.0,0.0,0,0,0,0,168,0,84,0.0
2026-01-25 19:04:07.180121,0.02988275,0,0,0,0.0,0.0,0.0,0.0,0.0,0.0,0.0,inf,0.0,0.0,50000.0,50000.0,50000.0,0.0,0.0,0.0,0.0,0,0,0,0,170,0,85,0.0
2026-01-25 19:04:07.197115,0.030165983333333334,0,0,0,0.0,0.0,0.0,0.0,0.0,0.0,0.0,inf,0.0,0.0,50000.0,50000.0,50000.0,0.0,0.0,0.0,0.0,0,0,0,0,172,0,86,0.0
2026-01-25 19:04:07.216910,0.030495900000000003,0,0,0,0.0,0.0,0.0,0.0,0.0,0.0,0.0,inf,0.0,0.0,50000.0,50000.0,50000.0,0.0,0.0,0.0,0.0,0,0,0,0,174,0,87,0.0
2026-01-25 19:04:07.234841,0.03079475,0,0,0,0.0,0.0,0.0,0.0,0.0,0.0,0.0,inf,0.0,0.0,50000.0,50000.0,50000.0,0.0,0.0,0.0,0.0,0,0,0,0,176,0,88,0.0
2026-01-25 19:04:07.253838,0.031111366666666664,0,0,0,0.0,0.0,0.0,0.0,0.0,0.0,0.0,inf,0.0,0.0,50000.0,50000.0,50000.0,0.0,0.0,0.0,0.0,0,0,0,0,178,0,89,0.0
2026-01-25 19:04:07.271662,0.03140843333333333,0,0,0,0.0,0.0,0.0,0.0,0.0,0.0,0.0,inf,0.0,0.0,50000.0,50000.0,50000.0,0.0,0.0,0.0,0.0,0,0,0,0,180,0,90,0.0
2026-01-25 19:04:07.318075,0.03218198333333334,0,0,0,0.0,0.0,0.0,0.0,0.0,0.0,0.0,inf,0.0,0.0,50000.0,50000.0,50000.0,0.0,0.0,0.0,0.0,0,0,0,0,182,0,91,0.0
2026-01-25 19:04:07.336086,0.032482166666666666,0,0,0,0.0,0.0,0.0,0.0,0.0,0.0,0.0,inf,0.0,0.0,50000.0,50000.0,50000.0,0.0,0.0,0.0,0.0,0,0,0,0,184,0,92,0.0
2026-01-25 19:04:07.353779,0.03277721666666667,0,0,0,0.0,0.0,0.0,0.0,0.0,0.0,0.0,inf,0.0,0.0,50000.0,50000.0,50000.0,0.0,0.0,0.0,0.0,0,0,0,0,186,0,93,0.0
2026-01-25 19:04:07.372082,0.033082099999999996,0,0,0,0.0,0.0,0.0,0.0,0.0,0.0,0.0,inf,0.0,0.0,50000.0,50000.0,50000.0,0.0,0.0,0.0,0.0,0,0,0,0,188,0,94,0.0
2026-01-25 19:04:07.390987,0.03339718333333333,0,0,0,0.0,0.0,0.0,0.0,0.0,0.0,0.0,inf,0.0,0.0,50000.0,50000.0,50000.0,0.0,0.0,0.0,0.0,0,0,0,0,190,0,95,0.0
2026-01-25 19:04:07.409270,0.0337019,0,0,0,0.0,0.0,0.0,0.0,0.0,0.0,0.0,inf,0.0,0.0,50000.0,50000.0,50000.0,0.0,0.0,0.0,0.0,0,0,0,0,192,0,96,0.0
2026-01-25 19:04:07.427039,0.03399806666666667,0,0,0,0.0,0.0,0.0,0.0,0.0,0.0,0.0,inf,0.0,0.0,50000.0,50000.0,50000.0,0.0,0.0,0.0,0.0,0,0,0,0,194,0,97,0.0
2026-01-25 19:04:07.444568,0.0342902,0,0,0,0.0,0.0,0.0,0.0,0.0,0.0,0.0,inf,0.0,0.0,50000.0,50000.0,50000.0,0.0,0.0,0.0,0.0,0,0,0,0,196,0,98,0.0
2026-01-25 19:04:07.462383,0.03458713333333333,0,0,0,0.0,0.0,0.0,0.0,0.0,0.0,0.0,inf,0.0,0.0,50000.0,50000.0,50000.0,0.0,0.0,0.0,0.0,0,0,0,0,198,0,99,0.0
2026-01-25 19:04:07.480975,0.034897,0,0,0,0.0,0.0,0.0,0.0,0.0,0.0,0.0,inf,0.0,0.0,50000.0,50000.0,50000.0,0.0,0.0,0.0,0.0,0,0,0,0,200,0,100,0.0
2026-01-25 19:04:07.498733,0.03519295,0,0,0,0.0,0.0,0.0,0.0,0.0,0.0,0.0,inf,0.0,0.0,50000.0,50000.0,50000.0,0.0,0.0,0.0,0.0,0,0,0,0,202,0,101,0.0
2026-01-25 19:04:07.516844,0.0354948,0,0,0,0.0,0.0,0.0,0.0,0.0,0.0,0.0,inf,0.0,0.0,50000.0,50000.0,50000.0,0.0,0.0,0.0,0.0,0,0,0,0,204,0,102,0.0
2026-01-25 19:04:07.534870,0.035795233333333336,0,0,0,0.0,0.0,0.0,0.0,0.0,0.0,0.0,inf,0.0,0.0,50000.0,50000.0,50000.0,0.0,0.0,0.0,0.0,0,0,0,0,206,0,103,0.0
2026-01-25 19:04:07.553421,0.03610441666666667,0,0,0,0.0,0.0,0.0,0.0,0.0,0.0,0.0,inf,0.0,0.0,50000.0,50000.0,50000.0,0.0,0.0,0.0,0.0,0,0,0,0,208,0,104,0.0
2026-01-25 19:04:07.572760,0.036426733333333336,0,0,0,0.0,0.0,0.0,0.0,0.0,0.0,0.0,inf,0.0,0.0,50000.0,50000.0,50000.0,0.0,0.0,0.0,0.0,0,0,0,0,210,0,105,0.0
2026-01-25 19:04:07.592110,0.03674923333333333,0,0,0,0.0,0.0,0.0,0.0,0.0,0.0,0.0,inf,0.0,0.0,50000.0,50000.0,50000.0,0.0,0.0,0.0,0.0,0,0,0,0,212,0,106,0.0
2026-01-25 19:04:07.610657,0.037058350000000004,0,0,0,0.0,0.0,0.0,0.0,0.0,0.0,0.0,inf,0.0,0.0,50000.0,50000.0,50000.0,0.0,0.0,0.0,0.0,0,0,0,0,214,0,107,0.0
2026-01-25 19:04:07.628865,0.03736183333333333,0,0,0,0.0,0.0,0.0,0.0,0.0,0.0,0.0,inf,0.0,0.0,50000.0,50000.0,50000.0,0.0,0.0,0.0,0.0,0,0,0,0,216,0,108,0.0
2026-01-25 19:04:07.646773,0.0376603,0,0,0,0.0,0.0,0.0,0.0,0.0,0.0,0.0,inf,0.0,0.0,50000.0,50000.0,50000.0,0.0,0.0,0.0,0.0,0,0,0,0,218,0,109,0.0
2026-01-25 19:04:07.665678,0.03797536666666667,0,0,0,0.0,0.0,0.0,0.0,0.0,0.0,0.0,inf,0.0,0.0,50000.0,50000.0,50000.0,0.0,0.0,0.0,0.0,0,0,0,0,220,0,110,0.0
2026-01-25 19:04:07.683446,0.0382715,0,0,0,0.0,0.0,0.0,0.0,0.0,0.0,0.0,inf,0.0,0.0,50000.0,50000.0,50000.0,0.0,0.0,0.0,0.0,0,0,0,0,222,0,111,0.0
2026-01-25 19:04:07.701054,0.038564966666666665,0,0,0,0.0,0.0,0.0,0.0,0.0,0.0,0.0,inf,0.0,0.0,50000.0,50000.0,50000.0,0.0,0.0,0.0,0.0,0,0,0,0,224,0,112,0.0
2026-01-25 19:04:07.719519,0.03887271666666667,0,0,0,0.0,0.0,0.0,0.0,0.0,0.0,0.0,inf,0.0,0.0,50000.0,50000.0,50000.0,0.0,0.0,0.0,0.0,0,0,0,0,226,0,113,0.0
2026-01-25 19:04:07.737578,0.0391737,0,0,0,0.0,0.0,0.0,0.0,0.0,0.0,0.0,inf,0.0,0.0,50000.0,50000.0,50000.0,0.0,0.0,0.0,0.0,0,0,0,0,228,0,114,0.0
2026-01-25 19:04:07.756356,0.039486683333333335,0,0,0,0.0,0.0,0.0,0.0,0.0,0.0,0.0,inf,0.0,0.0,50000.0,50000.0,50000.0,0.0,0.0,0.0,0.0,0,0,0,1,230,1,114,0.43478260869565216
2026-01-25 19:04:07.774943,0.03979645,0,0,0,0.0,0.0,0.0,0.0,0.0,0.0,0.0,inf,0.0,0.0,50000.0,49988.75,50000.0,-0.0225,-11.25,11.25,0.0225,0,0,0,1,232,1,115,0.43103448275862066
2026-01-25 19:04:07.793150,0.0400999,0,0,0,0.0,0.0,0.0,0.0,0.0,0.0,0.0,inf,0.0,0.0,50000.0,49956.25,50000.0,-0.08750000000000001,-43.75,43.75,0.08750000000000001,0,0,0,1,234,1,116,0.4273504273504274
2026-01-25 19:04:07.811883,0.040412133333333336,1,0,1,0.0,-56.24,0.0,56.24,0.0,56.24,-56.24,0.0,0.0,-56.24,50000.0,49943.76,50000.0,-0.11247999999999593,-56.23999999999796,56.23999999999796,0.11247999999999593,-1,0,1,0,236,1,117,0.423728813559322
2026-01-25 19:04:07.831026,0.04073118333333334,1,0,1,0.0,-56.24,0.0,56.24,0.0,56.24,-56.24,0.0,0.0,-56.24,50000.0,49943.76,50000.0,-0.11247999999999593,-56.23999999999796,56.23999999999796,0.11247999999999593,-1,0,1,0,238,1,118,0.42016806722689076
2026-01-25 19:04:07.849144,0.04103313333333333,1,0,1,0.0,-56.24,0.0,56.24,0.0,56.24,-56.24,0.0,0.0,-56.24,50000.0,49943.76,50000.0,-0.11247999999999593,-56.23999999999796,56.23999999999796,0.11247999999999593,-1,0,1,1,240,2,118,0.8333333333333334
2026-01-25 19:04:07.867141,0.04133308333333333,1,0,1,0.0,-56.24,0.0,56.24,0.0,56.24,-56.24,0.0,0.0,-56.24,50000.0,49945.01,50000.0,-0.10997999999999591,-54.98999999999796,56.23999999999796,0.11247999999999593,-1,0,1,2,242,3,118,1.2396694214876034
2026-01-25 19:04:07.885193,0.04163395,1,0,1,0.0,-56.24,0.0,56.24,0.0,56.24,-56.24,0.0,0.0,-56.24,50000.0,49900.01,50000.0,-0.1999799999999959,-99.98999999999796,99.98999999999796,0.1999799999999959,-1,0,1,2,244,3,119,1.2295081967213115
2026-01-25 19:04:07.903603,0.0419408,3,0,3,0.0,-171.22,0.0,171.22,0.0,57.07333333333333,-57.07333333333333,0.0,0.0,-58.74,50000.0,49828.78,50000.0,-0.3424400000000023,-171.22000000000116,171.22000000000116,0.3424400000000023,-3,0,3,0,246,3,120,1.2195121951219512
2026-01-25 19:04:07.921704,0.042242466666666666,3,0,3,0.0,-171.22,0.0,171.22,0.0,57.07333333333333,-57.07333333333333,0.0,0.0,-58.74,50000.0,49828.78,50000.0,-0.3424400000000023,-171.22000000000116,171.22000000000116,0.3424400000000023,-3,0,3,0,248,3,121,1.2096774193548387
2026-01-25 19:04:07.941342,0.04256976666666667,3,0,3,0.0,-171.22,0.0,171.22,0.0,57.07333333333333,-57.07333333333333,0.0,0.0,-58.74,50000.0,49828.78,50000.0,-0.3424400000000023,-171.22000000000116,171.22000000000116,0.3424400000000023,-3,0,3,0,250,3,122,1.2
2026-01-25 19:04:07.961383,0.042903800000000006,3,0,3,0.0,-171.22,0.0,171.22,0.0,57.07333333333333,-57.07333333333333,0.0,0.0,-58.74,50000.0,49828.78,50000.0,-0.3424400000000023,-171.22000000000116,171.22000000000116,0.3424400000000023,-3,0,3,0,252,3,123,1.1904761904761905
2026-01-25 19:04:07.979541,0.04320641666666667,3,0,3,0.0,-171.22,0.0,171.22,0.0,57.07333333333333,-57.07333333333333,0.0,0.0,-58.74,50000.0,49828.78,50000.0,-0.3424400000000023,-171.22000000000116,171.22000000000116,0.3424400000000023,-3,0,3,0,254,3,124,1.1811023622047243
2026-01-25 19:04:07.998701,0.04352576666666667,3,0,3,0.0,-171.22,0.0,171.22,0.0,57.07333333333333,-57.07333333333333,0.0,0.0,-58.74,50000.0,49828.78,50000.0,-0.3424400000000023,-171.22000000000116,171.22000000000116,0.3424400000000023,-3,0,3,0,256,3,125,1.171875
2026-01-25 19:04:08.016595,0.043824,3,0,3,0.0,-171.22,0.0,171.22,0.0,57.07333333333333,-57.07333333333333,0.0,0.0,-58.74,50000.0,49828.78,50000.0,-0.3424400000000023,-171.22000000000116,171.22000000000116,0.3424400000000023,-3,0,3,0,258,3,126,1.1627906976744187
2026-01-25 19:04:08.034707,0.04412585,3,0,3,0.0,-171.22,0.0,171.22,0.0,57.07333333333333,-57.07333333333333,0.0,0.0,-58.74,50000.0,49828.78,50000.0,-0.3424400000000023,-171.22000000000116,171.22000000000116,0.3424400000000023,-3,0,3,0,260,3,127,1.153846153846154
2026-01-25 19:04:08.052331,0.04441978333333333,3,0,3,0.0,-171.22,0.0,171.22,0.0,57.07333333333333,-57.07333333333333,0.0,0.0,-58.74,50000.0,49828.78,50000.0,-0.3424400000000023,-171.22000000000116,171.22000000000116,0.3424400000000023,-3,0,3,0,262,3,128,1.1450381679389312
2026-01-25 19:04:08.071963,0.04474678333333334,3,0,3,0.0,-171.22,0.0,171.22,0.0,57.07333333333333,-57.07333333333333,0.0,0.0,-58.74,50000.0,49828.78,50000.0,-0.3424400000000023,-171.22000000000116,171.22000000000116,0.3424400000000023,-3,0,3,0,264,3,129,1.1363636363636365
2026-01-25 19:04:08.089768,0.04504353333333333,3,0,3,0.0,-171.22,0.0,171.22,0.0,57.07333333333333,-57.07333333333333,0.0,0.0,-58.74,50000.0,49828.78,50000.0,-0.3424400000000023,-171.22000000000116,171.22000000000116,0.3424400000000023,-3,0,3,0,266,3,130,1.1278195488721803
2026-01-25 19:04:08.107749,0.045343216666666665,3,0,3,0.0,-171.22,0.0,171.22,0.0,57.07333333333333,-57.07333333333333,0.0,0.0,-58.74,50000.0,49828.78,50000.0,-0.3424400000000023,-171.22000000000116,171.22000000000116,0.3424400000000023,-3,0,3,0,268,3,131,1.1194029850746268
2026-01-25 19:04:08.126096,0.045649,3,0,3,0.0,-171.22,0.0,171.22,0.0,57.07333333333333,-57.07333333333333,0.0,0.0,-58.74,50000.0,49828.78,50000.0,-0.3424400000000023,-171.22000000000116,171.22000000000116,0.3424400000000023,-3,0,3,0,270,3,132,1.1111111111111112
2026-01-25 19:04:08.144072,0.0459486,3,0,3,0.0,-171.22,0.0,171.22,0.0,57.07333333333333,-57.07333333333333,0.0,0.0,-58.74,50000.0,49828.78,50000.0,-0.3424400000000023,-171.22000000000116,171.22000000000116,0.3424400000000023,-3,0,3,0,272,3,133,1.1029411764705883
2026-01-25 19:04:08.161633,0.046241300000000006,3,0,3,0.0,-171.22,0.0,171.22,0.0,57.07333333333333,-57.07333333333333,0.0,0.0,-58.74,50000.0,49828.78,50000.0,-0.3424400000000023,-171.22000000000116,171.22000000000116,0.3424400000000023,-3,0,3,1,274,4,133,1.4598540145985401
2026-01-25 19:04:08.179329,0.046536216666666665,3,0,3,0.0,-171.22,0.0,171.22,0.0,57.07333333333333,-57.07333333333333,0.0,0.0,-58.74,50000.0,49830.03,50000.0,-0.33994000000000235,-169.97000000000116,171.22000000000116,0.3424400000000023,-3,0,3,2,276,5,133,1.8115942028985508
2026-01-25 19:04:08.197533,0.04683961666666667,3,0,3,0.0,-171.22,0.0,171.22,0.0,57.07333333333333,-57.07333333333333,0.0,0.0,-58.74,50000.0,49847.53,50000.0,-0.3049400000000023,-152.47000000000116,171.22000000000116,0.3424400000000023,-3,0,3,3,278,6,133,2.158273381294964
2026-01-25 19:04:08.215792,0.04714393333333333,3,0,3,0.0,-171.22,0.0,171.22,0.0,57.07333333333333,-57.07333333333333,0.0,0.0,-58.74,50000.0,49877.53,50000.0,-0.24494000000000235,-122.47000000000116,171.22000000000116,0.3424400000000023,-3,0,3,3,280,6,134,2.142857142857143
2026-01-25 19:04:08.232986,0.0474305,3,0,3,0.0,-171.22,0.0,171.22,0.0,57.07333333333333,-57.07333333333333,0.0,0.0,-58.74,50000.0,49896.28,50000.0,-0.20744000000000232,-103.72000000000116,171.22000000000116,0.3424400000000023,-3,0,3,3,282,6,135,2.127659574468085
2026-01-25 19:04:08.250981,0.047730416666666664,3,0,3,0.0,-171.22,0.0,171.22,0.0,57.07333333333333,-57.07333333333333,0.0,0.0,-58.74,50000.0,49888.78,50000.0,-0.22244000000000236,-111.22000000000116,171.22000000000116,0.3424400000000023,-3,0,3,3,284,6,136,2.112676056338028
2026-01-25 19:04:08.269120,0.048032733333333334,3,0,3,0.0,-171.22,0.0,171.22,0.0,57.07333333333333,-57.07333333333333,0.0,0.0,-58.74,50000.0,49903.78,50000.0,-0.19244000000000233,-96.22000000000116,171.22000000000116,0.3424400000000023,-3,0,3,3,286,6,137,2.097902097902098
2026-01-25 19:04:08.287513,0.04833928333333334,5,2,3,40.0,-82.45000000000002,88.77,171.22,44.385,57.07333333333333,-16.490000000000002,0.5184557878752482,45.01,-58.74,50000.0,49955.05,50000.0,-0.08989999999999418,-44.94999999999709,171.22000000000116,0.3424400000000023,2,2,3,1,288,6,138,2.083333333333333
2026-01-25 19:04:08.305121,0.04863275,5,2,3,40.0,-82.45000000000002,88.77,171.22,44.385,57.07333333333333,-16.490000000000002,0.5184557878752482,45.01,-58.74,50000.0,49957.55,50000.0,-0.08489999999999417,-42.44999999999709,171.22000000000116,0.3424400000000023,2,2,3,1,290,6,139,2.0689655172413794
2026-01-25 19:04:08.323391,0.04893725,6,3,3,50.0,-39.94000000000002,131.28,171.22,43.76,57.07333333333333,-6.65666666666667,0.766732858310945,45.01,-58.74,50000.0,49960.06,50000.0,-0.07988000000000466,-39.94000000000233,171.22000000000116,0.3424400000000023,3,3,3,0,292,6,140,2.054794520547945
2026-01-25 19:04:08.341994,0.04924731666666667,6,3,3,50.0,-39.94000000000002,131.28,171.22,43.76,57.07333333333333,-6.65666666666667,0.766732858310945,45.01,-58.74,50000.0,49960.06,50000.0,-0.07988000000000466,-39.94000000000233,171.22000000000116,0.3424400000000023,3,3,3,0,294,6,141,2.0408163265306123
2026-01-25 19:04:08.360001,0.04954741666666666,6,3,3,50.0,-39.94000000000002,131.28,171.22,43.76,57.07333333333333,-6.65666666666667,0.766732858310945,45.01,-58.74,50000.0,49960.06,50000.0,-0.07988000000000466,-39.94000000000233,171.22000000000116,0.3424400000000023,3,3,3,0,296,6,142,2.027027027027027
2026-01-25 19:04:08.379056,0.049865,6,3,3,50.0,-39.94000000000002,131.28,171.22,43.76,57.07333333333333,-6.65666666666667,0.766732858310945,45.01,-58.74,50000.0,49960.06,50000.0,-0.07988000000000466,-39.94000000000233,171.22000000000116,0.3424400000000023,3,3,3,0,298,6,143,2.013422818791946
2026-01-25 19:04:08.398172,0.0501836,6,3,3,50.0,-39.94000000000002,131.28,171.22,43.76,57.07333333333333,-6.65666666666667,0.766732858310945,45.01,-58.74,50000.0,49960.06,50000.0,-0.07988000000000466,-39.94000000000233,171.22000000000116,0.3424400000000023,3,3,3,0,300,6,144,2.0
2026-01-25 19:04:08.416037,0.05048135,6,3,3,50.0,-39.94000000000002,131.28,171.22,43.76,57.07333333333333,-6.65666666666667,0.766732858310945,45.01,-58.74,50000.0,49960.06,50000.0,-0.07988000000000466,-39.94000000000233,171.22000000000116,0.3424400000000023,3,3,3,0,302,6,145,1.9867549668874174
2026-01-25 19:04:08.434008,0.050780900000000004,6,3,3,50.0,-39.94000000000002,131.28,171.22,43.76,57.07333333333333,-6.65666666666667,0.766732858310945,45.01,-58.74,50000.0,49960.06,50000.0,-0.07988000000000466,-39.94000000000233,171.22000000000116,0.3424400000000023,3,3,3,0,304,6,146,1.9736842105263157
2026-01-25 19:04:08.454502,0.051122433333333335,6,3,3,50.0,-39.94000000000002,131.28,171.22,43.76,57.07333333333333,-6.65666666666667,0.766732858310945,45.01,-58.74,50000.0,49960.06,50000.0,-0.07988000000000466,-39.94000000000233,171.22000000000116,0.3424400000000023,3,3,3,0,306,6,147,1.9607843137254901
2026-01-25 19:04:08.472271,0.05141858333333334,6,3,3,50.0,-39.94000000000002,131.28,171.22,43.76,57.07333333333333,-6.65666666666667,0.766732858310945,45.01,-58.74,50000.0,49960.06,50000.0,-0.07988000000000466,-39.94000000000233,171.22000000000116,0.3424400000000023,3,3,3,0,308,6,148,1.948051948051948
2026-01-25 19:04:08.489242,0.05170143333333333,6,3,3,50.0,-39.94000000000002,131.28,171.22,43.76,57.07333333333333,-6.65666666666667,0.766732858310945,45.01,-58.74,50000.0,49960.06,50000.0,-0.07988000000000466,-39.94000000000233,171.22000000000116,0.3424400000000023,3,3,3,0,310,6,149,1.935483870967742
2026-01-25 19:04:08.507865,0.05201181666666667,6,3,3,50.0,-39.94000000000002,131.28,171.22,43.76,57.07333333333333,-6.65666666666667,0.766732858310945,45.01,-58.74,50000.0,49960.06,50000.0,-0.07988000000000466,-39.94000000000233,171.22000000000116,0.3424400000000023,3,3,3,0,312,6,150,1.9230769230769231
2026-01-25 19:04:08.525613,0.05230763333333333,6,3,3,50.0,-39.94000000000002,131.28,171.22,43.76,57.07333333333333,-6.65666666666667,0.766732858310945,45.01,-58.74,50000.0,49960.06,50000.0,-0.07988000000000466,-39.94000000000233,171.22000000000116,0.3424400000000023,3,3,3,0,314,6,151,1.910828025477707
2026-01-25 19:04:08.547510,0.052672583333333335,6,3,3,50.0,-39.94000000000002,131.28,171.22,43.76,57.07333333333333,-6.65666666666667,0.766732858310945,45.01,-58.74,50000.0,49960.06,50000.0,-0.07988000000000466,-39.94000000000233,171.22000000000116,0.3424400000000023,3,3,3,0,316,6,152,1.89873417721519
2026-01-25 19:04:08.575490,0.053138950000000004,6,3,3,50.0,-39.94000000000002,131.28,171.22,43.76,57.07333333333333,-6.65666666666667,0.766732858310945,45.01,-58.74,50000.0,49960.06,50000.0,-0.07988000000000466,-39.94000000000233,171.22000000000116,0.3424400000000023,3,3,3,0,318,6,153,1.8867924528301887
2026-01-25 19:04:08.598973,0.05353028333333333,6,3,3,50.0,-39.94000000000002,131.28,171.22,43.76,57.07333333333333,-6.65666666666667,0.766732858310945,45.01,-58.74,50000.0,49960.06,50000.0,-0.07988000000000466,-39.94000000000233,171.22000000000116,0.3424400000000023,3,3,3,0,320,6,154,1.875
2026-01-25 19:04:08.619842,0.053878100000000005,6,3,3,50.0,-39.94000000000002,131.28,171.22,43.76,57.07333333333333,-6.65666666666667,0.766732858310945,45.01,-58.74,50000.0,49960.06,50000.0,-0.07988000000000466,-39.94000000000233,171.22000000000116,0.3424400000000023,3,3,3,0,322,6,155,1.8633540372670807
2026-01-25 19:04:08.638419,0.054187733333333335,6,3,3,50.0,-39.94000000000002,131.28,171.22,43.76,57.07333333333333,-6.65666666666667,0.766732858310945,45.01,-58.74,50000.0,49960.06,50000.0,-0.07988000000000466,-39.94000000000233,171.22000000000116,0.3424400000000023,3,3,3,0,324,6,156,1.8518518518518516
2026-01-25 19:04:08.657069,0.05449855,6,3,3,50.0,-39.94000000000002,131.28,171.22,43.76,57.07333333333333,-6.65666666666667,0.766732858310945,45.01,-58.74,50000.0,49960.06,50000.0,-0.07988000000000466,-39.94000000000233,171.22000000000116,0.3424400000000023,3,3,3,0,326,6,157,1.8404907975460123
2026-01-25 19:04:08.675806,0.05481085,6,3,3,50.0,-39.94000000000002,131.28,171.22,43.76,57.07333333333333,-6.65666666666667,0.766732858310945,45.01,-58.74,50000.0,49960.06,50000.0,-0.07988000000000466,-39.94000000000233,171.22000000000116,0.3424400000000023,3,3,3,0,328,6,158,1.8292682926829267
2026-01-25 19:04:08.693389,0.05510388333333334,6,3,3,50.0,-39.94000000000002,131.28,171.22,43.76,57.07333333333333,-6.65666666666667,0.766732858310945,45.01,-58.74,50000.0,49960.06,50000.0,-0.07988000000000466,-39.94000000000233,171.22000000000116,0.3424400000000023,3,3,3,0,330,6,159,1.8181818181818181
2026-01-25 19:04:08.711907,0.05541251666666667,6,3,3,50.0,-39.94000000000002,131.28,171.22,43.76,57.07333333333333,-6.65666666666667,0.766732858310945,45.01,-58.74,50000.0,49960.06,50000.0,-0.07988000000000466,-39.94000000000233,171.22000000000116,0.3424400000000023,3,3,3,0,332,6,160,1.8072289156626504
2026-01-25 19:04:08.730456,0.05572166666666667,6,3,3,50.0,-39.94000000000002,131.28,171.22,43.76,57.07333333333333,-6.65666666666667,0.766732858310945,45.01,-58.74,50000.0,49960.06,50000.0,-0.07988000000000466,-39.94000000000233,171.22000000000116,0.3424400000000023,3,3,3,0,334,6,161,1.7964071856287425
2026-01-25 19:04:08.749154,0.056033299999999994,6,3,3,50.0,-39.94000000000002,131.28,171.22,43.76,57.07333333333333,-6.65666666666667,0.766732858310945,45.01,-58.74,50000.0,49960.06,50000.0,-0.07988000000000466,-39.94000000000233,171.22000000000116,0.3424400000000023,3,3,3,0,336,6,162,1.7857142857142856
2026-01-25 19:04:08.766694,0.05632563333333333,6,3,3,50.0,-39.94000000000002,131.28,171.22,43.76,57.07333333333333,-6.65666666666667,0.766732858310945,45.01,-58.74,50000.0,49960.06,50000.0,-0.07988000000000466,-39.94000000000233,171.22000000000116,0.3424400000000023,3,3,3,0,338,6,163,1.7751479289940828
2026-01-25 19:04:08.784933,0.05662961666666667,6,3,3,50.0,-39.94000000000002,131.28,171.22,43.76,57.07333333333333,-6.65666666666667,0.766732858310945,45.01,-58.74,50000.0,49960.06,50000.0,-0.07988000000000466,-39.94000000000233,171.22000000000116,0.3424400000000023,3,3,3,0,340,6,164,1.7647058823529411
2026-01-25 19:04:08.803382,0.0569371,6,3,3,50.0,-39.94000000000002,131.28,171.22,43.76,57.07333333333333,-6.65666666666667,0.766732858310945,45.01,-58.74,50000.0,49960.06,50000.0,-0.07988000000000466,-39.94000000000233,171.22000000000116,0.3424400000000023,3,3,3,0,342,6,165,1.7543859649122806
2026-01-25 19:04:08.820760,0.05722673333333333,6,3,3,50.0,-39.94000000000002,131.28,171.22,43.76,57.07333333333333,-6.65666666666667,0.766732858310945,45.01,-58.74,50000.0,49960.06,50000.0,-0.07988000000000466,-39.94000000000233,171.22000000000116,0.3424400000000023,3,3,3,0,344,6,166,1.744186046511628
2026-01-25 19:04:08.838935,0.05752965,6,3,3,50.0,-39.94000000000002,131.28,171.22,43.76,57.07333333333333,-6.65666666666667,0.766732858310945,45.01,-58.74,50000.0,49960.06,50000.0,-0.07988000000000466,-39.94000000000233,171.22000000000116,0.3424400000000023,3,3,3,0,346,6,167,1.7341040462427744
2026-01-25 19:04:08.856808,0.057827533333333334,6,3,3,50.0,-39.94000000000002,131.28,171.22,43.76,57.07333333333333,-6.65666666666667,0.766732858310945,45.01,-58.74,50000.0,49960.06,50000.0,-0.07988000000000466,-39.94000000000233,171.22000000000116,0.3424400000000023,3,3,3,0,348,6,168,1.7241379310344827
2026-01-25 19:04:08.874510,0.05812256666666667,6,3,3,50.0,-39.94000000000002,131.28,171.22,43.76,57.07333333333333,-6.65666666666667,0.766732858310945,45.01,-58.74,50000.0,49960.06,50000.0,-0.07988000000000466,-39.94000000000233,171.22000000000116,0.3424400000000023,3,3,3,0,350,6,169,1.7142857142857144
2026-01-25 19:04:08.892189,0.05841721666666667,6,3,3,50.0,-39.94000000000002,131.28,171.22,43.76,57.07333333333333,-6.65666666666667,0.766732858310945,45.01,-58.74,50000.0,49960.06,50000.0,-0.07988000000000466,-39.94000000000233,171.22000000000116,0.3424400000000023,3,3,3,0,352,6,170,1.7045454545454544
2026-01-25 19:04:08.910157,0.05871668333333333,6,3,3,50.0,-39.94000000000002,131.28,171.22,43.76,57.07333333333333,-6.65666666666667,0.766732858310945,45.01,-58.74,50000.0,49960.06,50000.0,-0.07988000000000466,-39.94000000000233,171.22000000000116,0.3424400000000023,3,3,3,1,354,7,170,1.977401129943503
2026-01-25 19:04:08.927920,0.059012749999999996,6,3,3,50.0,-39.94000000000002,131.28,171.22,43.76,57.07333333333333,-6.65666666666667,0.766732858310945,45.01,-58.74,50000.0,49976.31,50000.0,-0.04738000000000466,-23.69000000000233,171.22000000000116,0.3424400000000023,3,3,3,1,356,7,171,1.9662921348314606
2026-01-25 19:04:08.948091,0.05934891666666667,6,3,3,50.0,-39.94000000000002,131.28,171.22,43.76,57.07333333333333,-6.65666666666667,0.766732858310945,45.01,-58.74,50000.0,49997.56,50000.0,-0.004880000000004657,-2.4400000000023283,171.22000000000116,0.3424400000000023,3,3,3,1,358,7,172,1.9553072625698324
2026-01-25 19:04:08.965982,0.059647099999999995,7,4,3,57.14285714285714,3.819999999999979,175.04,171.22,43.76,57.07333333333333,0.5457142857142827,1.0223104777479266,45.01,-58.74,50000.0,50003.82,50003.82,0.007639999999999417,3.819999999999709,171.22000000000116,0.3424138395826582,4,4,3,0,360,7,173,1.9444444444444444
2026-01-25 19:04:08.985768,0.05997686666666667,7,4,3,57.14285714285714,3.819999999999979,175.04,171.22,43.76,57.07333333333333,0.5457142857142827,1.0223104777479266,45.01,-58.74,50000.0,50003.82,50003.82,0.007639999999999417,3.819999999999709,171.22000000000116,0.3424138395826582,4,4,3,0,362,7,174,1.9337016574585635
2026-01-25 19:04:09.003805,0.0602775,7,4,3,57.14285714285714,3.819999999999979,175.04,171.22,43.76,57.07333333333333,0.5457142857142827,1.0223104777479266,45.01,-58.74,50000.0,50003.82,50003.82,0.007639999999999417,3.819999999999709,171.22000000000116,0.3424138395826582,4,4,3,0,364,7,175,1.9230769230769231
2026-01-25 19:04:09.047597,0.06100736666666667,7,4,3,57.14285714285714,3.819999999999979,175.04,171.22,43.76,57.07333333333333,0.5457142857142827,1.0223104777479266,45.01,-58.74,50000.0,50003.82,50003.82,0.007639999999999417,3.819999999999709,171.22000000000116,0.3424138395826582,4,4,3,0,366,7,176,1.912568306010929
2026-01-25 19:04:09.110746,0.062059833333333335,7,4,3,57.14285714285714,3.819999999999979,175.04,171.22,43.76,57.07333333333333,0.5457142857142827,1.0223104777479266,45.01,-58.74,50000.0,50003.82,50003.82,0.007639999999999417,3.819999999999709,171.22000000000116,0.3424138395826582,4,4,3,0,368,7,177,1.9021739130434785
2026-01-25 19:04:09.150132,0.06271628333333333,7,4,3,57.14285714285714,3.819999999999979,175.04,171.22,43.76,57.07333333333333,0.5457142857142827,1.0223104777479266,45.01,-58.74,50000.0,50003.82,50003.82,0.007639999999999417,3.819999999999709,171.22000000000116,0.3424138395826582,4,4,3,0,370,7,178,1.891891891891892
2026-01-25 19:04:09.191951,0.06341325,7,4,3,57.14285714285714,3.819999999999979,175.04,171.22,43.76,57.07333333333333,0.5457142857142827,1.0223104777479266,45.01,-58.74,50000.0,50003.82,50003.82,0.007639999999999417,0.0,171.22000000000116,0.3424138395826582,4,4,3,0,372,7,179,1.881720430107527
2026-01-25 19:04:09.209349,0.06370321666666666,7,4,3,57.14285714285714,3.819999999999979,175.04,171.22,43.76,57.07333333333333,0.5457142857142827,1.0223104777479266,45.01,-58.74,50000.0,50003.82,50003.82,0.007639999999999417,0.0,171.22000000000116,0.3424138395826582,4,4,3,0,374,7,180,1.8716577540106951
2026-01-25 19:04:09.228015,0.06401433333333334,7,4,3,57.14285714285714,3.819999999999979,175.04,171.22,43.76,57.07333333333333,0.5457142857142827,1.0223104777479266,45.01,-58.74,50000.0,50003.82,50003.82,0.007639999999999417,0.0,171.22000000000116,0.3424138395826582,4,4,3,0,376,7,181,1.8617021276595744
2026-01-25 19:04:09.245557,0.06430668333333334,7,4,3,57.14285714285714,3.819999999999979,175.04,171.22,43.76,57.07333333333333,0.5457142857142827,1.0223104777479266,45.01,-58.74,50000.0,50003.82,50003.82,0.007639999999999417,0.0,171.22000000000116,0.3424138395826582,4,4,3,0,378,7,182,1.8518518518518516
2026-01-25 19:04:09.264471,0.06462191666666667,7,4,3,57.14285714285714,3.819999999999979,175.04,171.22,43.76,57.07333333333333,0.5457142857142827,1.0223104777479266,45.01,-58.74,50000.0,50003.82,50003.82,0.007639999999999417,0.0,171.22000000000116,0.3424138395826582,4,4,3,0,380,7,183,1.8421052631578945
2026-01-25 19:04:09.282350,0.0649199,7,4,3,57.14285714285714,3.819999999999979,175.04,171.22,43.76,57.07333333333333,0.5457142857142827,1.0223104777479266,45.01,-58.74,50000.0,50003.82,50003.82,0.007639999999999417,0.0,171.22000000000116,0.3424138395826582,4,4,3,0,382,7,184,1.832460732984293
2026-01-25 19:04:09.300644,0.0652248,7,4,3,57.14285714285714,3.819999999999979,175.04,171.22,43.76,57.07333333333333,0.5457142857142827,1.0223104777479266,45.01,-58.74,50000.0,50003.82,50003.82,0.007639999999999417,0.0,171.22000000000116,0.3424138395826582,4,4,3,0,384,7,185,1.8229166666666667
2026-01-25 19:04:09.318495,0.06552231666666666,7,4,3,57.14285714285714,3.819999999999979,175.04,171.22,43.76,57.07333333333333,0.5457142857142827,1.0223104777479266,45.01,-58.74,50000.0,50003.82,50003.82,0.007639999999999417,0.0,171.22000000000116,0.3424138395826582,4,4,3,0,386,7,186,1.8134715025906734
2026-01-25 19:04:09.336005,0.06581415,7,4,3,57.14285714285714,3.819999999999979,175.04,171.22,43.76,57.07333333333333,0.5457142857142827,1.0223104777479266,45.01,-58.74,50000.0,50003.82,50003.82,0.007639999999999417,0.0,171.22000000000116,0.3424138395826582,4,4,3,0,388,7,187,1.804123711340206
2026-01-25 19:04:09.352760,0.0660934,7,4,3,57.14285714285714,3.819999999999979,175.04,171.22,43.76,57.07333333333333,0.5457142857142827,1.0223104777479266,45.01,-58.74,50000.0,50003.82,50003.82,0.007639999999999417,0.0,171.22000000000116,0.3424138395826582,4,4,3,0,390,7,188,1.7948717948717947
2026-01-25 19:04:09.371015,0.06639765,7,4,3,57.14285714285714,3.819999999999979,175.04,171.22,43.76,57.07333333333333,0.5457142857142827,1.0223104777479266,45.01,-58.74,50000.0,50003.82,50003.82,0.007639999999999417,0.0,171.22000000000116,0.3424138395826582,4,4,3,1,392,8,188,2.0408163265306123
2026-01-25 19:04:09.389310,0.06670256666666667,7,4,3,57.14285714285714,3.819999999999979,175.04,171.22,43.76,57.07333333333333,0.5457142857142827,1.0223104777479266,45.01,-58.74,50000.0,49976.32,50003.82,-0.04736000000000058,-27.5,171.22000000000116,0.3424138395826582,4,4,3,2,394,9,188,2.284263959390863
2026-01-25 19:04:09.407127,0.06699951666666666,7,4,3,57.14285714285714,3.819999999999979,175.04,171.22,43.76,57.07333333333333,0.5457142857142827,1.0223104777479266,45.01,-58.74,50000.0,50018.82,50018.82,0.03763999999999942,15.0,171.22000000000116,0.342311154081606,4,4,3,2,396,9,189,2.272727272727273
2026-01-25 19:04:09.425010,0.06729756666666667,7,4,3,57.14285714285714,3.819999999999979,175.04,171.22,43.76,57.07333333333333,0.5457142857142827,1.0223104777479266,45.01,-58.74,50000.0,50058.82,50058.82,0.11763999999999941,55.0,171.22000000000116,0.3420376269356752,4,4,3,2,398,9,190,2.261306532663317
2026-01-25 19:04:09.443013,0.06759761666666667,7,4,3,57.14285714285714,3.819999999999979,175.04,171.22,43.76,57.07333333333333,0.5457142857142827,1.0223104777479266,45.01,-58.74,50000.0,50046.32,50058.82,0.09263999999999942,42.5,171.22000000000116,0.3420376269356752,4,4,3,2,400,9,191,2.25
2026-01-25 19:04:09.461064,0.06789846666666667,7,4,3,57.14285714285714,3.819999999999979,175.04,171.22,43.76,57.07333333333333,0.5457142857142827,1.0223104777479266,45.01,-58.74,50000.0,50043.82,50058.82,0.08763999999999941,40.0,171.22000000000116,0.3420376269356752,4,4,3,2,402,9,192,2.2388059701492535
2026-01-25 19:04:09.478689,0.06819221666666667,7,4,3,57.14285714285714,3.819999999999979,175.04,171.22,43.76,57.07333333333333,0.5457142857142827,1.0223104777479266,45.01,-58.74,50000.0,50043.82,50058.82,0.08763999999999941,40.0,171.22000000000116,0.3420376269356752,4,4,3,2,404,9,193,2.2277227722772275
2026-01-25 19:04:09.499222,0.06853443333333334,7,4,3,57.14285714285714,3.819999999999979,175.04,171.22,43.76,57.07333333333333,0.5457142857142827,1.0223104777479266,45.01,-58.74,50000.0,50046.32,50058.82,0.09263999999999942,42.5,171.22000000000116,0.3420376269356752,4,4,3,3,406,10,193,2.4630541871921183
2026-01-25 19:04:09.518202,0.06885076666666667,7,4,3,57.14285714285714,3.819999999999979,175.04,171.22,43.76,57.07333333333333,0.5457142857142827,1.0223104777479266,45.01,-58.74,50000.0,50038.82,50058.82,0.07763999999999942,35.0,171.22000000000116,0.3420376269356752,4,4,3,4,408,11,193,2.696078431372549
2026-01-25 19:04:09.538454,0.06918831666666667,7,4,3,57.14285714285714,3.819999999999979,175.04,171.22,43.76,57.07333333333333,0.5457142857142827,1.0223104777479266,45.01,-58.74,50000.0,50033.82,50058.82,0.06763999999999942,30.0,171.22000000000116,0.3420376269356752,4,4,3,4,410,11,194,2.682926829268293
2026-01-25 19:04:09.564656,0.06962501666666668,7,4,3,57.14285714285714,3.819999999999979,175.04,171.22,43.76,57.07333333333333,0.5457142857142827,1.0223104777479266,45.01,-58.74,50000.0,50093.82,50093.82,0.18763999999999942,90.0,171.22000000000116,0.3417986490149906,4,4,3,4,412,11,195,2.669902912621359
2026-01-25 19:04:09.598309,0.07018588333333334,7,4,3,57.14285714285714,3.819999999999979,175.04,171.22,43.76,57.07333333333333,0.5457142857142827,1.0223104777479266,45.01,-58.74,50000.0,50058.82,50093.82,0.11763999999999941,55.0,171.22000000000116,0.3417986490149906,4,4,3,4,414,11,196,2.657004830917874
2026-01-25 19:04:09.621954,0.07057996666666666,7,4,3,57.14285714285714,3.819999999999979,175.04,171.22,43.76,57.07333333333333,0.5457142857142827,1.0223104777479266,45.01,-58.74,50000.0,50098.82,50098.82,0.1976399999999994,95.0,171.22000000000116,0.3417645365699255,4,4,3,4,416,11,197,2.644230769230769
2026-01-25 19:04:09.644997,0.07096405,7,4,3,57.14285714285714,3.819999999999979,175.04,171.22,43.76,57.07333333333333,0.5457142857142827,1.0223104777479266,45.01,-58.74,50000.0,50093.82,50098.82,0.18763999999999942,90.0,171.22000000000116,0.3417645365699255,4,4,3,4,418,11,198,2.631578947368421
2026-01-25 19:04:09.669191,0.07136725,7,4,3,57.14285714285714,3.819999999999979,175.04,171.22,43.76,57.07333333333333,0.5457142857142827,1.0223104777479266,45.01,-58.74,50000.0,50128.82,50128.82,0.2576399999999994,125.0,171.22000000000116,0.3415600048036263,4,4,3,4,420,11,199,2.619047619047619
2026-01-25 19:04:09.692750,0.07175991666666667,7,4,3,57.14285714285714,3.819999999999979,175.04,171.22,43.76,57.07333333333333,0.5457142857142827,1.0223104777479266,45.01,-58.74,50000.0,50108.82,50128.82,0.21763999999999942,105.0,171.22000000000116,0.3415600048036263,4,4,3,4,422,11,200,2.6066350710900474
2026-01-25 19:04:09.715504,0.07213913333333334,7,4,3,57.14285714285714,3.819999999999979,175.04,171.22,43.76,57.07333333333333,0.5457142857142827,1.0223104777479266,45.01,-58.74,50000.0,50048.82,50128.82,0.09763999999999941,45.0,171.22000000000116,0.3415600048036263,4,4,3,4,424,11,201,2.5943396226415096
2026-01-25 19:04:09.737242,0.07250145000000001,7,4,3,57.14285714285714,3.819999999999979,175.04,171.22,43.76,57.07333333333333,0.5457142857142827,1.0223104777479266,45.01,-58.74,50000.0,50008.82,50128.82,0.017639999999999417,5.0,171.22000000000116,0.3415600048036263,4,4,3,4,426,11,202,2.5821596244131455
2026-01-25 19:04:09.758428,0.07285453333333333,7,4,3,57.14285714285714,3.819999999999979,175.04,171.22,43.76,57.07333333333333,0.5457142857142827,1.0223104777479266,45.01,-58.74,50000.0,49983.82,50128.82,-0.03236000000000058,-20.0,171.22000000000116,0.3415600048036263,4,4,3,4,428,11,203,2.570093457943925
2026-01-25 19:04:09.791752,0.07340993333333333,7,4,3,57.14285714285714,3.819999999999979,175.04,171.22,43.76,57.07333333333333,0.5457142857142827,1.0223104777479266,45.01,-58.74,50000.0,49973.82,50128.82,-0.05236000000000058,-30.0,171.22000000000116,0.3415600048036263,4,4,3,4,430,11,204,2.558139534883721
2026-01-25 19:04:09.812510,0.0737559,7,4,3,57.14285714285714,3.819999999999979,175.04,171.22,43.76,57.07333333333333,0.5457142857142827,1.0223104777479266,45.01,-58.74,50000.0,49958.82,50128.82,-0.08236000000000059,-45.0,171.22000000000116,0.3415600048036263,4,4,3,4,432,11,205,2.5462962962962963
2026-01-25 19:04:09.830590,0.07405723333333333,7,4,3,57.14285714285714,3.819999999999979,175.04,171.22,43.76,57.07333333333333,0.5457142857142827,1.0223104777479266,45.01,-58.74,50000.0,49943.82,50128.82,-0.11236000000000058,-60.0,185.0,0.3690491816882983,4,4,3,4,434,11,206,2.5345622119815667
2026-01-25 19:04:09.848686,0.07435885,7,4,3,57.14285714285714,3.819999999999979,175.04,171.22,43.76,57.07333333333333,0.5457142857142827,1.0223104777479266,45.01,-58.74,50000.0,49953.82,50128.82,-0.09236000000000058,-50.0,185.0,0.3690491816882983,4,4,3,4,436,11,207,2.522935779816514
2026-01-25 19:04:09.866574,0.07465696666666667,7,4,3,57.14285714285714,3.819999999999979,175.04,171.22,43.76,57.07333333333333,0.5457142857142827,1.0223104777479266,45.01,-58.74,50000.0,49933.82,50128.82,-0.13236000000000056,-70.0,195.0,0.3889977861038819,4,4,3,4,438,11,208,2.5114155251141552
2026-01-25 19:04:09.884035,0.07494798333333333,7,4,3,57.14285714285714,3.819999999999979,175.04,171.22,43.76,57.07333333333333,0.5457142857142827,1.0223104777479266,45.01,-58.74,50000.0,49903.82,50128.82,-0.19236000000000059,-100.0,225.0,0.448843599350633,4,4,3,4,440,11,209,2.5
2026-01-25 19:04:09.902670,0.07525856666666667,7,4,3,57.14285714285714,3.819999999999979,175.04,171.22,43.76,57.07333333333333,0.5457142857142827,1.0223104777479266,45.01,-58.74,50000.0,49938.82,50128.82,-0.1223600000000006,-65.0,225.0,0.448843599350633,4,4,3,4,442,11,210,2.48868778280543
2026-01-25 19:04:09.920557,0.07555668333333333,7,4,3,57.14285714285714,3.819999999999979,175.04,171.22,43.76,57.07333333333333,0.5457142857142827,1.0223104777479266,45.01,-58.74,50000.0,50043.82,50128.82,0.08763999999999941,40.0,225.0,0.448843599350633,4,4,3,4,444,11,211,2.4774774774774775
2026-01-25 19:04:09.938195,0.0758507,7,4,3,57.14285714285714,3.819999999999979,175.04,171.22,43.76,57.07333333333333,0.5457142857142827,1.0223104777479266,45.01,-58.74,50000.0,50008.82,50128.82,0.017639999999999417,5.0,225.0,0.448843599350633,4,4,3,4,446,11,212,2.4663677130044843
2026-01-25 19:04:09.956776,0.07616033333333333,7,4,3,57.14285714285714,3.819999999999979,175.04,171.22,43.76,57.07333333333333,0.5457142857142827,1.0223104777479266,45.01,-58.74,50000.0,50023.82,50128.82,0.04763999999999942,20.0,225.0,0.448843599350633,4,4,3,4,448,11,213,2.455357142857143
2026-01-25 19:04:09.975492,0.07647226666666666,7,4,3,57.14285714285714,3.819999999999979,175.04,171.22,43.76,57.07333333333333,0.5457142857142827,1.0223104777479266,45.01,-58.74,50000.0,50028.82,50128.82,0.057639999999999414,25.0,225.0,0.448843599350633,4,4,3,4,450,11,214,2.4444444444444446
2026-01-25 19:04:09.993852,0.07677826666666668,7,4,3,57.14285714285714,3.819999999999979,175.04,171.22,43.76,57.07333333333333,0.5457142857142827,1.0223104777479266,45.01,-58.74,50000.0,49998.82,50128.82,-0.002360000000000582,-5.0,225.0,0.448843599350633,4,4,3,4,452,11,215,2.433628318584071
2026-01-25 19:04:10.012662,0.07709178333333333,7,4,3,57.14285714285714,3.819999999999979,175.04,171.22,43.76,57.07333333333333,0.5457142857142827,1.0223104777479266,45.01,-58.74,50000.0,50028.82,50128.82,0.057639999999999414,25.0,225.0,0.448843599350633,4,4,3,4,454,11,216,2.4229074889867843
2026-01-25 19:04:10.031337,0.07740301666666666,7,4,3,57.14285714285714,3.819999999999979,175.04,171.22,43.76,57.07333333333333,0.5457142857142827,1.0223104777479266,45.01,-58.74,50000.0,49988.82,50128.82,-0.02236000000000058,-15.0,225.0,0.448843599350633,4,4,3,4,456,11,217,2.4122807017543857
2026-01-25 19:04:10.049174,0.0777003,7,4,3,57.14285714285714,3.819999999999979,175.04,171.22,43.76,57.07333333333333,0.5457142857142827,1.0223104777479266,45.01,-58.74,50000.0,50063.82,50128.82,0.12763999999999942,60.0,225.0,0.448843599350633,4,4,3,4,458,11,218,2.4017467248908297
2026-01-25 19:04:10.067808,0.07801086666666666,7,4,3,57.14285714285714,3.819999999999979,175.04,171.22,43.76,57.07333333333333,0.5457142857142827,1.0223104777479266,45.01,-58.74,50000.0,50038.82,50128.82,0.07763999999999942,35.0,225.0,0.448843599350633,4,4,3,4,460,11,219,2.391304347826087
2026-01-25 19:04:10.086070,0.07831523333333333,7,4,3,57.14285714285714,3.819999999999979,175.04,171.22,43.76,57.07333333333333,0.5457142857142827,1.0223104777479266,45.01,-58.74,50000.0,49988.82,50128.82,-0.02236000000000058,-15.0,225.0,0.448843599350633,4,4,3,4,462,11,220,2.380952380952381
2026-01-25 19:04:10.103534,0.07860629999999999,7,4,3,57.14285714285714,3.819999999999979,175.04,171.22,43.76,57.07333333333333,0.5457142857142827,1.0223104777479266,45.01,-58.74,50000.0,49998.82,50128.82,-0.002360000000000582,-5.0,225.0,0.448843599350633,4,4,3,4,464,11,221,2.3706896551724137
2026-01-25 19:04:10.122606,0.07892416666666667,7,4,3,57.14285714285714,3.819999999999979,175.04,171.22,43.76,57.07333333333333,0.5457142857142827,1.0223104777479266,45.01,-58.74,50000.0,50008.82,50128.82,0.017639999999999417,5.0,225.0,0.448843599350633,4,4,3,4,466,11,222,2.3605150214592276
2026-01-25 19:04:10.140353,0.07921996666666667,7,4,3,57.14285714285714,3.819999999999979,175.04,171.22,43.76,57.07333333333333,0.5457142857142827,1.0223104777479266,45.01,-58.74,50000.0,50068.82,50128.82,0.13763999999999943,65.0,225.0,0.448843599350633,4,4,3,4,468,11,223,2.3504273504273505
2026-01-25 19:04:10.158314,0.07951931666666666,7,4,3,57.14285714285714,3.819999999999979,175.04,171.22,43.76,57.07333333333333,0.5457142857142827,1.0223104777479266,45.01,-58.74,50000.0,50098.82,50128.82,0.1976399999999994,95.0,225.0,0.448843599350633,4,4,3,4,470,11,224,2.3404255319148937
2026-01-25 19:04:10.176242,0.0798181,7,4,3,57.14285714285714,3.819999999999979,175.04,171.22,43.76,57.07333333333333,0.5457142857142827,1.0223104777479266,45.01,-58.74,50000.0,50128.82,50128.82,0.2576399999999994,125.0,225.0,0.448843599350633,4,4,3,4,472,11,225,2.330508474576271
2026-01-25 19:04:10.194559,0.0801234,7,4,3,57.14285714285714,3.819999999999979,175.04,171.22,43.76,57.07333333333333,0.5457142857142827,1.0223104777479266,45.01,-58.74,50000.0,50153.82,50153.82,0.3076399999999994,150.0,225.0,0.4486198658447153,4,4,3,4,474,11,226,2.320675105485232
2026-01-25 19:04:10.211721,0.08040941666666666,7,4,3,57.14285714285714,3.819999999999979,175.04,171.22,43.76,57.07333333333333,0.5457142857142827,1.0223104777479266,45.01,-58.74,50000.0,50168.82,50168.82,0.33763999999999944,165.0,225.0,0.4484857327718691,4,4,3,4,476,11,227,2.3109243697478994
2026-01-25 19:04:10.229702,0.08070911666666666,7,4,3,57.14285714285714,3.819999999999979,175.04,171.22,43.76,57.07333333333333,0.5457142857142827,1.0223104777479266,45.01,-58.74,50000.0,50163.82,50168.82,0.3276399999999994,160.0,225.0,0.4484857327718691,4,4,3,4,478,11,228,2.301255230125523
2026-01-25 19:04:10.247292,0.08100228333333333,7,4,3,57.14285714285714,3.819999999999979,175.04,171.22,43.76,57.07333333333333,0.5457142857142827,1.0223104777479266,45.01,-58.74,50000.0,50168.82,50168.82,0.33763999999999944,165.0,225.0,0.4484857327718691,4,4,3,4,480,11,229,2.2916666666666665
2026-01-25 19:04:10.265166,0.08130016666666666,7,4,3,57.14285714285714,3.819999999999979,175.04,171.22,43.76,57.07333333333333,0.5457142857142827,1.0223104777479266,45.01,-58.74,50000.0,50073.82,50168.82,0.14763999999999944,70.0,225.0,0.4484857327718691,4,4,3,4,482,11,230,2.2821576763485476
2026-01-25 19:04:10.283255,0.08160163333333334,7,4,3,57.14285714285714,3.819999999999979,175.04,171.22,43.76,57.07333333333333,0.5457142857142827,1.0223104777479266,45.01,-58.74,50000.0,49958.82,50168.82,-0.08236000000000059,-45.0,225.0,0.4484857327718691,4,4,3,5,484,12,230,2.479338842975207
2026-01-25 19:04:10.301417,0.08190435,7,4,3,57.14285714285714,3.819999999999979,175.04,171.22,43.76,57.07333333333333,0.5457142857142827,1.0223104777479266,45.01,-58.74,50000.0,49927.57,50168.82,-0.14486000000000057,-76.25,241.25,0.4808763690276152,4,4,3,5,486,12,231,2.4691358024691357
2026-01-25 19:04:10.319147,0.08219991666666666,7,4,3,57.14285714285714,3.819999999999979,175.04,171.22,43.76,57.07333333333333,0.5457142857142827,1.0223104777479266,45.01,-58.74,50000.0,49940.07,50168.82,-0.11986000000000058,-63.75,241.25,0.4808763690276152,4,4,3,5,488,12,232,2.459016393442623
2026-01-25 19:04:10.336545,0.08248981666666667,7,4,3,57.14285714285714,3.819999999999979,175.04,171.22,43.76,57.07333333333333,0.5457142857142827,1.0223104777479266,45.01,-58.74,50000.0,50008.82,50168.82,0.017639999999999417,5.0,241.25,0.4808763690276152,4,4,3,5,490,12,233,2.4489795918367347
2026-01-25 19:04:10.354967,0.08279685,7,4,3,57.14285714285714,3.819999999999979,175.04,171.22,43.76,57.07333333333333,0.5457142857142827,1.0223104777479266,45.01,-58.74,50000.0,50008.82,50168.82,0.017639999999999417,5.0,241.25,0.4808763690276152,4,4,3,5,492,12,234,2.4390243902439024
2026-01-25 19:04:10.372957,0.08309668333333334,7,4,3,57.14285714285714,3.819999999999979,175.04,171.22,43.76,57.07333333333333,0.5457142857142827,1.0223104777479266,45.01,-58.74,50000.0,50027.57,50168.82,0.05513999999999942,23.75,241.25,0.4808763690276152,4,4,3,5,494,12,235,2.42914979757085
2026-01-25 19:04:10.390802,0.0833941,7,4,3,57.14285714285714,3.819999999999979,175.04,171.22,43.76,57.07333333333333,0.5457142857142827,1.0223104777479266,45.01,-58.74,50000.0,49933.82,50168.82,-0.13236000000000056,-70.0,241.25,0.4808763690276152,4,4,3,5,496,12,236,2.4193548387096775
2026-01-25 19:04:10.408999,0.08369739999999999,7,4,3,57.14285714285714,3.819999999999979,175.04,171.22,43.76,57.07333333333333,0.5457142857142827,1.0223104777479266,45.01,-58.74,50000.0,50021.32,50168.82,0.042639999999999414,17.5,241.25,0.4808763690276152,4,4,3,5,498,12,237,2.4096385542168677
2026-01-25 19:04:10.426674,0.08399196666666667,7,4,3,57.14285714285714,3.819999999999979,175.04,171.22,43.76,57.07333333333333,0.5457142857142827,1.0223104777479266,45.01,-58.74,50000.0,50071.32,50168.82,0.1426399999999994,67.5,241.25,0.4808763690276152,4,4,3,5,500,12,238,2.4
2026-01-25 19:04:10.445268,0.08430186666666667,7,4,3,57.14285714285714,3.819999999999979,175.04,171.22,43.76,57.07333333333333,0.5457142857142827,1.0223104777479266,45.01,-58.74,50000.0,50115.07,50168.82,0.23013999999999943,111.25,241.25,0.4808763690276152,4,4,3,5,502,12,239,2.3904382470119523
2026-01-25 19:04:10.465361,0.08463675,7,4,3,57.14285714285714,3.819999999999979,175.04,171.22,43.76,57.07333333333333,0.5457142857142827,1.0223104777479266,45.01,-58.74,50000.0,50146.32,50168.82,0.29263999999999946,142.5,241.25,0.4808763690276152,4,4,3,5,504,12,240,2.380952380952381
2026-01-25 19:04:10.483340,0.0849364,7,4,3,57.14285714285714,3.819999999999979,175.04,171.22,43.76,57.07333333333333,0.5457142857142827,1.0223104777479266,45.01,-58.74,50000.0,50158.82,50168.82,0.3176399999999994,155.0,241.25,0.4808763690276152,4,4,3,5,506,12,241,2.371541501976284
2026-01-25 19:04:10.501259,0.08523505,8,5,3,62.5,46.32999999999998,217.54999999999998,171.22,43.51,57.07333333333333,5.791249999999997,1.2705875481836233,45.01,-58.74,50000.0,50196.33,50196.33,0.3926600000000035,192.51000000000204,241.25,0.48061282567869007,5,5,3,4,508,12,242,2.3622047244094486
2026-01-25 19:04:10.519302,0.08553578333333332,8,5,3,62.5,46.32999999999998,217.54999999999998,171.22,43.51,57.07333333333333,5.791249999999997,1.2705875481836233,45.01,-58.74,50000.0,50181.33,50196.33,0.3626600000000035,177.51000000000204,241.25,0.48061282567869007,5,5,3,4,510,12,243,2.3529411764705883
2026-01-25 19:04:10.537180,0.08583373333333334,8,5,3,62.5,46.32999999999998,217.54999999999998,171.22,43.51,57.07333333333333,5.791249999999997,1.2705875481836233,45.01,-58.74,50000.0,50181.33,50196.33,0.3626600000000035,177.51000000000204,241.25,0.48061282567869007,5,5,3,4,512,12,244,2.34375
2026-01-25 19:04:10.554441,0.08612141666666666,8,5,3,62.5,46.32999999999998,217.54999999999998,171.22,43.51,57.07333333333333,5.791249999999997,1.2705875481836233,45.01,-58.74,50000.0,50161.33,50196.33,0.3226600000000035,157.51000000000204,241.25,0.48061282567869007,5,5,3,4,514,12,245,2.3346303501945527
2026-01-25 19:04:10.574146,0.08644985,8,5,3,62.5,46.32999999999998,217.54999999999998,171.22,43.51,57.07333333333333,5.791249999999997,1.2705875481836233,45.01,-58.74,50000.0,50116.33,50196.33,0.2326600000000035,112.51000000000204,241.25,0.48061282567869007,5,5,3,4,516,12,246,2.3255813953488373
2026-01-25 19:04:10.592024,0.0867478,8,5,3,62.5,46.32999999999998,217.54999999999998,171.22,43.51,57.07333333333333,5.791249999999997,1.2705875481836233,45.01,-58.74,50000.0,50106.33,50196.33,0.21266000000000349,102.51000000000204,241.25,0.48061282567869007,5,5,3,4,518,12,247,2.3166023166023164
2026-01-25 19:04:10.609748,0.08704321666666666,8,5,3,62.5,46.32999999999998,217.54999999999998,171.22,43.51,57.07333333333333,5.791249999999997,1.2705875481836233,45.01,-58.74,50000.0,50066.33,50196.33,0.1326600000000035,62.51000000000204,241.25,0.48061282567869007,5,5,3,4,520,12,248,2.307692307692308
2026-01-25 19:04:10.628204,0.0873508,8,5,3,62.5,46.32999999999998,217.54999999999998,171.22,43.51,57.07333333333333,5.791249999999997,1.2705875481836233,45.01,-58.74,50000.0,50086.33,50196.33,0.1726600000000035,82.51000000000204,241.25,0.48061282567869007,5,5,3,4,522,12,249,2.2988505747126435
2026-01-25 19:04:10.646173,0.0876503,8,5,3,62.5,46.32999999999998,217.54999999999998,171.22,43.51,57.07333333333333,5.791249999999997,1.2705875481836233,45.01,-58.74,50000.0,50146.33,50196.33,0.2926600000000035,142.51000000000204,241.25,0.48061282567869007,5,5,3,4,524,12,250,2.2900763358778624
2026-01-25 19:04:10.663718,0.0879427,9,6,3,66.66666666666666,122.58999999999997,293.81,171.22,48.968333333333334,57.07333333333333,13.621111111111109,1.7159794416540124,76.26,-58.74,50000.0,50260.09,50260.09,0.520179999999993,256.2699999999968,241.25,0.4800031197715723,6,6,3,3,526,12,251,2.2813688212927756
2026-01-25 19:04:10.681963,0.08824678333333333,12,9,3,75.0,331.36999999999995,502.59,171.22,55.843333333333334,57.07333333333333,27.614166666666662,2.9353463380446208,76.26,-58.74,50000.0,50331.37,50331.37,0.6627400000000052,71.28000000000611,241.25,0.47932333254588533,9,9,3,0,528,12,252,2.272727272727273
2026-01-25 19:04:10.700090,0.0885489,12,9,3,75.0,331.36999999999995,502.59,171.22,55.843333333333334,57.07333333333333,27.614166666666662,2.9353463380446208,76.26,-58.74,50000.0,50331.37,50331.37,0.6627400000000052,71.28000000000611,241.25,0.47932333254588533,9,9,3,0,530,12,253,2.2641509433962264
2026-01-25 19:04:10.717853,0.08884496666666666,12,9,3,75.0,331.36999999999995,502.59,171.22,55.843333333333334,57.07333333333333,27.614166666666662,2.9353463380446208,76.26,-58.74,50000.0,50331.37,50331.37,0.6627400000000052,71.28000000000611,241.25,0.47932333254588533,9,9,3,0,532,12,254,2.2556390977443606
2026-01-25 19:04:10.735125,0.08913281666666667,12,9,3,75.0,331.36999999999995,502.59,171.22,55.843333333333334,57.07333333333333,27.614166666666662,2.9353463380446208,76.26,-58.74,50000.0,50331.37,50331.37,0.6627400000000052,71.28000000000611,241.25,0.47932333254588533,9,9,3,0,534,12,255,2.247191011235955
2026-01-25 19:04:10.753656,0.08944166666666667,12,9,3,75.0,331.36999999999995,502.59,171.22,55.843333333333334,57.07333333333333,27.614166666666662,2.9353463380446208,76.26,-58.74,50000.0,50331.37,50331.37,0.6627400000000052,71.28000000000611,241.25,0.47932333254588533,9,9,3,0,536,12,256,2.2388059701492535
2026-01-25 19:04:10.771373,0.08973696666666667,12,9,3,75.0,331.36999999999995,502.59,171.22,55.843333333333334,57.07333333333333,27.614166666666662,2.9353463380446208,76.26,-58.74,50000.0,50331.37,50331.37,0.6627400000000052,71.28000000000611,241.25,0.47932333254588533,9,9,3,0,538,12,257,2.2304832713754648
2026-01-25 19:04:10.788611,0.09002425,12,9,3,75.0,331.36999999999995,502.59,171.22,55.843333333333334,57.07333333333333,27.614166666666662,2.9353463380446208,76.26,-58.74,50000.0,50331.37,50331.37,0.6627400000000052,71.28000000000611,241.25,0.47932333254588533,9,9,3,0,540,12,258,2.2222222222222223
2026-01-25 19:04:10.806762,0.09032676666666667,12,9,3,75.0,331.36999999999995,502.59,171.22,55.843333333333334,57.07333333333333,27.614166666666662,2.9353463380446208,76.26,-58.74,50000.0,50331.37,50331.37,0.6627400000000052,71.28000000000611,241.25,0.47932333254588533,9,9,3,0,542,12,259,2.214022140221402
2026-01-25 19:04:10.824897,0.09062903333333333,12,9,3,75.0,331.36999999999995,502.59,171.22,55.843333333333334,57.07333333333333,27.614166666666662,2.9353463380446208,76.26,-58.74,50000.0,50331.37,50331.37,0.6627400000000052,71.28000000000611,241.25,0.47932333254588533,9,9,3,0,544,12,260,2.2058823529411766
2026-01-25 19:04:10.843104,0.09093248333333334,12,9,3,75.0,331.36999999999995,502.59,171.22,55.843333333333334,57.07333333333333,27.614166666666662,2.9353463380446208,76.26,-58.74,50000.0,50331.37,50331.37,0.6627400000000052,71.28000000000611,241.25,0.47932333254588533,9,9,3,0,546,12,261,2.197802197802198
2026-01-25 19:04:10.861846,0.09124483333333333,12,9,3,75.0,331.36999999999995,502.59,171.22,55.843333333333334,57.07333333333333,27.614166666666662,2.9353463380446208,76.26,-58.74,50000.0,50331.37,50331.37,0.6627400000000052,71.28000000000611,241.25,0.47932333254588533,9,9,3,0,548,12,262,2.18978102189781
2026-01-25 19:04:10.879064,0.09153181666666667,12,9,3,75.0,331.36999999999995,502.59,171.22,55.843333333333334,57.07333333333333,27.614166666666662,2.9353463380446208,76.26,-58.74,50000.0,50331.37,50331.37,0.6627400000000052,71.28000000000611,241.25,0.47932333254588533,9,9,3,0,550,12,263,2.181818181818182
2026-01-25 19:04:10.897361,0.09183676666666667,12,9,3,75.0,331.36999999999995,502.59,171.22,55.843333333333334,57.07333333333333,27.614166666666662,2.9353463380446208,76.26,-58.74,50000.0,50331.37,50331.37,0.6627400000000052,71.28000000000611,241.25,0.47932333254588533,9,9,3,0,552,12,264,2.1739130434782608
2026-01-25 19:04:10.915017,0.09213101666666666,12,9,3,75.0,331.36999999999995,502.59,171.22,55.843333333333334,57.07333333333333,27.614166666666662,2.9353463380446208,76.26,-58.74,50000.0,50331.37,50331.37,0.6627400000000052,71.28000000000611,241.25,0.47932333254588533,9,9,3,0,554,12,265,2.166064981949458
2026-01-25 19:04:10.933249,0.09243488333333333,12,9,3,75.0,331.36999999999995,502.59,171.22,55.843333333333334,57.07333333333333,27.614166666666662,2.9353463380446208,76.26,-58.74,50000.0,50331.37,50331.37,0.6627400000000052,71.28000000000611,241.25,0.47932333254588533,9,9,3,0,556,12,266,2.158273381294964
2026-01-25 19:04:10.952051,0.09274826666666666,12,9,3,75.0,331.36999999999995,502.59,171.22,55.843333333333334,57.07333333333333,27.614166666666662,2.9353463380446208,76.26,-58.74,50000.0,50331.37,50331.37,0.6627400000000052,71.28000000000611,241.25,0.47932333254588533,9,9,3,0,558,12,267,2.1505376344086025
2026-01-25 19:04:10.969684,0.09304213333333333,12,9,3,75.0,331.36999999999995,502.59,171.22,55.843333333333334,57.07333333333333,27.614166666666662,2.9353463380446208,76.26,-58.74,50000.0,50331.37,50331.37,0.6627400000000052,71.28000000000611,241.25,0.47932333254588533,9,9,3,0,560,12,268,2.142857142857143
2026-01-25 19:04:10.987319,0.09333605,12,9,3,75.0,331.36999999999995,502.59,171.22,55.843333333333334,57.07333333333333,27.614166666666662,2.9353463380446208,76.26,-58.74,50000.0,50331.37,50331.37,0.6627400000000052,71.28000000000611,241.25,0.47932333254588533,9,9,3,0,562,12,269,2.135231316725979
2026-01-25 19:04:11.005762,0.09364343333333333,12,9,3,75.0,331.36999999999995,502.59,171.22,55.843333333333334,57.07333333333333,27.614166666666662,2.9353463380446208,76.26,-58.74,50000.0,50331.37,50331.37,0.6627400000000052,71.28000000000611,241.25,0.47932333254588533,9,9,3,0,564,12,270,2.127659574468085
2026-01-25 19:04:11.023810,0.09394423333333334,12,9,3,75.0,331.36999999999995,502.59,171.22,55.843333333333334,57.07333333333333,27.614166666666662,2.9353463380446208,76.26,-58.74,50000.0,50331.37,50331.37,0.6627400000000052,71.28000000000611,241.25,0.47932333254588533,9,9,3,0,566,12,271,2.1201413427561837
2026-01-25 19:04:11.041830,0.09424458333333334,12,9,3,75.0,331.36999999999995,502.59,171.22,55.843333333333334,57.07333333333333,27.614166666666662,2.9353463380446208,76.26,-58.74,50000.0,50331.37,50331.37,0.6627400000000052,71.28000000000611,241.25,0.47932333254588533,9,9,3,0,568,12,272,2.112676056338028
2026-01-25 19:04:11.059753,0.09454328333333333,12,9,3,75.0,331.36999999999995,502.59,171.22,55.843333333333334,57.07333333333333,27.614166666666662,2.9353463380446208,76.26,-58.74,50000.0,50331.37,50331.37,0.6627400000000052,71.28000000000611,241.25,0.47932333254588533,9,9,3,0,570,12,273,2.1052631578947367
2026-01-25 19:04:11.077281,0.09483541666666667,12,9,3,75.0,331.36999999999995,502.59,171.22,55.843333333333334,57.07333333333333,27.614166666666662,2.9353463380446208,76.26,-58.74,50000.0,50331.37,50331.37,0.6627400000000052,71.28000000000611,241.25,0.47932333254588533,9,9,3,0,572,12,274,2.097902097902098
2026-01-25 19:04:11.095094,0.0951323,12,9,3,75.0,331.36999999999995,502.59,171.22,55.843333333333334,57.07333333333333,27.614166666666662,2.9353463380446208,76.26,-58.74,50000.0,50331.37,50331.37,0.6627400000000052,71.28000000000611,241.25,0.47932333254588533,9,9,3,0,574,12,275,2.0905923344947737
2026-01-25 19:04:11.112866,0.09542856666666667,12,9,3,75.0,331.36999999999995,502.59,171.22,55.843333333333334,57.07333333333333,27.614166666666662,2.9353463380446208,76.26,-58.74,50000.0,50331.37,50331.37,0.6627400000000052,71.28000000000611,241.25,0.47932333254588533,9,9,3,0,576,12,276,2.083333333333333
2026-01-25 19:04:11.130744,0.09572648333333333,12,9,3,75.0,331.36999999999995,502.59,171.22,55.843333333333334,57.07333333333333,27.614166666666662,2.9353463380446208,76.26,-58.74,50000.0,50331.37,50331.37,0.6627400000000052,71.28000000000611,241.25,0.47932333254588533,9,9,3,0,578,12,277,2.0761245674740483
2026-01-25 19:04:11.149158,0.09603336666666666,12,9,3,75.0,331.36999999999995,502.59,171.22,55.843333333333334,57.07333333333333,27.614166666666662,2.9353463380446208,76.26,-58.74,50000.0,50331.37,50331.37,0.6627400000000052,71.28000000000611,241.25,0.47932333254588533,9,9,3,0,580,12,278,2.0689655172413794
2026-01-25 19:04:11.166988,0.09633053333333333,12,9,3,75.0,331.36999999999995,502.59,171.22,55.843333333333334,57.07333333333333,27.614166666666662,2.9353463380446208,76.26,-58.74,50000.0,50331.37,50331.37,0.6627400000000052,71.28000000000611,241.25,0.47932333254588533,9,9,3,0,582,12,279,2.0618556701030926
2026-01-25 19:04:11.184776,0.096627,12,9,3,75.0,331.36999999999995,502.59,171.22,55.843333333333334,57.07333333333333,27.614166666666662,2.9353463380446208,76.26,-58.74,50000.0,50331.37,50331.37,0.6627400000000052,71.28000000000611,241.25,0.47932333254588533,9,9,3,0,584,12,280,2.054794520547945
2026-01-25 19:04:11.202545,0.09692315,12,9,3,75.0,331.36999999999995,502.59,171.22,55.843333333333334,57.07333333333333,27.614166666666662,2.9353463380446208,76.26,-58.74,50000.0,50331.37,50331.37,0.6627400000000052,71.28000000000611,241.25,0.47932333254588533,9,9,3,0,586,12,281,2.04778156996587
2026-01-25 19:04:11.220410,0.09722096666666666,12,9,3,75.0,331.36999999999995,502.59,171.22,55.843333333333334,57.07333333333333,27.614166666666662,2.9353463380446208,76.26,-58.74,50000.0,50331.37,50331.37,0.6627400000000052,71.28000000000611,241.25,0.47932333254588533,9,9,3,0,588,12,282,2.0408163265306123
2026-01-25 19:04:11.238465,0.09752181666666666,12,9,3,75.0,331.36999999999995,502.59,171.22,55.843333333333334,57.07333333333333,27.614166666666662,2.9353463380446208,76.26,-58.74,50000.0,50331.37,50331.37,0.6627400000000052,71.28000000000611,241.25,0.47932333254588533,9,9,3,0,590,12,283,2.0338983050847457
2026-01-25 19:04:11.256037,0.0978147,12,9,3,75.0,331.36999999999995,502.59,171.22,55.843333333333334,57.07333333333333,27.614166666666662,2.9353463380446208,76.26,-58.74,50000.0,50331.37,50331.37,0.6627400000000052,71.28000000000611,241.25,0.47932333254588533,9,9,3,0,592,12,284,2.027027027027027
2026-01-25 19:04:11.276482,0.09815544999999999,12,9,3,75.0,331.36999999999995,502.59,171.22,55.843333333333334,57.07333333333333,27.614166666666662,2.9353463380446208,76.26,-58.74,50000.0,50331.37,50331.37,0.6627400000000052,71.28000000000611,241.25,0.47932333254588533,9,9,3,0,594,12,285,2.0202020202020203
2026-01-25 19:04:11.295317,0.09846936666666667,12,9,3,75.0,331.36999999999995,502.59,171.22,55.843333333333334,57.07333333333333,27.614166666666662,2.9353463380446208,76.26,-58.74,50000.0,50331.37,50331.37,0.6627400000000052,71.28000000000611,241.25,0.47932333254588533,9,9,3,0,596,12,286,2.013422818791946
2026-01-25 19:04:11.313782,0.09877709999999999,12,9,3,75.0,331.36999999999995,502.59,171.22,55.843333333333334,57.07333333333333,27.614166666666662,2.9353463380446208,76.26,-58.74,50000.0,50331.37,50331.37,0.6627400000000052,71.28000000000611,241.25,0.47932333254588533,9,9,3,0,598,12,287,2.0066889632107023
2026-01-25 19:04:11.331765,0.09907681666666666,12,9,3,75.0,331.36999999999995,502.59,171.22,55.843333333333334,57.07333333333333,27.614166666666662,2.9353463380446208,76.26,-58.74,50000.0,50331.37,50331.37,0.6627400000000052,71.28000000000611,241.25,0.47932333254588533,9,9,3,0,600,12,288,2.0
2026-01-25 19:04:11.349216,0.09936766666666667,12,9,3,75.0,331.36999999999995,502.59,171.22,55.843333333333334,57.07333333333333,27.614166666666662,2.9353463380446208,76.26,-58.74,50000.0,50331.37,50331.37,0.6627400000000052,71.28000000000611,241.25,0.47932333254588533,9,9,3,0,602,12,289,1.9933554817275747
2026-01-25 19:04:11.367634,0.09967463333333333,12,9,3,75.0,331.36999999999995,502.59,171.22,55.843333333333334,57.07333333333333,27.614166666666662,2.9353463380446208,76.26,-58.74,50000.0,50331.37,50331.37,0.6627400000000052,71.28000000000611,241.25,0.47932333254588533,9,9,3,0,604,12,290,1.9867549668874174
2026-01-25 19:04:11.385779,0.09997706666666667,12,9,3,75.0,331.36999999999995,502.59,171.22,55.843333333333334,57.07333333333333,27.614166666666662,2.9353463380446208,76.26,-58.74,50000.0,50331.37,50331.37,0.6627400000000052,71.28000000000611,241.25,0.47932333254588533,9,9,3,0,606,12,291,1.9801980198019802
2026-01-25 19:04:11.403882,0.10027876666666667,12,9,3,75.0,331.36999999999995,502.59,171.22,55.843333333333334,57.07333333333333,27.614166666666662,2.9353463380446208,76.26,-58.74,50000.0,50331.37,50331.37,0.6627400000000052,71.28000000000611,241.25,0.47932333254588533,9,9,3,0,608,12,292,1.9736842105263157
2026-01-25 19:04:11.422123,0.10058278333333333,12,9,3,75.0,331.36999999999995,502.59,171.22,55.843333333333334,57.07333333333333,27.614166666666662,2.9353463380446208,76.26,-58.74,50000.0,50331.37,50331.37,0.6627400000000052,71.28000000000611,241.25,0.47932333254588533,9,9,3,0,610,12,293,1.9672131147540985
2026-01-25 19:04:11.440393,0.1008873,12,9,3,75.0,331.36999999999995,502.59,171.22,55.843333333333334,57.07333333333333,27.614166666666662,2.9353463380446208,76.26,-58.74,50000.0,50331.37,50331.37,0.6627400000000052,71.28000000000611,241.25,0.47932333254588533,9,9,3,0,612,12,294,1.9607843137254901
2026-01-25 19:04:11.458224,0.10118446666666667,12,9,3,75.0,331.36999999999995,502.59,171.22,55.843333333333334,57.07333333333333,27.614166666666662,2.9353463380446208,76.26,-58.74,50000.0,50331.37,50331.37,0.6627400000000052,71.28000000000611,241.25,0.47932333254588533,9,9,3,0,614,12,295,1.9543973941368076
2026-01-25 19:04:11.476206,0.10148423333333333,12,9,3,75.0,331.36999999999995,502.59,171.22,55.843333333333334,57.07333333333333,27.614166666666662,2.9353463380446208,76.26,-58.74,50000.0,50331.37,50331.37,0.6627400000000052,71.28000000000611,241.25,0.47932333254588533,9,9,3,0,616,12,296,1.948051948051948
2026-01-25 19:04:11.497082,0.10183213333333334,12,9,3,75.0,331.36999999999995,502.59,171.22,55.843333333333334,57.07333333333333,27.614166666666662,2.9353463380446208,76.26,-58.74,50000.0,50331.37,50331.37,0.6627400000000052,71.28000000000611,241.25,0.47932333254588533,9,9,3,0,618,12,297,1.9417475728155338
2026-01-25 19:04:11.520793,0.10222728333333334,12,9,3,75.0,331.36999999999995,502.59,171.22,55.843333333333334,57.07333333333333,27.614166666666662,2.9353463380446208,76.26,-58.74,50000.0,50331.37,50331.37,0.6627400000000052,71.28000000000611,241.25,0.47932333254588533,9,9,3,0,620,12,298,1.935483870967742
2026-01-25 19:04:11.539558,0.10254003333333334,12,9,3,75.0,331.36999999999995,502.59,171.22,55.843333333333334,57.07333333333333,27.614166666666662,2.9353463380446208,76.26,-58.74,50000.0,50331.37,50331.37,0.6627400000000052,71.28000000000611,241.25,0.47932333254588533,9,9,3,0,622,12,299,1.929260450160772
2026-01-25 19:04:11.557195,0.10283398333333334,12,9,3,75.0,331.36999999999995,502.59,171.22,55.843333333333334,57.07333333333333,27.614166666666662,2.9353463380446208,76.26,-58.74,50000.0,50331.37,50331.37,0.6627400000000052,71.28000000000611,241.25,0.47932333254588533,9,9,3,0,624,12,300,1.9230769230769231
2026-01-25 19:04:11.574850,0.10312823333333333,12,9,3,75.0,331.36999999999995,502.59,171.22,55.843333333333334,57.07333333333333,27.614166666666662,2.9353463380446208,76.26,-58.74,50000.0,50331.37,50331.37,0.6627400000000052,71.28000000000611,241.25,0.47932333254588533,9,9,3,0,626,12,301,1.9169329073482428
2026-01-25 19:04:11.592533,0.10342295,12,9,3,75.0,331.36999999999995,502.59,171.22,55.843333333333334,57.07333333333333,27.614166666666662,2.9353463380446208,76.26,-58.74,50000.0,50331.37,50331.37,0.6627400000000052,71.28000000000611,241.25,0.47932333254588533,9,9,3,0,628,12,302,1.910828025477707
2026-01-25 19:04:11.609392,0.10370393333333333,12,9,3,75.0,331.36999999999995,502.59,171.22,55.843333333333334,57.07333333333333,27.614166666666662,2.9353463380446208,76.26,-58.74,50000.0,50331.37,50331.37,0.6627400000000052,71.28000000000611,241.25,0.47932333254588533,9,9,3,0,630,12,303,1.9047619047619049
2026-01-25 19:04:11.627928,0.10401286666666666,12,9,3,75.0,331.36999999999995,502.59,171.22,55.843333333333334,57.07333333333333,27.614166666666662,2.9353463380446208,76.26,-58.74,50000.0,50331.37,50331.37,0.6627400000000052,71.28000000000611,241.25,0.47932333254588533,9,9,3,0,632,12,304,1.89873417721519
2026-01-25 19:04:11.645749,0.10430990000000001,12,9,3,75.0,331.36999999999995,502.59,171.22,55.843333333333334,57.07333333333333,27.614166666666662,2.9353463380446208,76.26,-58.74,50000.0,50331.37,50331.37,0.6627400000000052,71.28000000000611,241.25,0.47932333254588533,9,9,3,0,634,12,305,1.8927444794952681
2026-01-25 19:04:11.663876,0.104612,12,9,3,75.0,331.36999999999995,502.59,171.22,55.843333333333334,57.07333333333333,27.614166666666662,2.9353463380446208,76.26,-58.74,50000.0,50331.37,50331.37,0.6627400000000052,71.28000000000611,241.25,0.47932333254588533,9,9,3,0,636,12,306,1.8867924528301887
2026-01-25 19:04:11.681541,0.10490641666666667,12,9,3,75.0,331.36999999999995,502.59,171.22,55.843333333333334,57.07333333333333,27.614166666666662,2.9353463380446208,76.26,-58.74,50000.0,50331.37,50331.37,0.6627400000000052,71.28000000000611,241.25,0.47932333254588533,9,9,3,0,638,12,307,1.8808777429467085
2026-01-25 19:04:11.728014,0.10568098333333334,12,9,3,75.0,331.36999999999995,502.59,171.22,55.843333333333334,57.07333333333333,27.614166666666662,2.9353463380446208,76.26,-58.74,50000.0,50331.37,50331.37,0.6627400000000052,71.28000000000611,241.25,0.47932333254588533,9,9,3,0,640,12,308,1.875
2026-01-25 19:04:11.803439,0.10693804999999999,12,9,3,75.0,331.36999999999995,502.59,171.22,55.843333333333334,57.07333333333333,27.614166666666662,2.9353463380446208,76.26,-58.74,50000.0,50331.37,50331.37,0.6627400000000052,71.28000000000611,241.25,0.47932333254588533,9,9,3,0,642,12,309,1.8691588785046727
2026-01-25 19:04:11.842064,0.10758183333333333,12,9,3,75.0,331.36999999999995,502.59,171.22,55.843333333333334,57.07333333333333,27.614166666666662,2.9353463380446208,76.26,-58.74,50000.0,50331.37,50331.37,0.6627400000000052,71.28000000000611,241.25,0.47932333254588533,9,9,3,0,644,12,310,1.8633540372670807
2026-01-25 19:04:11.875542,0.10813976666666666,12,9,3,75.0,331.36999999999995,502.59,171.22,55.843333333333334,57.07333333333333,27.614166666666662,2.9353463380446208,76.26,-58.74,50000.0,50331.37,50331.37,0.6627400000000052,71.28000000000611,241.25,0.47932333254588533,9,9,3,0,646,12,311,1.8575851393188854
2026-01-25 19:04:11.894021,0.10844776666666665,12,9,3,75.0,331.36999999999995,502.59,171.22,55.843333333333334,57.07333333333333,27.614166666666662,2.9353463380446208,76.26,-58.74,50000.0,50331.37,50331.37,0.6627400000000052,71.28000000000611,241.25,0.47932333254588533,9,9,3,0,648,12,312,1.8518518518518516
2026-01-25 19:04:11.936026,0.10914785,12,9,3,75.0,331.36999999999995,502.59,171.22,55.843333333333334,57.07333333333333,27.614166666666662,2.9353463380446208,76.26,-58.74,50000.0,50331.37,50331.37,0.6627400000000052,71.28000000000611,241.25,0.47932333254588533,9,9,3,0,650,12,313,1.8461538461538463
2026-01-25 19:04:11.953890,0.10944563333333333,12,9,3,75.0,331.36999999999995,502.59,171.22,55.843333333333334,57.07333333333333,27.614166666666662,2.9353463380446208,76.26,-58.74,50000.0,50331.37,50331.37,0.6627400000000052,71.28000000000611,241.25,0.47932333254588533,9,9,3,0,652,12,314,1.8404907975460123
2026-01-25 19:04:11.972294,0.1097523,12,9,3,75.0,331.36999999999995,502.59,171.22,55.843333333333334,57.07333333333333,27.614166666666662,2.9353463380446208,76.26,-58.74,50000.0,50331.37,50331.37,0.6627400000000052,71.28000000000611,241.25,0.47932333254588533,9,9,3,0,654,12,315,1.834862385321101
2026-01-25 19:04:11.992149,0.11008326666666667,12,9,3,75.0,331.36999999999995,502.59,171.22,55.843333333333334,57.07333333333333,27.614166666666662,2.9353463380446208,76.26,-58.74,50000.0,50331.37,50331.37,0.6627400000000052,71.28000000000611,241.25,0.47932333254588533,9,9,3,0,656,12,316,1.8292682926829267
2026-01-25 19:04:12.012019,0.11041438333333334,12,9,3,75.0,331.36999999999995,502.59,171.22,55.843333333333334,57.07333333333333,27.614166666666662,2.9353463380446208,76.26,-58.74,50000.0,50331.37,50331.37,0.6627400000000052,71.28000000000611,241.25,0.47932333254588533,9,9,3,0,658,12,317,1.82370820668693
2026-01-25 19:04:12.030199,0.11071738333333332,12,9,3,75.0,331.36999999999995,502.59,171.22,55.843333333333334,57.07333333333333,27.614166666666662,2.9353463380446208,76.26,-58.74,50000.0,50331.37,50331.37,0.6627400000000052,71.28000000000611,241.25,0.47932333254588533,9,9,3,0,660,12,318,1.8181818181818181
2026-01-25 19:04:12.048430,0.11102123333333333,12,9,3,75.0,331.36999999999995,502.59,171.22,55.843333333333334,57.07333333333333,27.614166666666662,2.9353463380446208,76.26,-58.74,50000.0,50331.37,50331.37,0.6627400000000052,71.28000000000611,241.25,0.47932333254588533,9,9,3,0,662,12,319,1.812688821752266
2026-01-25 19:04:12.066261,0.11131841666666667,12,9,3,75.0,331.36999999999995,502.59,171.22,55.843333333333334,57.07333333333333,27.614166666666662,2.9353463380446208,76.26,-58.74,50000.0,50331.37,50331.37,0.6627400000000052,71.28000000000611,241.25,0.47932333254588533,9,9,3,0,664,12,320,1.8072289156626504
2026-01-25 19:04:12.084094,0.11161563333333334,12,9,3,75.0,331.36999999999995,502.59,171.22,55.843333333333334,57.07333333333333,27.614166666666662,2.9353463380446208,76.26,-58.74,50000.0,50331.37,50331.37,0.6627400000000052,71.28000000000611,241.25,0.47932333254588533,9,9,3,0,666,12,321,1.8018018018018018
2026-01-25 19:04:12.102325,0.11191948333333333,12,9,3,75.0,331.36999999999995,502.59,171.22,55.843333333333334,57.07333333333333,27.614166666666662,2.9353463380446208,76.26,-58.74,50000.0,50331.37,50331.37,0.6627400000000052,71.28000000000611,241.25,0.47932333254588533,9,9,3,0,668,12,322,1.7964071856287425
2026-01-25 19:04:12.119378,0.1122037,12,9,3,75.0,331.36999999999995,502.59,171.22,55.843333333333334,57.07333333333333,27.614166666666662,2.9353463380446208,76.26,-58.74,50000.0,50331.37,50331.37,0.6627400000000052,71.28000000000611,241.25,0.47932333254588533,9,9,3,0,670,12,323,1.791044776119403
2026-01-25 19:04:12.137093,0.11249896666666667,12,9,3,75.0,331.36999999999995,502.59,171.22,55.843333333333334,57.07333333333333,27.614166666666662,2.9353463380446208,76.26,-58.74,50000.0,50331.37,50331.37,0.6627400000000052,71.28000000000611,241.25,0.47932333254588533,9,9,3,0,672,12,324,1.7857142857142856
2026-01-25 19:04:12.154362,0.11278676666666666,12,9,3,75.0,331.36999999999995,502.59,171.22,55.843333333333334,57.07333333333333,27.614166666666662,2.9353463380446208,76.26,-58.74,50000.0,50331.37,50331.37,0.6627400000000052,71.28000000000611,241.25,0.47932333254588533,9,9,3,0,674,12,325,1.7804154302670623
2026-01-25 19:04:12.172582,0.11309043333333334,12,9,3,75.0,331.36999999999995,502.59,171.22,55.843333333333334,57.07333333333333,27.614166666666662,2.9353463380446208,76.26,-58.74,50000.0,50331.37,50331.37,0.6627400000000052,71.28000000000611,241.25,0.47932333254588533,9,9,3,0,676,12,326,1.7751479289940828
2026-01-25 19:04:12.190379,0.11338705,12,9,3,75.0,331.36999999999995,502.59,171.22,55.843333333333334,57.07333333333333,27.614166666666662,2.9353463380446208,76.26,-58.74,50000.0,50331.37,50331.37,0.6627400000000052,71.28000000000611,241.25,0.47932333254588533,9,9,3,0,678,12,327,1.7699115044247788
2026-01-25 19:04:12.208721,0.11369275,12,9,3,75.0,331.36999999999995,502.59,171.22,55.843333333333334,57.07333333333333,27.614166666666662,2.9353463380446208,76.26,-58.74,50000.0,50331.37,50331.37,0.6627400000000052,71.28000000000611,241.25,0.47932333254588533,9,9,3,0,680,12,328,1.7647058823529411
2026-01-25 19:04:12.226703,0.11399245,12,9,3,75.0,331.36999999999995,502.59,171.22,55.843333333333334,57.07333333333333,27.614166666666662,2.9353463380446208,76.26,-58.74,50000.0,50331.37,50331.37,0.6627400000000052,71.28000000000611,241.25,0.47932333254588533,9,9,3,0,682,12,329,1.7595307917888565
2026-01-25 19:04:12.243954,0.11427996666666668,12,9,3,75.0,331.36999999999995,502.59,171.22,55.843333333333334,57.07333333333333,27.614166666666662,2.9353463380446208,76.26,-58.74,50000.0,50331.37,50331.37,0.6627400000000052,0.0,241.25,0.47932333254588533,9,9,3,0,684,12,330,1.7543859649122806
2026-01-25 19:04:12.262540,0.11458978333333333,12,9,3,75.0,331.36999999999995,502.59,171.22,55.843333333333334,57.07333333333333,27.614166666666662,2.9353463380446208,76.26,-58.74,50000.0,50331.37,50331.37,0.6627400000000052,0.0,241.25,0.47932333254588533,9,9,3,0,686,12,331,1.749271137026239
2026-01-25 19:04:12.280734,0.11489296666666667,12,9,3,75.0,331.36999999999995,502.59,171.22,55.843333333333334,57.07333333333333,27.614166666666662,2.9353463380446208,76.26,-58.74,50000.0,50331.37,50331.37,0.6627400000000052,0.0,241.25,0.47932333254588533,9,9,3,0,688,12,332,1.744186046511628
2026-01-25 19:04:12.298895,0.11519565,12,9,3,75.0,331.36999999999995,502.59,171.22,55.843333333333334,57.07333333333333,27.614166666666662,2.9353463380446208,76.26,-58.74,50000.0,50331.37,50331.37,0.6627400000000052,0.0,241.25,0.47932333254588533,9,9,3,1,690,13,332,1.884057971014493
2026-01-25 19:04:12.317060,0.11549839999999999,12,9,3,75.0,331.36999999999995,502.59,171.22,55.843333333333334,57.07333333333333,27.614166666666662,2.9353463380446208,76.26,-58.74,50000.0,50337.62,50337.62,0.6752400000000053,6.25,241.25,0.47926381898866094,9,9,3,1,692,13,333,1.8786127167630058
2026-01-25 19:04:12.334793,0.11579395,12,9,3,75.0,331.36999999999995,502.59,171.22,55.843333333333334,57.07333333333333,27.614166666666662,2.9353463380446208,76.26,-58.74,50000.0,50338.87,50338.87,0.6777400000000052,7.5,241.25,0.47925191805060385,9,9,3,1,694,13,334,1.8731988472622478
2026-01-25 19:04:12.352308,0.11608586666666666,12,9,3,75.0,331.36999999999995,502.59,171.22,55.843333333333334,57.07333333333333,27.614166666666662,2.9353463380446208,76.26,-58.74,50000.0,50345.12,50345.12,0.6902400000000053,13.75,241.25,0.47919242222483527,9,9,3,1,696,13,335,1.8678160919540232
2026-01-25 19:04:12.370221,0.11638441666666667,12,9,3,75.0,331.36999999999995,502.59,171.22,55.843333333333334,57.07333333333333,27.614166666666662,2.9353463380446208,76.26,-58.74,50000.0,50348.87,50348.87,0.6977400000000052,17.5,241.25,0.47915673181940327,9,9,3,1,698,13,336,1.8624641833810889
2026-01-25 19:04:12.388918,0.11669603333333334,12,9,3,75.0,331.36999999999995,502.59,171.22,55.843333333333334,57.07333333333333,27.614166666666662,2.9353463380446208,76.26,-58.74,50000.0,50341.37,50348.87,0.6827400000000052,10.0,241.25,0.47915673181940327,9,9,3,1,700,13,337,1.8571428571428572
2026-01-25 19:04:12.406646,0.1169915,12,9,3,75.0,331.36999999999995,502.59,171.22,55.843333333333334,57.07333333333333,27.614166666666662,2.9353463380446208,76.26,-58.74,50000.0,50337.62,50348.87,0.6752400000000053,6.25,241.25,0.47915673181940327,9,9,3,2,702,14,337,1.9943019943019942
2026-01-25 19:04:12.424811,0.11729425,12,9,3,75.0,331.36999999999995,502.59,171.22,55.843333333333334,57.07333333333333,27.614166666666662,2.9353463380446208,76.26,-58.74,50000.0,50350.12,50350.12,0.7002400000000053,18.75,241.25,0.47914483619900006,9,9,3,2,704,14,338,1.9886363636363635
2026-01-25 19:04:12.442953,0.11759663333333334,12,9,3,75.0,331.36999999999995,502.59,171.22,55.843333333333334,57.07333333333333,27.614166666666662,2.9353463380446208,76.26,-58.74,50000.0,50325.12,50350.12,0.6502400000000053,-6.25,241.25,0.47914483619900006,9,9,3,3,706,15,338,2.1246458923512748
2026-01-25 19:04:12.460831,0.11789458333333333,12,9,3,75.0,331.36999999999995,502.59,171.22,55.843333333333334,57.07333333333333,27.614166666666662,2.9353463380446208,76.26,-58.74,50000.0,50313.87,50350.12,0.6277400000000053,-17.5,241.25,0.47914483619900006,9,9,3,4,708,16,338,2.2598870056497176
2026-01-25 19:04:12.478796,0.118194,12,9,3,75.0,331.36999999999995,502.59,171.22,55.843333333333334,57.07333333333333,27.614166666666662,2.9353463380446208,76.26,-58.74,50000.0,50368.87,50368.87,0.7377400000000052,37.5,241.25,0.4789664727439785,9,9,3,4,710,16,339,2.2535211267605635
2026-01-25 19:04:12.496516,0.11848933333333332,12,9,3,75.0,331.36999999999995,502.59,171.22,55.843333333333334,57.07333333333333,27.614166666666662,2.9353463380446208,76.26,-58.74,50000.0,50283.87,50368.87,0.5677400000000052,-47.5,241.25,0.4789664727439785,9,9,3,4,712,16,340,2.247191011235955
2026-01-25 19:04:12.514962,0.11879678333333334,13,9,4,69.23076923076923,302.62999999999994,502.59,199.96,55.843333333333334,49.99,23.279230769230765,2.5134526905381076,76.26,-58.74,50000.0,50306.38,50368.87,0.6127599999999948,-24.99000000000524,241.25,0.4789664727439785,-1,9,3,3,714,16,341,2.2408963585434174
2026-01-25 19:04:12.533003,0.11909745,13,9,4,69.23076923076923,302.62999999999994,502.59,199.96,55.843333333333334,49.99,23.279230769230765,2.5134526905381076,76.26,-58.74,50000.0,50340.13,50368.87,0.6802599999999948,8.759999999994761,241.25,0.4789664727439785,-1,9,3,3,716,16,342,2.2346368715083798
2026-01-25 19:04:12.550700,0.11939241666666667,13,9,4,69.23076923076923,302.62999999999994,502.59,199.96,55.843333333333334,49.99,23.279230769230765,2.5134526905381076,76.26,-58.74,50000.0,50340.13,50368.87,0.6802599999999948,8.759999999994761,241.25,0.4789664727439785,-1,9,3,3,718,16,343,2.2284122562674096
2026-01-25 19:04:12.568776,0.11969366666666666,13,9,4,69.23076923076923,302.62999999999994,502.59,199.96,55.843333333333334,49.99,23.279230769230765,2.5134526905381076,76.26,-58.74,50000.0,50358.88,50368.87,0.7177599999999947,27.50999999999476,241.25,0.4789664727439785,-1,9,3,3,720,16,344,2.2222222222222223
2026-01-25 19:04:12.586698,0.11999236666666667,13,9,4,69.23076923076923,302.62999999999994,502.59,199.96,55.843333333333334,49.99,23.279230769230765,2.5134526905381076,76.26,-58.74,50000.0,50328.88,50368.87,0.6577599999999948,-2.4900000000052387,241.25,0.4789664727439785,-1,9,3,3,722,16,345,2.21606648199446
2026-01-25 19:04:12.605019,0.12029771666666668,13,9,4,69.23076923076923,302.62999999999994,502.59,199.96,55.843333333333334,49.99,23.279230769230765,2.5134526905381076,76.26,-58.74,50000.0,50306.38,50368.87,0.6127599999999948,-24.99000000000524,241.25,0.4789664727439785,-1,9,3,3,724,16,346,2.209944751381215
2026-01-25 19:04:12.622545,0.12058983333333333,13,9,4,69.23076923076923,302.62999999999994,502.59,199.96,55.843333333333334,49.99,23.279230769230765,2.5134526905381076,76.26,-58.74,50000.0,50298.88,50368.87,0.5977599999999947,-32.49000000000524,241.25,0.4789664727439785,-1,9,3,4,726,17,346,2.3415977961432506
2026-01-25 19:04:12.640636,0.12089135,13,9,4,69.23076923076923,302.62999999999994,502.59,199.96,55.843333333333334,49.99,23.279230769230765,2.5134526905381076,76.26,-58.74,50000.0,50323.88,50368.87,0.6477599999999948,-7.490000000005239,241.25,0.4789664727439785,-1,9,3,4,728,17,347,2.3351648351648353
2026-01-25 19:04:12.658914,0.12119598333333334,13,9,4,69.23076923076923,302.62999999999994,502.59,199.96,55.843333333333334,49.99,23.279230769230765,2.5134526905381076,76.26,-58.74,50000.0,50283.88,50368.87,0.5677599999999947,-47.49000000000524,241.25,0.4789664727439785,-1,9,3,4,730,17,348,2.328767123287671
2026-01-25 19:04:12.676909,0.1214959,14,9,5,64.28571428571429,273.88999999999993,502.59,228.70000000000002,55.843333333333334,45.74,19.563571428571425,2.1975951027547,76.26,-58.74,50000.0,50238.89,50368.87,0.4777799999999988,-92.4800000000032,241.25,0.4789664727439785,-2,9,3,3,732,17,349,2.3224043715846996
2026-01-25 19:04:12.694926,0.12179616666666666,14,9,5,64.28571428571429,273.88999999999993,502.59,228.70000000000002,55.843333333333334,45.74,19.563571428571425,2.1975951027547,76.26,-58.74,50000.0,50257.64,50368.87,0.5152799999999989,-73.7300000000032,241.25,0.4789664727439785,-2,9,3,4,734,18,349,2.452316076294278
2026-01-25 19:04:12.712264,0.12208513333333333,14,9,5,64.28571428571429,273.88999999999993,502.59,228.70000000000002,55.843333333333334,45.74,19.563571428571425,2.1975951027547,76.26,-58.74,50000.0,50297.64,50368.87,0.5952799999999988,-33.7300000000032,241.25,0.4789664727439785,-2,9,3,4,736,18,350,2.4456521739130435
2026-01-25 19:04:12.730283,0.12238544999999999,14,9,5,64.28571428571429,273.88999999999993,502.59,228.70000000000002,55.843333333333334,45.74,19.563571428571425,2.1975951027547,76.26,-58.74,50000.0,50242.64,50368.87,0.4852799999999989,-88.7300000000032,241.25,0.4789664727439785,-2,9,3,4,738,18,351,2.4390243902439024
2026-01-25 19:04:12.747876,0.12267866666666666,14,9,5,64.28571428571429,273.88999999999993,502.59,228.70000000000002,55.843333333333334,45.74,19.563571428571425,2.1975951027547,76.26,-58.74,50000.0,50267.64,50368.87,0.5352799999999989,-63.7300000000032,241.25,0.4789664727439785,-2,9,3,4,740,18,352,2.4324324324324325
2026-01-25 19:04:12.765894,0.12297905,14,9,5,64.28571428571429,273.88999999999993,502.59,228.70000000000002,55.843333333333334,45.74,19.563571428571425,2.1975951027547,76.26,-58.74,50000.0,50267.64,50368.87,0.5352799999999989,-63.7300000000032,241.25,0.4789664727439785,-2,9,3,4,742,18,353,2.4258760107816713
2026-01-25 19:04:12.783485,0.12327215,14,9,5,64.28571428571429,273.88999999999993,502.59,228.70000000000002,55.843333333333334,45.74,19.563571428571425,2.1975951027547,76.26,-58.74,50000.0,50292.64,50368.87,0.5852799999999989,-38.7300000000032,241.25,0.4789664727439785,-2,9,3,4,744,18,354,2.4193548387096775
2026-01-25 19:04:12.800821,0.12356110000000001,14,9,5,64.28571428571429,273.88999999999993,502.59,228.70000000000002,55.843333333333334,45.74,19.563571428571425,2.1975951027547,76.26,-58.74,50000.0,50267.64,50368.87,0.5352799999999989,-63.7300000000032,241.25,0.4789664727439785,-2,9,3,4,746,18,355,2.4128686327077746
2026-01-25 19:04:12.818007,0.12384751666666666,14,9,5,64.28571428571429,273.88999999999993,502.59,228.70000000000002,55.843333333333334,45.74,19.563571428571425,2.1975951027547,76.26,-58.74,50000.0,50272.64,50368.87,0.5452799999999989,-58.7300000000032,241.25,0.4789664727439785,-2,9,3,4,748,18,356,2.406417112299465
2026-01-25 19:04:12.835790,0.1241439,14,9,5,64.28571428571429,273.88999999999993,502.59,228.70000000000002,55.843333333333334,45.74,19.563571428571425,2.1975951027547,76.26,-58.74,50000.0,50297.64,50368.87,0.5952799999999988,-33.7300000000032,241.25,0.4789664727439785,-2,9,3,4,750,18,357,2.4
2026-01-25 19:04:12.854064,0.12444846666666667,14,9,5,64.28571428571429,273.88999999999993,502.59,228.70000000000002,55.843333333333334,45.74,19.563571428571425,2.1975951027547,76.26,-58.74,50000.0,50302.64,50368.87,0.6052799999999988,-28.7300000000032,241.25,0.4789664727439785,-2,9,3,4,752,18,358,2.393617021276596
2026-01-25 19:04:12.870953,0.12472995,14,9,5,64.28571428571429,273.88999999999993,502.59,228.70000000000002,55.843333333333334,45.74,19.563571428571425,2.1975951027547,76.26,-58.74,50000.0,50327.64,50368.87,0.6552799999999988,-3.7300000000032014,241.25,0.4789664727439785,-2,9,3,4,754,18,359,2.3872679045092835
2026-01-25 19:04:12.888956,0.12503001666666666,14,9,5,64.28571428571429,273.88999999999993,502.59,228.70000000000002,55.843333333333334,45.74,19.563571428571425,2.1975951027547,76.26,-58.74,50000.0,50342.64,50368.87,0.6852799999999989,11.269999999996799,241.25,0.4789664727439785,-2,9,3,5,756,19,359,2.513227513227513
2026-01-25 19:04:12.907032,0.12533126666666666,14,9,5,64.28571428571429,273.88999999999993,502.59,228.70000000000002,55.843333333333334,45.74,19.563571428571425,2.1975951027547,76.26,-58.74,50000.0,50336.39,50368.87,0.6727799999999988,5.019999999996799,241.25,0.4789664727439785,-2,9,3,5,758,19,360,2.5065963060686016
2026-01-25 19:04:12.924896,0.12562901666666665,14,9,5,64.28571428571429,273.88999999999993,502.59,228.70000000000002,55.843333333333334,45.74,19.563571428571425,2.1975951027547,76.26,-58.74,50000.0,50311.39,50368.87,0.6227799999999988,-19.9800000000032,241.25,0.4789664727439785,-2,9,3,5,760,19,361,2.5
2026-01-25 19:04:12.942220,0.12591773333333334,14,9,5,64.28571428571429,273.88999999999993,502.59,228.70000000000002,55.843333333333334,45.74,19.563571428571425,2.1975951027547,76.26,-58.74,50000.0,50280.14,50368.87,0.5602799999999989,-51.2300000000032,241.25,0.4789664727439785,-2,9,3,5,762,19,362,2.493438320209974
2026-01-25 19:04:12.960010,0.12621423333333334,15,9,6,60.0,250.14999999999992,502.59,252.44000000000003,55.843333333333334,42.07333333333334,16.676666666666662,1.990928537474251,76.26,-58.74,50000.0,50243.9,50368.87,0.4878000000000029,-87.47000000000116,241.25,0.4789664727439785,-3,9,3,4,764,19,363,2.486910994764398
2026-01-25 19:04:12.978402,0.12652076666666667,15,9,6,60.0,250.14999999999992,502.59,252.44000000000003,55.843333333333334,42.07333333333334,16.676666666666662,1.990928537474251,76.26,-58.74,50000.0,50218.9,50368.87,0.43780000000000296,-112.47000000000116,241.25,0.4789664727439785,-3,9,3,4,766,19,364,2.4804177545691903
2026-01-25 19:04:12.996119,0.12681605,15,9,6,60.0,250.14999999999992,502.59,252.44000000000003,55.843333333333334,42.07333333333334,16.676666666666662,1.990928537474251,76.26,-58.74,50000.0,50243.9,50368.87,0.4878000000000029,-87.47000000000116,241.25,0.4789664727439785,-3,9,3,4,768,19,365,2.473958333333333
2026-01-25 19:04:13.013656,0.12710835,15,9,6,60.0,250.14999999999992,502.59,252.44000000000003,55.843333333333334,42.07333333333334,16.676666666666662,1.990928537474251,76.26,-58.74,50000.0,50333.9,50368.87,0.667800000000003,2.529999999998836,241.25,0.4789664727439785,-3,9,3,4,770,19,366,2.4675324675324677
2026-01-25 19:04:13.031258,0.1274017,15,9,6,60.0,250.14999999999992,502.59,252.44000000000003,55.843333333333334,42.07333333333334,16.676666666666662,1.990928537474251,76.26,-58.74,50000.0,50323.9,50368.87,0.6478000000000029,-7.470000000001164,241.25,0.4789664727439785,-3,9,3,4,772,19,367,2.461139896373057
2026-01-25 19:04:13.048889,0.12769555,15,9,6,60.0,250.14999999999992,502.59,252.44000000000003,55.843333333333334,42.07333333333334,16.676666666666662,1.990928537474251,76.26,-58.74,50000.0,50308.9,50368.87,0.6178000000000029,-22.470000000001164,241.25,0.4789664727439785,-3,9,3,4,774,19,368,2.454780361757106
2026-01-25 19:04:13.066689,0.12799221666666666,15,9,6,60.0,250.14999999999992,502.59,252.44000000000003,55.843333333333334,42.07333333333334,16.676666666666662,1.990928537474251,76.26,-58.74,50000.0,50293.9,50368.87,0.5878000000000029,-37.470000000001164,241.25,0.4789664727439785,-3,9,3,4,776,19,369,2.448453608247423
2026-01-25 19:04:13.084540,0.12828973333333332,15,9,6,60.0,250.14999999999992,502.59,252.44000000000003,55.843333333333334,42.07333333333334,16.676666666666662,1.990928537474251,76.26,-58.74,50000.0,50308.9,50368.87,0.6178000000000029,-22.470000000001164,241.25,0.4789664727439785,-3,9,3,4,778,19,370,2.442159383033419
2026-01-25 19:04:13.102802,0.1285941,15,9,6,60.0,250.14999999999992,502.59,252.44000000000003,55.843333333333334,42.07333333333334,16.676666666666662,1.990928537474251,76.26,-58.74,50000.0,50308.9,50368.87,0.6178000000000029,-22.470000000001164,241.25,0.4789664727439785,-3,9,3,4,780,19,371,2.435897435897436
2026-01-25 19:04:13.120518,0.12888938333333333,15,9,6,60.0,250.14999999999992,502.59,252.44000000000003,55.843333333333334,42.07333333333334,16.676666666666662,1.990928537474251,76.26,-58.74,50000.0,50333.9,50368.87,0.667800000000003,2.529999999998836,241.25,0.4789664727439785,-3,9,3,4,782,19,372,2.4296675191815855
2026-01-25 19:04:13.138183,0.12918378333333333,15,9,6,60.0,250.14999999999992,502.59,252.44000000000003,55.843333333333334,42.07333333333334,16.676666666666662,1.990928537474251,76.26,-58.74,50000.0,50338.9,50368.87,0.6778000000000028,7.529999999998836,241.25,0.4789664727439785,-3,9,3,4,784,19,373,2.423469387755102
2026-01-25 19:04:13.155300,0.12946906666666666,15,9,6,60.0,250.14999999999992,502.59,252.44000000000003,55.843333333333334,42.07333333333334,16.676666666666662,1.990928537474251,76.26,-58.74,50000.0,50333.9,50368.87,0.667800000000003,2.529999999998836,241.25,0.4789664727439785,-3,9,3,4,786,19,374,2.4173027989821882
2026-01-25 19:04:13.173722,0.1297761,15,9,6,60.0,250.14999999999992,502.59,252.44000000000003,55.843333333333334,42.07333333333334,16.676666666666662,1.990928537474251,76.26,-58.74,50000.0,50303.9,50368.87,0.6078000000000029,-27.470000000001164,241.25,0.4789664727439785,-3,9,3,4,788,19,375,2.4111675126903553
2026-01-25 19:04:13.191864,0.13007846666666667,15,9,6,60.0,250.14999999999992,502.59,252.44000000000003,55.843333333333334,42.07333333333334,16.676666666666662,1.990928537474251,76.26,-58.74,50000.0,50313.9,50368.87,0.6278000000000029,-17.470000000001164,241.25,0.4789664727439785,-3,9,3,4,790,19,376,2.4050632911392404
2026-01-25 19:04:13.209818,0.1303777,15,9,6,60.0,250.14999999999992,502.59,252.44000000000003,55.843333333333334,42.07333333333334,16.676666666666662,1.990928537474251,76.26,-58.74,50000.0,50363.9,50368.87,0.7278000000000029,32.529999999998836,241.25,0.4789664727439785,-3,9,3,4,792,19,377,2.398989898989899
2026-01-25 19:04:13.227212,0.1306676,15,9,6,60.0,250.14999999999992,502.59,252.44000000000003,55.843333333333334,42.07333333333334,16.676666666666662,1.990928537474251,76.26,-58.74,50000.0,50323.9,50368.87,0.6478000000000029,-7.470000000001164,241.25,0.4789664727439785,-3,9,3,4,794,19,378,2.392947103274559
2026-01-25 19:04:13.244763,0.13096013333333334,15,9,6,60.0,250.14999999999992,502.59,252.44000000000003,55.843333333333334,42.07333333333334,16.676666666666662,1.990928537474251,76.26,-58.74,50000.0,50303.9,50368.87,0.6078000000000029,-27.470000000001164,241.25,0.4789664727439785,-3,9,3,4,796,19,379,2.386934673366834
2026-01-25 19:04:13.262787,0.13126051666666666,15,9,6,60.0,250.14999999999992,502.59,252.44000000000003,55.843333333333334,42.07333333333334,16.676666666666662,1.990928537474251,76.26,-58.74,50000.0,50293.9,50368.87,0.5878000000000029,-37.470000000001164,241.25,0.4789664727439785,-3,9,3,4,798,19,380,2.380952380952381
2026-01-25 19:04:13.280139,0.13154971666666668,15,9,6,60.0,250.14999999999992,502.59,252.44000000000003,55.843333333333334,42.07333333333334,16.676666666666662,1.990928537474251,76.26,-58.74,50000.0,50318.9,50368.87,0.6378000000000029,-12.470000000001164,241.25,0.4789664727439785,-3,9,3,4,800,19,381,2.375
2026-01-25 19:04:13.298625,0.1318578333333333,15,9,6,60.0,250.14999999999992,502.59,252.44000000000003,55.843333333333334,42.07333333333334,16.676666666666662,1.990928537474251,76.26,-58.74,50000.0,50283.9,50368.87,0.567800000000003,-47.470000000001164,241.25,0.4789664727439785,-3,9,3,4,802,19,382,2.369077306733167
2026-01-25 19:04:13.316889,0.13216221666666667,15,9,6,60.0,250.14999999999992,502.59,252.44000000000003,55.843333333333334,42.07333333333334,16.676666666666662,1.990928537474251,76.26,-58.74,50000.0,50288.9,50368.87,0.5778000000000029,-42.470000000001164,241.25,0.4789664727439785,-3,9,3,5,804,20,382,2.4875621890547266
2026-01-25 19:04:13.334851,0.13246158333333333,15,9,6,60.0,250.14999999999992,502.59,252.44000000000003,55.843333333333334,42.07333333333334,16.676666666666662,1.990928537474251,76.26,-58.74,50000.0,50226.4,50368.87,0.4528000000000029,-104.97000000000116,241.25,0.4789664727439785,-3,9,3,5,806,20,383,2.481389578163772
2026-01-25 19:04:13.353093,0.13276561666666667,15,9,6,60.0,250.14999999999992,502.59,252.44000000000003,55.843333333333334,42.07333333333334,16.676666666666662,1.990928537474251,76.26,-58.74,50000.0,50295.15,50368.87,0.5903000000000029,-36.220000000001164,241.25,0.4789664727439785,-3,9,3,5,808,20,384,2.4752475247524752
2026-01-25 19:04:13.370800,0.13306073333333332,15,9,6,60.0,250.14999999999992,502.59,252.44000000000003,55.843333333333334,42.07333333333334,16.676666666666662,1.990928537474251,76.26,-58.74,50000.0,50313.9,50368.87,0.6278000000000029,-17.470000000001164,241.25,0.4789664727439785,-3,9,3,5,810,20,385,2.4691358024691357
2026-01-25 19:04:13.389153,0.13336661666666666,15,9,6,60.0,250.14999999999992,502.59,252.44000000000003,55.843333333333334,42.07333333333334,16.676666666666662,1.990928537474251,76.26,-58.74,50000.0,50326.4,50368.87,0.6528000000000029,-4.970000000001164,241.25,0.4789664727439785,-3,9,3,5,812,20,386,2.4630541871921183
2026-01-25 19:04:13.406740,0.13365973333333334,15,9,6,60.0,250.14999999999992,502.59,252.44000000000003,55.843333333333334,42.07333333333334,16.676666666666662,1.990928537474251,76.26,-58.74,50000.0,50351.4,50368.87,0.7028000000000029,20.029999999998836,241.25,0.4789664727439785,-3,9,3,5,814,20,387,2.457002457002457
2026-01-25 19:04:13.424433,0.13395461666666666,15,9,6,60.0,250.14999999999992,502.59,252.44000000000003,55.843333333333334,42.07333333333334,16.676666666666662,1.990928537474251,76.26,-58.74,50000.0,50382.65,50382.65,0.7653000000000029,51.279999999998836,241.25,0.4788354721317755,-3,9,3,5,816,20,388,2.450980392156863
2026-01-25 19:04:13.442655,0.1342583,15,9,6,60.0,250.14999999999992,502.59,252.44000000000003,55.843333333333334,42.07333333333334,16.676666666666662,1.990928537474251,76.26,-58.74,50000.0,50388.9,50388.9,0.7778000000000029,57.529999999998836,241.25,0.4787760796524631,-3,9,3,5,818,20,389,2.444987775061125
2026-01-25 19:04:13.460179,0.13455038333333333,15,9,6,60.0,250.14999999999992,502.59,252.44000000000003,55.843333333333334,42.07333333333334,16.676666666666662,1.990928537474251,76.26,-58.74,50000.0,50388.9,50388.9,0.7778000000000029,57.529999999998836,241.25,0.4787760796524631,-3,9,3,5,820,20,390,2.4390243902439024
2026-01-25 19:04:13.478003,0.13484745,15,9,6,60.0,250.14999999999992,502.59,252.44000000000003,55.843333333333334,42.07333333333334,16.676666666666662,1.990928537474251,76.26,-58.74,50000.0,50395.15,50395.15,0.790300000000003,63.779999999998836,241.25,0.478716701904846,-3,9,3,5,822,20,391,2.4330900243309004
2026-01-25 19:04:13.495516,0.13513935000000002,16,10,6,62.5,291.4099999999999,543.85,252.44000000000003,54.385000000000005,42.07333333333334,18.213124999999994,2.154373316431627,76.26,-58.74,50000.0,50441.41,50441.41,0.882820000000007,110.04000000000087,241.25,0.47827766908181185,1,9,3,4,824,20,392,2.4271844660194173
2026-01-25 19:04:13.513266,0.1354351666666667,16,10,6,62.5,291.4099999999999,543.85,252.44000000000003,54.385000000000005,42.07333333333334,18.213124999999994,2.154373316431627,76.26,-58.74,50000.0,50406.41,50441.41,0.812820000000007,75.04000000000087,241.25,0.47827766908181185,1,9,3,4,826,20,393,2.4213075060532687
2026-01-25 19:04:13.531051,0.1357316,18,12,6,66.66666666666666,360.1799999999999,612.62,252.44000000000003,51.05166666666667,42.07333333333334,20.009999999999994,2.4267944858184123,76.26,-58.74,50000.0,50432.68,50441.41,0.8653600000000006,101.30999999999767,241.25,0.47827766908181185,3,9,3,2,828,20,394,2.4154589371980677
2026-01-25 19:04:13.548746,0.1360265,18,12,6,66.66666666666666,360.1799999999999,612.62,252.44000000000003,51.05166666666667,42.07333333333334,20.009999999999994,2.4267944858184123,76.26,-58.74,50000.0,50417.68,50441.41,0.8353600000000007,86.30999999999767,241.25,0.47827766908181185,3,9,3,2,830,20,395,2.4096385542168677
2026-01-25 19:04:13.566066,0.13631516666666668,18,12,6,66.66666666666666,360.1799999999999,612.62,252.44000000000003,51.05166666666667,42.07333333333334,20.009999999999994,2.4267944858184123,76.26,-58.74,50000.0,50425.18,50441.41,0.8503600000000006,93.80999999999767,241.25,0.47827766908181185,3,9,3,2,832,20,396,2.403846153846154
2026-01-25 19:04:13.583588,0.13660719999999998,18,12,6,66.66666666666666,360.1799999999999,612.62,252.44000000000003,51.05166666666667,42.07333333333334,20.009999999999994,2.4267944858184123,76.26,-58.74,50000.0,50415.18,50441.41,0.8303600000000007,83.80999999999767,241.25,0.47827766908181185,3,9,3,2,834,20,397,2.3980815347721824
2026-01-25 19:04:13.601728,0.13690953333333333,18,12,6,66.66666666666666,360.1799999999999,612.62,252.44000000000003,51.05166666666667,42.07333333333334,20.009999999999994,2.4267944858184123,76.26,-58.74,50000.0,50417.68,50441.41,0.8353600000000007,86.30999999999767,241.25,0.47827766908181185,3,9,3,2,836,20,398,2.3923444976076556
2026-01-25 19:04:13.619937,0.13721301666666666,18,12,6,66.66666666666666,360.1799999999999,612.62,252.44000000000003,51.05166666666667,42.07333333333334,20.009999999999994,2.4267944858184123,76.26,-58.74,50000.0,50395.18,50441.41,0.7903600000000005,63.80999999999767,241.25,0.47827766908181185,3,9,3,2,838,20,399,2.386634844868735
2026-01-25 19:04:13.637513,0.13750596666666667,20,14,6,70.0,441.4499999999999,693.89,252.44000000000003,49.56357142857143,42.07333333333334,22.072499999999994,2.7487323720488033,76.26,-58.74,50000.0,50441.45,50441.45,0.8828999999999941,46.2699999999968,241.25,0.4782772898082827,5,9,3,0,840,20,400,2.380952380952381
2026-01-25 19:04:13.655711,0.13780926666666668,20,14,6,70.0,441.4499999999999,693.89,252.44000000000003,49.56357142857143,42.07333333333334,22.072499999999994,2.7487323720488033,76.26,-58.74,50000.0,50441.45,50441.45,0.8828999999999941,46.2699999999968,241.25,0.4782772898082827,5,9,3,0,842,20,401,2.375296912114014
2026-01-25 19:04:13.674841,0.1381281,20,14,6,70.0,441.4499999999999,693.89,252.44000000000003,49.56357142857143,42.07333333333334,22.072499999999994,2.7487323720488033,76.26,-58.74,50000.0,50441.45,50441.45,0.8828999999999941,46.2699999999968,241.25,0.4782772898082827,5,9,3,0,844,20,402,2.3696682464454977
2026-01-25 19:04:13.692323,0.13841945000000003,20,14,6,70.0,441.4499999999999,693.89,252.44000000000003,49.56357142857143,42.07333333333334,22.072499999999994,2.7487323720488033,76.26,-58.74,50000.0,50441.45,50441.45,0.8828999999999941,46.2699999999968,241.25,0.4782772898082827,5,9,3,0,846,20,403,2.3640661938534278
2026-01-25 19:04:13.710179,0.13871704999999998,20,14,6,70.0,441.4499999999999,693.89,252.44000000000003,49.56357142857143,42.07333333333334,22.072499999999994,2.7487323720488033,76.26,-58.74,50000.0,50441.45,50441.45,0.8828999999999941,46.2699999999968,241.25,0.4782772898082827,5,9,3,0,848,20,404,2.358490566037736
2026-01-25 19:04:13.727431,0.13900458333333335,20,14,6,70.0,441.4499999999999,693.89,252.44000000000003,49.56357142857143,42.07333333333334,22.072499999999994,2.7487323720488033,76.26,-58.74,50000.0,50441.45,50441.45,0.8828999999999941,46.2699999999968,241.25,0.4782772898082827,5,9,3,0,850,20,405,2.3529411764705883
2026-01-25 19:04:13.745320,0.13930275,20,14,6,70.0,441.4499999999999,693.89,252.44000000000003,49.56357142857143,42.07333333333334,22.072499999999994,2.7487323720488033,76.26,-58.74,50000.0,50441.45,50441.45,0.8828999999999941,46.2699999999968,241.25,0.4782772898082827,5,9,3,0,852,20,406,2.3474178403755865
2026-01-25 19:04:13.763440,0.13960475,20,14,6,70.0,441.4499999999999,693.89,252.44000000000003,49.56357142857143,42.07333333333334,22.072499999999994,2.7487323720488033,76.26,-58.74,50000.0,50441.45,50441.45,0.8828999999999941,46.2699999999968,241.25,0.4782772898082827,5,9,3,0,854,20,407,2.3419203747072603
2026-01-25 19:04:13.781676,0.13990866666666665,20,14,6,70.0,441.4499999999999,693.89,252.44000000000003,49.56357142857143,42.07333333333334,22.072499999999994,2.7487323720488033,76.26,-58.74,50000.0,50441.45,50441.45,0.8828999999999941,46.2699999999968,241.25,0.4782772898082827,5,9,3,0,856,20,408,2.336448598130841
2026-01-25 19:04:13.799676,0.14020866666666668,20,14,6,70.0,441.4499999999999,693.89,252.44000000000003,49.56357142857143,42.07333333333334,22.072499999999994,2.7487323720488033,76.26,-58.74,50000.0,50441.45,50441.45,0.8828999999999941,46.2699999999968,241.25,0.4782772898082827,5,9,3,0,858,20,409,2.331002331002331
2026-01-25 19:04:13.817445,0.14050481666666667,20,14,6,70.0,441.4499999999999,693.89,252.44000000000003,49.56357142857143,42.07333333333334,22.072499999999994,2.7487323720488033,76.26,-58.74,50000.0,50441.45,50441.45,0.8828999999999941,46.2699999999968,241.25,0.4782772898082827,5,9,3,0,860,20,410,2.3255813953488373
2026-01-25 19:04:13.834995,0.14079731666666667,20,14,6,70.0,441.4499999999999,693.89,252.44000000000003,49.56357142857143,42.07333333333334,22.072499999999994,2.7487323720488033,76.26,-58.74,50000.0,50441.45,50441.45,0.8828999999999941,46.2699999999968,241.25,0.4782772898082827,5,9,3,0,862,20,411,2.320185614849188
2026-01-25 19:04:13.853054,0.14109856666666667,20,14,6,70.0,441.4499999999999,693.89,252.44000000000003,49.56357142857143,42.07333333333334,22.072499999999994,2.7487323720488033,76.26,-58.74,50000.0,50441.45,50441.45,0.8828999999999941,46.2699999999968,241.25,0.4782772898082827,5,9,3,0,864,20,412,2.314814814814815
2026-01-25 19:04:13.870256,0.14138521666666665,20,14,6,70.0,441.4499999999999,693.89,252.44000000000003,49.56357142857143,42.07333333333334,22.072499999999994,2.7487323720488033,76.26,-58.74,50000.0,50441.45,50441.45,0.8828999999999941,46.2699999999968,241.25,0.4782772898082827,5,9,3,0,866,20,413,2.3094688221709005
2026-01-25 19:04:13.888013,0.14168095,20,14,6,70.0,441.4499999999999,693.89,252.44000000000003,49.56357142857143,42.07333333333334,22.072499999999994,2.7487323720488033,76.26,-58.74,50000.0,50441.45,50441.45,0.8828999999999941,46.2699999999968,241.25,0.4782772898082827,5,9,3,0,868,20,414,2.3041474654377883
2026-01-25 19:04:13.906049,0.14198155,20,14,6,70.0,441.4499999999999,693.89,252.44000000000003,49.56357142857143,42.07333333333334,22.072499999999994,2.7487323720488033,76.26,-58.74,50000.0,50441.45,50441.45,0.8828999999999941,46.2699999999968,241.25,0.4782772898082827,5,9,3,0,870,20,415,2.2988505747126435
2026-01-25 19:04:13.923921,0.14227941666666669,20,14,6,70.0,441.4499999999999,693.89,252.44000000000003,49.56357142857143,42.07333333333334,22.072499999999994,2.7487323720488033,76.26,-58.74,50000.0,50441.45,50441.45,0.8828999999999941,46.2699999999968,241.25,0.4782772898082827,5,9,3,0,872,20,416,2.293577981651376
2026-01-25 19:04:13.941840,0.14257866666666666,20,14,6,70.0,441.4499999999999,693.89,252.44000000000003,49.56357142857143,42.07333333333334,22.072499999999994,2.7487323720488033,76.26,-58.74,50000.0,50441.45,50441.45,0.8828999999999941,46.2699999999968,241.25,0.4782772898082827,5,9,3,0,874,20,417,2.2883295194508007
2026-01-25 19:04:13.960206,0.14288416666666667,20,14,6,70.0,441.4499999999999,693.89,252.44000000000003,49.56357142857143,42.07333333333334,22.072499999999994,2.7487323720488033,76.26,-58.74,50000.0,50441.45,50441.45,0.8828999999999941,46.2699999999968,241.25,0.4782772898082827,5,9,3,0,876,20,418,2.28310502283105
2026-01-25 19:04:13.977847,0.14317826666666666,20,14,6,70.0,441.4499999999999,693.89,252.44000000000003,49.56357142857143,42.07333333333334,22.072499999999994,2.7487323720488033,76.26,-58.74,50000.0,50441.45,50441.45,0.8828999999999941,46.2699999999968,241.25,0.4782772898082827,5,9,3,0,878,20,419,2.277904328018223
2026-01-25 19:04:13.995657,0.14347501666666668,20,14,6,70.0,441.4499999999999,693.89,252.44000000000003,49.56357142857143,42.07333333333334,22.072499999999994,2.7487323720488033,76.26,-58.74,50000.0,50441.45,50441.45,0.8828999999999941,46.2699999999968,241.25,0.4782772898082827,5,9,3,0,880,20,420,2.272727272727273
2026-01-25 19:04:14.015930,0.1438129,20,14,6,70.0,441.4499999999999,693.89,252.44000000000003,49.56357142857143,42.07333333333334,22.072499999999994,2.7487323720488033,76.26,-58.74,50000.0,50441.45,50441.45,0.8828999999999941,46.2699999999968,241.25,0.4782772898082827,5,9,3,0,882,20,421,2.2675736961451247
2026-01-25 19:04:14.033872,0.14411193333333333,20,14,6,70.0,441.4499999999999,693.89,252.44000000000003,49.56357142857143,42.07333333333334,22.072499999999994,2.7487323720488033,76.26,-58.74,50000.0,50441.45,50441.45,0.8828999999999941,46.2699999999968,241.25,0.4782772898082827,5,9,3,0,884,20,422,2.262443438914027
2026-01-25 19:04:14.052626,0.14442451666666667,20,14,6,70.0,441.4499999999999,693.89,252.44000000000003,49.56357142857143,42.07333333333334,22.072499999999994,2.7487323720488033,76.26,-58.74,50000.0,50441.45,50441.45,0.8828999999999941,46.2699999999968,241.25,0.4782772898082827,5,9,3,0,886,20,423,2.2573363431151243
2026-01-25 19:04:14.071517,0.14473935000000002,20,14,6,70.0,441.4499999999999,693.89,252.44000000000003,49.56357142857143,42.07333333333334,22.072499999999994,2.7487323720488033,76.26,-58.74,50000.0,50441.45,50441.45,0.8828999999999941,46.2699999999968,241.25,0.4782772898082827,5,9,3,0,888,20,424,2.2522522522522523
2026-01-25 19:04:14.088925,0.14502948333333335,20,14,6,70.0,441.4499999999999,693.89,252.44000000000003,49.56357142857143,42.07333333333334,22.072499999999994,2.7487323720488033,76.26,-58.74,50000.0,50441.45,50441.45,0.8828999999999941,46.2699999999968,241.25,0.4782772898082827,5,9,3,0,890,20,425,2.247191011235955
2026-01-25 19:04:14.106798,0.14532736666666668,20,14,6,70.0,441.4499999999999,693.89,252.44000000000003,49.56357142857143,42.07333333333334,22.072499999999994,2.7487323720488033,76.26,-58.74,50000.0,50441.45,50441.45,0.8828999999999941,46.2699999999968,241.25,0.4782772898082827,5,9,3,0,892,20,426,2.242152466367713
2026-01-25 19:04:14.124432,0.14562126666666667,20,14,6,70.0,441.4499999999999,693.89,252.44000000000003,49.56357142857143,42.07333333333334,22.072499999999994,2.7487323720488033,76.26,-58.74,50000.0,50441.45,50441.45,0.8828999999999941,46.2699999999968,241.25,0.4782772898082827,5,9,3,0,894,20,427,2.237136465324385
2026-01-25 19:04:14.142756,0.14592666666666665,20,14,6,70.0,441.4499999999999,693.89,252.44000000000003,49.56357142857143,42.07333333333334,22.072499999999994,2.7487323720488033,76.26,-58.74,50000.0,50441.45,50441.45,0.8828999999999941,46.2699999999968,241.25,0.4782772898082827,5,9,3,0,896,20,428,2.232142857142857
2026-01-25 19:04:14.160438,0.14622136666666666,20,14,6,70.0,441.4499999999999,693.89,252.44000000000003,49.56357142857143,42.07333333333334,22.072499999999994,2.7487323720488033,76.26,-58.74,50000.0,50441.45,50441.45,0.8828999999999941,46.2699999999968,241.25,0.4782772898082827,5,9,3,0,898,20,429,2.2271714922048997
2026-01-25 19:04:14.178686,0.1465255,20,14,6,70.0,441.4499999999999,693.89,252.44000000000003,49.56357142857143,42.07333333333334,22.072499999999994,2.7487323720488033,76.26,-58.74,50000.0,50441.45,50441.45,0.8828999999999941,46.2699999999968,241.25,0.4782772898082827,5,9,3,0,900,20,430,2.2222222222222223
2026-01-25 19:04:14.196774,0.14682696666666667,20,14,6,70.0,441.4499999999999,693.89,252.44000000000003,49.56357142857143,42.07333333333334,22.072499999999994,2.7487323720488033,76.26,-58.74,50000.0,50441.45,50441.45,0.8828999999999941,46.2699999999968,241.25,0.4782772898082827,5,9,3,0,902,20,431,2.2172949002217295
2026-01-25 19:04:14.214150,0.14711656666666664,20,14,6,70.0,441.4499999999999,693.89,252.44000000000003,49.56357142857143,42.07333333333334,22.072499999999994,2.7487323720488033,76.26,-58.74,50000.0,50441.45,50441.45,0.8828999999999941,46.2699999999968,241.25,0.4782772898082827,5,9,3,0,904,20,432,2.2123893805309733
2026-01-25 19:04:14.232103,0.14741578333333333,20,14,6,70.0,441.4499999999999,693.89,252.44000000000003,49.56357142857143,42.07333333333334,22.072499999999994,2.7487323720488033,76.26,-58.74,50000.0,50441.45,50441.45,0.8828999999999941,46.2699999999968,241.25,0.4782772898082827,5,9,3,0,906,20,433,2.207505518763797
2026-01-25 19:04:14.249766,0.14771016666666667,20,14,6,70.0,441.4499999999999,693.89,252.44000000000003,49.56357142857143,42.07333333333334,22.072499999999994,2.7487323720488033,76.26,-58.74,50000.0,50441.45,50441.45,0.8828999999999941,46.2699999999968,241.25,0.4782772898082827,5,9,3,0,908,20,434,2.2026431718061676
2026-01-25 19:04:14.267946,0.14801316666666667,20,14,6,70.0,441.4499999999999,693.89,252.44000000000003,49.56357142857143,42.07333333333334,22.072499999999994,2.7487323720488033,76.26,-58.74,50000.0,50441.45,50441.45,0.8828999999999941,46.2699999999968,241.25,0.4782772898082827,5,9,3,0,910,20,435,2.197802197802198
2026-01-25 19:04:14.285713,0.14830928333333335,20,14,6,70.0,441.4499999999999,693.89,252.44000000000003,49.56357142857143,42.07333333333334,22.072499999999994,2.7487323720488033,76.26,-58.74,50000.0,50441.45,50441.45,0.8828999999999941,46.2699999999968,241.25,0.4782772898082827,5,9,3,0,912,20,436,2.1929824561403506
2026-01-25 19:04:14.303595,0.14860731666666668,20,14,6,70.0,441.4499999999999,693.89,252.44000000000003,49.56357142857143,42.07333333333334,22.072499999999994,2.7487323720488033,76.26,-58.74,50000.0,50441.45,50441.45,0.8828999999999941,46.2699999999968,241.25,0.4782772898082827,5,9,3,0,914,20,437,2.1881838074398248
2026-01-25 19:04:14.321536,0.14890633333333333,20,14,6,70.0,441.4499999999999,693.89,252.44000000000003,49.56357142857143,42.07333333333334,22.072499999999994,2.7487323720488033,76.26,-58.74,50000.0,50441.45,50441.45,0.8828999999999941,46.2699999999968,241.25,0.4782772898082827,5,9,3,0,916,20,438,2.1834061135371177
2026-01-25 19:04:14.339531,0.14920625,20,14,6,70.0,441.4499999999999,693.89,252.44000000000003,49.56357142857143,42.07333333333334,22.072499999999994,2.7487323720488033,76.26,-58.74,50000.0,50441.45,50441.45,0.8828999999999941,46.2699999999968,241.25,0.4782772898082827,5,9,3,0,918,20,439,2.178649237472767
2026-01-25 19:04:14.357428,0.14950453333333333,20,14,6,70.0,441.4499999999999,693.89,252.44000000000003,49.56357142857143,42.07333333333334,22.072499999999994,2.7487323720488033,76.26,-58.74,50000.0,50441.45,50441.45,0.8828999999999941,46.2699999999968,241.25,0.4782772898082827,5,9,3,0,920,20,440,2.1739130434782608
2026-01-25 19:04:14.375380,0.14980373333333336,20,14,6,70.0,441.4499999999999,693.89,252.44000000000003,49.56357142857143,42.07333333333334,22.072499999999994,2.7487323720488033,76.26,-58.74,50000.0,50441.45,50441.45,0.8828999999999941,46.2699999999968,241.25,0.4782772898082827,5,9,3,0,922,20,441,2.1691973969631237
2026-01-25 19:04:14.393112,0.15009926666666665,20,14,6,70.0,441.4499999999999,693.89,252.44000000000003,49.56357142857143,42.07333333333334,22.072499999999994,2.7487323720488033,76.26,-58.74,50000.0,50441.45,50441.45,0.8828999999999941,46.2699999999968,241.25,0.4782772898082827,5,9,3,0,924,20,442,2.1645021645021645
2026-01-25 19:04:14.410473,0.15038861666666667,20,14,6,70.0,441.4499999999999,693.89,252.44000000000003,49.56357142857143,42.07333333333334,22.072499999999994,2.7487323720488033,76.26,-58.74,50000.0,50441.45,50441.45,0.8828999999999941,46.2699999999968,241.25,0.4782772898082827,5,9,3,0,926,20,443,2.159827213822894
2026-01-25 19:04:14.428332,0.1506862833333333,20,14,6,70.0,441.4499999999999,693.89,252.44000000000003,49.56357142857143,42.07333333333334,22.072499999999994,2.7487323720488033,76.26,-58.74,50000.0,50441.45,50441.45,0.8828999999999941,46.2699999999968,241.25,0.4782772898082827,5,9,3,0,928,20,444,2.1551724137931036
2026-01-25 19:04:14.445575,0.15097366666666667,20,14,6,70.0,441.4499999999999,693.89,252.44000000000003,49.56357142857143,42.07333333333334,22.072499999999994,2.7487323720488033,76.26,-58.74,50000.0,50441.45,50441.45,0.8828999999999941,46.2699999999968,241.25,0.4782772898082827,5,9,3,0,930,20,445,2.1505376344086025
2026-01-25 19:04:14.463515,0.15127265,20,14,6,70.0,441.4499999999999,693.89,252.44000000000003,49.56357142857143,42.07333333333334,22.072499999999994,2.7487323720488033,76.26,-58.74,50000.0,50441.45,50441.45,0.8828999999999941,46.2699999999968,241.25,0.4782772898082827,5,9,3,0,932,20,446,2.1459227467811157
2026-01-25 19:04:14.482659,0.15159171666666668,20,14,6,70.0,441.4499999999999,693.89,252.44000000000003,49.56357142857143,42.07333333333334,22.072499999999994,2.7487323720488033,76.26,-58.74,50000.0,50441.45,50441.45,0.8828999999999941,46.2699999999968,241.25,0.4782772898082827,5,9,3,0,934,20,447,2.141327623126338
2026-01-25 19:04:14.500740,0.15189306666666666,20,14,6,70.0,441.4499999999999,693.89,252.44000000000003,49.56357142857143,42.07333333333334,22.072499999999994,2.7487323720488033,76.26,-58.74,50000.0,50441.45,50441.45,0.8828999999999941,46.2699999999968,241.25,0.4782772898082827,5,9,3,0,936,20,448,2.1367521367521367
2026-01-25 19:04:14.519679,0.1522087166666667,20,14,6,70.0,441.4499999999999,693.89,252.44000000000003,49.56357142857143,42.07333333333334,22.072499999999994,2.7487323720488033,76.26,-58.74,50000.0,50441.45,50441.45,0.8828999999999941,46.2699999999968,241.25,0.4782772898082827,5,9,3,0,938,20,449,2.1321961620469083
2026-01-25 19:04:14.567521,0.15300608333333335,20,14,6,70.0,441.4499999999999,693.89,252.44000000000003,49.56357142857143,42.07333333333334,22.072499999999994,2.7487323720488033,76.26,-58.74,50000.0,50441.45,50441.45,0.8828999999999941,46.2699999999968,241.25,0.4782772898082827,5,9,3,0,940,20,450,2.127659574468085
2026-01-25 19:04:14.586617,0.15332435,20,14,6,70.0,441.4499999999999,693.89,252.44000000000003,49.56357142857143,42.07333333333334,22.072499999999994,2.7487323720488033,76.26,-58.74,50000.0,50441.45,50441.45,0.8828999999999941,46.2699999999968,241.25,0.4782772898082827,5,9,3,0,942,20,451,2.1231422505307855
2026-01-25 19:04:14.608191,0.15368391666666667,20,14,6,70.0,441.4499999999999,693.89,252.44000000000003,49.56357142857143,42.07333333333334,22.072499999999994,2.7487323720488033,76.26,-58.74,50000.0,50441.45,50441.45,0.8828999999999941,46.2699999999968,241.25,0.4782772898082827,5,9,3,0,944,20,452,2.11864406779661
2026-01-25 19:04:14.626766,0.1539935,20,14,6,70.0,441.4499999999999,693.89,252.44000000000003,49.56357142857143,42.07333333333334,22.072499999999994,2.7487323720488033,76.26,-58.74,50000.0,50441.45,50441.45,0.8828999999999941,46.2699999999968,241.25,0.4782772898082827,5,9,3,0,946,20,453,2.1141649048625792
2026-01-25 19:04:14.645695,0.15430903333333335,20,14,6,70.0,441.4499999999999,693.89,252.44000000000003,49.56357142857143,42.07333333333334,22.072499999999994,2.7487323720488033,76.26,-58.74,50000.0,50441.45,50441.45,0.8828999999999941,46.2699999999968,241.25,0.4782772898082827,5,9,3,0,948,20,454,2.109704641350211
2026-01-25 19:04:14.665022,0.15463111666666668,20,14,6,70.0,441.4499999999999,693.89,252.44000000000003,49.56357142857143,42.07333333333334,22.072499999999994,2.7487323720488033,76.26,-58.74,50000.0,50441.45,50441.45,0.8828999999999941,46.2699999999968,241.25,0.4782772898082827,5,9,3,0,950,20,455,2.1052631578947367
2026-01-25 19:04:14.682513,0.15492263333333334,20,14,6,70.0,441.4499999999999,693.89,252.44000000000003,49.56357142857143,42.07333333333334,22.072499999999994,2.7487323720488033,76.26,-58.74,50000.0,50441.45,50441.45,0.8828999999999941,46.2699999999968,241.25,0.4782772898082827,5,9,3,0,952,20,456,2.100840336134454
2026-01-25 19:04:14.700399,0.15522073333333333,20,14,6,70.0,441.4499999999999,693.89,252.44000000000003,49.56357142857143,42.07333333333334,22.072499999999994,2.7487323720488033,76.26,-58.74,50000.0,50441.45,50441.45,0.8828999999999941,46.2699999999968,241.25,0.4782772898082827,5,9,3,0,954,20,457,2.0964360587002098
2026-01-25 19:04:14.718470,0.15552190000000002,20,14,6,70.0,441.4499999999999,693.89,252.44000000000003,49.56357142857143,42.07333333333334,22.072499999999994,2.7487323720488033,76.26,-58.74,50000.0,50441.45,50441.45,0.8828999999999941,46.2699999999968,241.25,0.4782772898082827,5,9,3,0,956,20,458,2.092050209205021
2026-01-25 19:04:14.736817,0.1558277,20,14,6,70.0,441.4499999999999,693.89,252.44000000000003,49.56357142857143,42.07333333333334,22.072499999999994,2.7487323720488033,76.26,-58.74,50000.0,50441.45,50441.45,0.8828999999999941,46.2699999999968,241.25,0.4782772898082827,5,9,3,0,958,20,459,2.0876826722338206
2026-01-25 19:04:14.754018,0.15611438333333333,20,14,6,70.0,441.4499999999999,693.89,252.44000000000003,49.56357142857143,42.07333333333334,22.072499999999994,2.7487323720488033,76.26,-58.74,50000.0,50441.45,50441.45,0.8828999999999941,46.2699999999968,241.25,0.4782772898082827,5,9,3,0,960,20,460,2.083333333333333
2026-01-25 19:04:14.772284,0.1564188,20,14,6,70.0,441.4499999999999,693.89,252.44000000000003,49.56357142857143,42.07333333333334,22.072499999999994,2.7487323720488033,76.26,-58.74,50000.0,50441.45,50441.45,0.8828999999999941,46.2699999999968,241.25,0.4782772898082827,5,9,3,0,962,20,461,2.079002079002079
2026-01-25 19:04:14.790171,0.1567169333333333,20,14,6,70.0,441.4499999999999,693.89,252.44000000000003,49.56357142857143,42.07333333333334,22.072499999999994,2.7487323720488033,76.26,-58.74,50000.0,50441.45,50441.45,0.8828999999999941,46.2699999999968,241.25,0.4782772898082827,5,9,3,0,964,20,462,2.0746887966804977
2026-01-25 19:04:14.807899,0.15701238333333334,20,14,6,70.0,441.4499999999999,693.89,252.44000000000003,49.56357142857143,42.07333333333334,22.072499999999994,2.7487323720488033,76.26,-58.74,50000.0,50441.45,50441.45,0.8828999999999941,46.2699999999968,241.25,0.4782772898082827,5,9,3,0,966,20,463,2.070393374741201
2026-01-25 19:04:14.825659,0.15730838333333336,20,14,6,70.0,441.4499999999999,693.89,252.44000000000003,49.56357142857143,42.07333333333334,22.072499999999994,2.7487323720488033,76.26,-58.74,50000.0,50441.45,50441.45,0.8828999999999941,46.2699999999968,241.25,0.4782772898082827,5,9,3,0,968,20,464,2.066115702479339
2026-01-25 19:04:14.843882,0.1576121,20,14,6,70.0,441.4499999999999,693.89,252.44000000000003,49.56357142857143,42.07333333333334,22.072499999999994,2.7487323720488033,76.26,-58.74,50000.0,50441.45,50441.45,0.8828999999999941,46.2699999999968,241.25,0.4782772898082827,5,9,3,0,970,20,465,2.0618556701030926
2026-01-25 19:04:14.861970,0.15791358333333333,20,14,6,70.0,441.4499999999999,693.89,252.44000000000003,49.56357142857143,42.07333333333334,22.072499999999994,2.7487323720488033,76.26,-58.74,50000.0,50441.45,50441.45,0.8828999999999941,46.2699999999968,241.25,0.4782772898082827,5,9,3,0,972,20,466,2.05761316872428
2026-01-25 19:04:14.879725,0.1582095,20,14,6,70.0,441.4499999999999,693.89,252.44000000000003,49.56357142857143,42.07333333333334,22.072499999999994,2.7487323720488033,76.26,-58.74,50000.0,50441.45,50441.45,0.8828999999999941,46.2699999999968,241.25,0.4782772898082827,5,9,3,0,974,20,467,2.0533880903490758
2026-01-25 19:04:14.898284,0.15851881666666667,20,14,6,70.0,441.4499999999999,693.89,252.44000000000003,49.56357142857143,42.07333333333334,22.072499999999994,2.7487323720488033,76.26,-58.74,50000.0,50441.45,50441.45,0.8828999999999941,46.2699999999968,241.25,0.4782772898082827,5,9,3,0,976,20,468,2.0491803278688523
2026-01-25 19:04:14.916842,0.15882811666666666,20,14,6,70.0,441.4499999999999,693.89,252.44000000000003,49.56357142857143,42.07333333333334,22.072499999999994,2.7487323720488033,76.26,-58.74,50000.0,50441.45,50441.45,0.8828999999999941,46.2699999999968,241.25,0.4782772898082827,5,9,3,0,978,20,469,2.044989775051125
2026-01-25 19:04:14.934334,0.15911963333333334,20,14,6,70.0,441.4499999999999,693.89,252.44000000000003,49.56357142857143,42.07333333333334,22.072499999999994,2.7487323720488033,76.26,-58.74,50000.0,50441.45,50441.45,0.8828999999999941,46.2699999999968,241.25,0.4782772898082827,5,9,3,0,980,20,470,2.0408163265306123
2026-01-25 19:04:14.952243,0.15941811666666666,20,14,6,70.0,441.4499999999999,693.89,252.44000000000003,49.56357142857143,42.07333333333334,22.072499999999994,2.7487323720488033,76.26,-58.74,50000.0,50441.45,50441.45,0.8828999999999941,46.2699999999968,241.25,0.4782772898082827,5,9,3,0,982,20,471,2.0366598778004072
2026-01-25 19:04:14.970192,0.15971728333333332,20,14,6,70.0,441.4499999999999,693.89,252.44000000000003,49.56357142857143,42.07333333333334,22.072499999999994,2.7487323720488033,76.26,-58.74,50000.0,50441.45,50441.45,0.8828999999999941,46.2699999999968,241.25,0.4782772898082827,5,9,3,0,984,20,472,2.0325203252032518
2026-01-25 19:04:14.987013,0.15999763333333333,20,14,6,70.0,441.4499999999999,693.89,252.44000000000003,49.56357142857143,42.07333333333334,22.072499999999994,2.7487323720488033,76.26,-58.74,50000.0,50441.45,50441.45,0.8828999999999941,46.2699999999968,241.25,0.4782772898082827,5,9,3,0,986,20,473,2.028397565922921
2026-01-25 19:04:15.005992,0.16031394999999998,20,14,6,70.0,441.4499999999999,693.89,252.44000000000003,49.56357142857143,42.07333333333334,22.072499999999994,2.7487323720488033,76.26,-58.74,50000.0,50441.45,50441.45,0.8828999999999941,46.2699999999968,241.25,0.4782772898082827,5,9,3,0,988,20,474,2.0242914979757085
2026-01-25 19:04:15.024490,0.1606222333333333,20,14,6,70.0,441.4499999999999,693.89,252.44000000000003,49.56357142857143,42.07333333333334,22.072499999999994,2.7487323720488033,76.26,-58.74,50000.0,50441.45,50441.45,0.8828999999999941,46.2699999999968,241.25,0.4782772898082827,5,9,3,0,990,20,475,2.0202020202020203
2026-01-25 19:04:15.041981,0.16091375000000002,20,14,6,70.0,441.4499999999999,693.89,252.44000000000003,49.56357142857143,42.07333333333334,22.072499999999994,2.7487323720488033,76.26,-58.74,50000.0,50441.45,50441.45,0.8828999999999941,46.2699999999968,241.25,0.4782772898082827,5,9,3,0,992,20,476,2.0161290322580645
2026-01-25 19:04:15.060135,0.16121631666666666,20,14,6,70.0,441.4499999999999,693.89,252.44000000000003,49.56357142857143,42.07333333333334,22.072499999999994,2.7487323720488033,76.26,-58.74,50000.0,50441.45,50441.45,0.8828999999999941,46.2699999999968,241.25,0.4782772898082827,5,9,3,0,994,20,477,2.0120724346076457
2026-01-25 19:04:15.077716,0.16150933333333334,20,14,6,70.0,441.4499999999999,693.89,252.44000000000003,49.56357142857143,42.07333333333334,22.072499999999994,2.7487323720488033,76.26,-58.74,50000.0,50441.45,50441.45,0.8828999999999941,0.0,241.25,0.4782772898082827,5,9,3,0,996,20,478,2.0080321285140563
2026-01-25 19:04:15.095647,0.16180818333333333,20,14,6,70.0,441.4499999999999,693.89,252.44000000000003,49.56357142857143,42.07333333333334,22.072499999999994,2.7487323720488033,76.26,-58.74,50000.0,50441.45,50441.45,0.8828999999999941,0.0,241.25,0.4782772898082827,5,9,3,0,998,20,479,2.004008016032064
2026-01-25 19:04:15.112657,0.16209168333333332,20,14,6,70.0,441.4499999999999,693.89,252.44000000000003,49.56357142857143,42.07333333333334,22.072499999999994,2.7487323720488033,76.26,-58.74,50000.0,50441.45,50441.45,0.8828999999999941,0.0,241.25,0.4782772898082827,5,9,3,0,1000,20,480,2.0
2026-01-25 19:04:15.130545,0.1623898166666667,20,14,6,70.0,441.4499999999999,693.89,252.44000000000003,49.56357142857143,42.07333333333334,22.072499999999994,2.7487323720488033,76.26,-58.74,50000.0,50441.45,50441.45,0.8828999999999941,0.0,241.25,0.4782772898082827,5,9,3,0,1002,20,481,1.996007984031936
2026-01-25 19:04:15.148596,0.16269066666666668,20,14,6,70.0,441.4499999999999,693.89,252.44000000000003,49.56357142857143,42.07333333333334,22.072499999999994,2.7487323720488033,76.26,-58.74,50000.0,50441.45,50441.45,0.8828999999999941,0.0,241.25,0.4782772898082827,5,9,3,0,1004,20,482,1.9920318725099602
2026-01-25 19:04:15.166697,0.16299235,20,14,6,70.0,441.4499999999999,693.89,252.44000000000003,49.56357142857143,42.07333333333334,22.072499999999994,2.7487323720488033,76.26,-58.74,50000.0,50441.45,50441.45,0.8828999999999941,0.0,241.25,0.4782772898082827,5,9,3,0,1006,20,483,1.9880715705765408
2026-01-25 19:04:15.184277,0.16328535000000002,20,14,6,70.0,441.4499999999999,693.89,252.44000000000003,49.56357142857143,42.07333333333334,22.072499999999994,2.7487323720488033,76.26,-58.74,50000.0,50441.45,50441.45,0.8828999999999941,0.0,241.25,0.4782772898082827,5,9,3,0,1008,20,484,1.984126984126984
2026-01-25 19:04:15.202027,0.16358118333333332,20,14,6,70.0,441.4499999999999,693.89,252.44000000000003,49.56357142857143,42.07333333333334,22.072499999999994,2.7487323720488033,76.26,-58.74,50000.0,50441.45,50441.45,0.8828999999999941,0.0,241.25,0.4782772898082827,5,9,3,0,1010,20,485,1.9801980198019802
2026-01-25 19:04:15.219391,0.16387058333333335,20,14,6,70.0,441.4499999999999,693.89,252.44000000000003,49.56357142857143,42.07333333333334,22.072499999999994,2.7487323720488033,76.26,-58.74,50000.0,50441.45,50441.45,0.8828999999999941,0.0,241.25,0.4782772898082827,5,9,3,0,1012,20,486,1.9762845849802373
2026-01-25 19:04:15.237601,0.1641741,20,14,6,70.0,441.4499999999999,693.89,252.44000000000003,49.56357142857143,42.07333333333334,22.072499999999994,2.7487323720488033,76.26,-58.74,50000.0,50441.45,50441.45,0.8828999999999941,0.0,241.25,0.4782772898082827,5,9,3,0,1014,20,487,1.9723865877712032
2026-01-25 19:04:15.255476,0.164472,20,14,6,70.0,441.4499999999999,693.89,252.44000000000003,49.56357142857143,42.07333333333334,22.072499999999994,2.7487323720488033,76.26,-58.74,50000.0,50441.45,50441.45,0.8828999999999941,0.0,241.25,0.4782772898082827,5,9,3,0,1016,20,488,1.968503937007874
2026-01-25 19:04:15.273660,0.16477506666666666,20,14,6,70.0,441.4499999999999,693.89,252.44000000000003,49.56357142857143,42.07333333333334,22.072499999999994,2.7487323720488033,76.26,-58.74,50000.0,50441.45,50441.45,0.8828999999999941,0.0,241.25,0.4782772898082827,5,9,3,0,1018,20,489,1.9646365422396856
2026-01-25 19:04:15.291510,0.16507256666666667,20,14,6,70.0,441.4499999999999,693.89,252.44000000000003,49.56357142857143,42.07333333333334,22.072499999999994,2.7487323720488033,76.26,-58.74,50000.0,50441.45,50441.45,0.8828999999999941,0.0,241.25,0.4782772898082827,5,9,3,0,1020,20,490,1.9607843137254901
2026-01-25 19:04:15.309505,0.16537248333333335,20,14,6,70.0,441.4499999999999,693.89,252.44000000000003,49.56357142857143,42.07333333333334,22.072499999999994,2.7487323720488033,76.26,-58.74,50000.0,50441.45,50441.45,0.8828999999999941,0.0,241.25,0.4782772898082827,5,9,3,0,1022,20,491,1.9569471624266144
2026-01-25 19:04:15.327337,0.1656697,20,14,6,70.0,441.4499999999999,693.89,252.44000000000003,49.56357142857143,42.07333333333334,22.072499999999994,2.7487323720488033,76.26,-58.74,50000.0,50441.45,50441.45,0.8828999999999941,0.0,241.25,0.4782772898082827,5,9,3,0,1024,20,492,1.953125
2026-01-25 19:04:15.345163,0.16596678333333334,20,14,6,70.0,441.4499999999999,693.89,252.44000000000003,49.56357142857143,42.07333333333334,22.072499999999994,2.7487323720488033,76.26,-58.74,50000.0,50441.45,50441.45,0.8828999999999941,0.0,241.25,0.4782772898082827,5,9,3,0,1026,20,493,1.949317738791423
2026-01-25 19:04:15.363486,0.16627218333333332,20,14,6,70.0,441.4499999999999,693.89,252.44000000000003,49.56357142857143,42.07333333333334,22.072499999999994,2.7487323720488033,76.26,-58.74,50000.0,50441.45,50441.45,0.8828999999999941,0.0,241.25,0.4782772898082827,5,9,3,0,1028,20,494,1.9455252918287937
2026-01-25 19:04:15.381622,0.16657443333333333,20,14,6,70.0,441.4499999999999,693.89,252.44000000000003,49.56357142857143,42.07333333333334,22.072499999999994,2.7487323720488033,76.26,-58.74,50000.0,50441.45,50441.45,0.8828999999999941,0.0,241.25,0.4782772898082827,5,9,3,0,1030,20,495,1.9417475728155338
2026-01-25 19:04:15.399330,0.16686956666666666,20,14,6,70.0,441.4499999999999,693.89,252.44000000000003,49.56357142857143,42.07333333333334,22.072499999999994,2.7487323720488033,76.26,-58.74,50000.0,50441.45,50441.45,0.8828999999999941,0.0,241.25,0.4782772898082827,5,9,3,0,1032,20,496,1.937984496124031
2026-01-25 19:04:15.416886,0.16716216666666667,20,14,6,70.0,441.4499999999999,693.89,252.44000000000003,49.56357142857143,42.07333333333334,22.072499999999994,2.7487323720488033,76.26,-58.74,50000.0,50441.45,50441.45,0.8828999999999941,0.0,241.25,0.4782772898082827,5,9,3,0,1034,20,497,1.9342359767891684
2026-01-25 19:04:15.434828,0.1674612,20,14,6,70.0,441.4499999999999,693.89,252.44000000000003,49.56357142857143,42.07333333333334,22.072499999999994,2.7487323720488033,76.26,-58.74,50000.0,50441.45,50441.45,0.8828999999999941,0.0,241.25,0.4782772898082827,5,9,3,0,1036,20,498,1.9305019305019304
2026-01-25 19:04:15.452642,0.1677581,20,14,6,70.0,441.4499999999999,693.89,252.44000000000003,49.56357142857143,42.07333333333334,22.072499999999994,2.7487323720488033,76.26,-58.74,50000.0,50441.45,50441.45,0.8828999999999941,0.0,241.25,0.4782772898082827,5,9,3,0,1038,20,499,1.9267822736030826
2026-01-25 19:04:15.470170,0.16805023333333333,20,14,6,70.0,441.4499999999999,693.89,252.44000000000003,49.56357142857143,42.07333333333334,22.072499999999994,2.7487323720488033,76.26,-58.74,50000.0,50441.45,50441.45,0.8828999999999941,0.0,241.25,0.4782772898082827,5,9,3,0,1040,20,500,1.9230769230769231
2026-01-25 19:04:15.487277,0.16833535,20,14,6,70.0,441.4499999999999,693.89,252.44000000000003,49.56357142857143,42.07333333333334,22.072499999999994,2.7487323720488033,76.26,-58.74,50000.0,50441.45,50441.45,0.8828999999999941,0.0,241.25,0.4782772898082827,5,9,3,0,1042,20,501,1.9193857965451053
2026-01-25 19:04:15.504332,0.1686196,20,14,6,70.0,441.4499999999999,693.89,252.44000000000003,49.56357142857143,42.07333333333334,22.072499999999994,2.7487323720488033,76.26,-58.74,50000.0,50441.45,50441.45,0.8828999999999941,0.0,241.25,0.4782772898082827,5,9,3,0,1044,20,502,1.9157088122605364
2026-01-25 19:04:15.523327,0.16893618333333332,20,14,6,70.0,441.4499999999999,693.89,252.44000000000003,49.56357142857143,42.07333333333334,22.072499999999994,2.7487323720488033,76.26,-58.74,50000.0,50441.45,50441.45,0.8828999999999941,0.0,241.25,0.4782772898082827,5,9,3,0,1046,20,503,1.9120458891013385
2026-01-25 19:04:15.540102,0.16921576666666666,20,14,6,70.0,441.4499999999999,693.89,252.44000000000003,49.56357142857143,42.07333333333334,22.072499999999994,2.7487323720488033,76.26,-58.74,50000.0,50441.45,50441.45,0.8828999999999941,0.0,241.25,0.4782772898082827,5,9,3,0,1048,20,504,1.9083969465648856
2026-01-25 19:04:15.557318,0.16950269999999998,20,14,6,70.0,441.4499999999999,693.89,252.44000000000003,49.56357142857143,42.07333333333334,22.072499999999994,2.7487323720488033,76.26,-58.74,50000.0,50441.45,50441.45,0.8828999999999941,0.0,241.25,0.4782772898082827,5,9,3,0,1050,20,505,1.9047619047619049
2026-01-25 19:04:15.575201,0.16980075,20,14,6,70.0,441.4499999999999,693.89,252.44000000000003,49.56357142857143,42.07333333333334,22.072499999999994,2.7487323720488033,76.26,-58.74,50000.0,50441.45,50441.45,0.8828999999999941,0.0,241.25,0.4782772898082827,5,9,3,0,1052,20,506,1.9011406844106464
2026-01-25 19:04:15.592859,0.17009505,20,14,6,70.0,441.4499999999999,693.89,252.44000000000003,49.56357142857143,42.07333333333334,22.072499999999994,2.7487323720488033,76.26,-58.74,50000.0,50441.45,50441.45,0.8828999999999941,0.0,241.25,0.4782772898082827,5,9,3,0,1054,20,507,1.8975332068311195
2026-01-25 19:04:15.609504,0.17037248333333332,20,14,6,70.0,441.4499999999999,693.89,252.44000000000003,49.56357142857143,42.07333333333334,22.072499999999994,2.7487323720488033,76.26,-58.74,50000.0,50441.45,50441.45,0.8828999999999941,0.0,241.25,0.4782772898082827,5,9,3,0,1056,20,508,1.893939393939394
2026-01-25 19:04:15.627829,0.1706779,20,14,6,70.0,441.4499999999999,693.89,252.44000000000003,49.56357142857143,42.07333333333334,22.072499999999994,2.7487323720488033,76.26,-58.74,50000.0,50441.45,50441.45,0.8828999999999941,0.0,241.25,0.4782772898082827,5,9,3,0,1058,20,509,1.890359168241966
2026-01-25 19:04:15.645347,0.17096985,20,14,6,70.0,441.4499999999999,693.89,252.44000000000003,49.56357142857143,42.07333333333334,22.072499999999994,2.7487323720488033,76.26,-58.74,50000.0,50441.45,50441.45,0.8828999999999941,0.0,241.25,0.4782772898082827,5,9,3,0,1060,20,510,1.8867924528301887
2026-01-25 19:04:15.663787,0.17127718333333333,20,14,6,70.0,441.4499999999999,693.89,252.44000000000003,49.56357142857143,42.07333333333334,22.072499999999994,2.7487323720488033,76.26,-58.74,50000.0,50441.45,50441.45,0.8828999999999941,0.0,241.25,0.4782772898082827,5,9,3,0,1062,20,511,1.8832391713747645
2026-01-25 19:04:15.681624,0.17157446666666668,20,14,6,70.0,441.4499999999999,693.89,252.44000000000003,49.56357142857143,42.07333333333334,22.072499999999994,2.7487323720488033,76.26,-58.74,50000.0,50441.45,50441.45,0.8828999999999941,0.0,241.25,0.4782772898082827,5,9,3,0,1064,20,512,1.8796992481203008
2026-01-25 19:04:15.699491,0.17187224999999998,20,14,6,70.0,441.4499999999999,693.89,252.44000000000003,49.56357142857143,42.07333333333334,22.072499999999994,2.7487323720488033,76.26,-58.74,50000.0,50441.45,50441.45,0.8828999999999941,0.0,241.25,0.4782772898082827,5,9,3,0,1066,20,513,1.876172607879925
2026-01-25 19:04:15.717437,0.17217135,20,14,6,70.0,441.4499999999999,693.89,252.44000000000003,49.56357142857143,42.07333333333334,22.072499999999994,2.7487323720488033,76.26,-58.74,50000.0,50441.45,50441.45,0.8828999999999941,0.0,241.25,0.4782772898082827,5,9,3,0,1068,20,514,1.8726591760299627
2026-01-25 19:04:15.735092,0.17246560000000002,20,14,6,70.0,441.4499999999999,693.89,252.44000000000003,49.56357142857143,42.07333333333334,22.072499999999994,2.7487323720488033,76.26,-58.74,50000.0,50441.45,50441.45,0.8828999999999941,0.0,241.25,0.4782772898082827,5,9,3,0,1070,20,515,1.8691588785046727
2026-01-25 19:04:15.753064,0.17276513333333332,20,14,6,70.0,441.4499999999999,693.89,252.44000000000003,49.56357142857143,42.07333333333334,22.072499999999994,2.7487323720488033,76.26,-58.74,50000.0,50441.45,50441.45,0.8828999999999941,0.0,241.25,0.4782772898082827,5,9,3,0,1072,20,516,1.8656716417910446
2026-01-25 19:04:15.770805,0.17306081666666667,20,14,6,70.0,441.4499999999999,693.89,252.44000000000003,49.56357142857143,42.07333333333334,22.072499999999994,2.7487323720488033,76.26,-58.74,50000.0,50441.45,50441.45,0.8828999999999941,0.0,241.25,0.4782772898082827,5,9,3,0,1074,20,517,1.86219739292365
2026-01-25 19:04:15.788794,0.17336064999999998,20,14,6,70.0,441.4499999999999,693.89,252.44000000000003,49.56357142857143,42.07333333333334,22.072499999999994,2.7487323720488033,76.26,-58.74,50000.0,50441.45,50441.45,0.8828999999999941,0.0,241.25,0.4782772898082827,5,9,3,0,1076,20,518,1.858736059479554
2026-01-25 19:04:15.807184,0.17366713333333333,20,14,6,70.0,441.4499999999999,693.89,252.44000000000003,49.56357142857143,42.07333333333334,22.072499999999994,2.7487323720488033,76.26,-58.74,50000.0,50441.45,50441.45,0.8828999999999941,0.0,241.25,0.4782772898082827,5,9,3,0,1078,20,519,1.855287569573284
2026-01-25 19:04:15.824792,0.1739606,20,14,6,70.0,441.4499999999999,693.89,252.44000000000003,49.56357142857143,42.07333333333334,22.072499999999994,2.7487323720488033,76.26,-58.74,50000.0,50441.45,50441.45,0.8828999999999941,0.0,241.25,0.4782772898082827,5,9,3,0,1080,20,520,1.8518518518518516
2026-01-25 19:04:15.842649,0.1742582166666667,20,14,6,70.0,441.4499999999999,693.89,252.44000000000003,49.56357142857143,42.07333333333334,22.072499999999994,2.7487323720488033,76.26,-58.74,50000.0,50441.45,50441.45,0.8828999999999941,0.0,241.25,0.4782772898082827,5,9,3,0,1082,20,521,1.8484288354898337
2026-01-25 19:04:15.860518,0.17455603333333333,20,14,6,70.0,441.4499999999999,693.89,252.44000000000003,49.56357142857143,42.07333333333334,22.072499999999994,2.7487323720488033,76.26,-58.74,50000.0,50441.45,50441.45,0.8828999999999941,0.0,241.25,0.4782772898082827,5,9,3,0,1084,20,522,1.8450184501845017
2026-01-25 19:04:15.878306,0.1748525,20,14,6,70.0,441.4499999999999,693.89,252.44000000000003,49.56357142857143,42.07333333333334,22.072499999999994,2.7487323720488033,76.26,-58.74,50000.0,50441.45,50441.45,0.8828999999999941,0.0,241.25,0.4782772898082827,5,9,3,0,1086,20,523,1.841620626151013
2026-01-25 19:04:15.895332,0.17513626666666668,20,14,6,70.0,441.4499999999999,693.89,252.44000000000003,49.56357142857143,42.07333333333334,22.072499999999994,2.7487323720488033,76.26,-58.74,50000.0,50441.45,50441.45,0.8828999999999941,0.0,241.25,0.4782772898082827,5,9,3,0,1088,20,524,1.8382352941176472
2026-01-25 19:04:15.913614,0.17544096666666667,20,14,6,70.0,441.4499999999999,693.89,252.44000000000003,49.56357142857143,42.07333333333334,22.072499999999994,2.7487323720488033,76.26,-58.74,50000.0,50441.45,50441.45,0.8828999999999941,0.0,241.25,0.4782772898082827,5,9,3,0,1090,20,525,1.834862385321101
2026-01-25 19:04:15.931384,0.17573713333333335,20,14,6,70.0,441.4499999999999,693.89,252.44000000000003,49.56357142857143,42.07333333333334,22.072499999999994,2.7487323720488033,76.26,-58.74,50000.0,50441.45,50441.45,0.8828999999999941,0.0,241.25,0.4782772898082827,5,9,3,0,1092,20,526,1.8315018315018317
2026-01-25 19:04:15.949160,0.1760334,20,14,6,70.0,441.4499999999999,693.89,252.44000000000003,49.56357142857143,42.07333333333334,22.072499999999994,2.7487323720488033,76.26,-58.74,50000.0,50441.45,50441.45,0.8828999999999941,0.0,241.25,0.4782772898082827,5,9,3,0,1094,20,527,1.8281535648994516
2026-01-25 19:04:15.967406,0.17633749999999998,20,14,6,70.0,441.4499999999999,693.89,252.44000000000003,49.56357142857143,42.07333333333334,22.072499999999994,2.7487323720488033,76.26,-58.74,50000.0,50441.45,50441.45,0.8828999999999941,0.0,241.25,0.4782772898082827,5,9,3,0,1096,20,528,1.824817518248175
2026-01-25 19:04:15.985125,0.1766328166666667,20,14,6,70.0,441.4499999999999,693.89,252.44000000000003,49.56357142857143,42.07333333333334,22.072499999999994,2.7487323720488033,76.26,-58.74,50000.0,50441.45,50441.45,0.8828999999999941,0.0,241.25,0.4782772898082827,5,9,3,0,1098,20,529,1.8214936247723135
2026-01-25 19:04:16.002901,0.17692908333333335,20,14,6,70.0,441.4499999999999,693.89,252.44000000000003,49.56357142857143,42.07333333333334,22.072499999999994,2.7487323720488033,76.26,-58.74,50000.0,50441.45,50441.45,0.8828999999999941,0.0,241.25,0.4782772898082827,5,9,3,0,1100,20,530,1.8181818181818181
2026-01-25 19:04:16.020220,0.17721773333333332,20,14,6,70.0,441.4499999999999,693.89,252.44000000000003,49.56357142857143,42.07333333333334,22.072499999999994,2.7487323720488033,76.26,-58.74,50000.0,50441.45,50441.45,0.8828999999999941,0.0,241.25,0.4782772898082827,5,9,3,0,1102,20,531,1.8148820326678767
2026-01-25 19:04:16.038788,0.1775272,20,14,6,70.0,441.4499999999999,693.89,252.44000000000003,49.56357142857143,42.07333333333334,22.072499999999994,2.7487323720488033,76.26,-58.74,50000.0,50441.45,50441.45,0.8828999999999941,0.0,241.25,0.4782772898082827,5,9,3,0,1104,20,532,1.8115942028985508
2026-01-25 19:04:16.057492,0.17783895,20,14,6,70.0,441.4499999999999,693.89,252.44000000000003,49.56357142857143,42.07333333333334,22.072499999999994,2.7487323720488033,76.26,-58.74,50000.0,50441.45,50441.45,0.8828999999999941,0.0,241.25,0.4782772898082827,5,9,3,0,1106,20,533,1.8083182640144666
2026-01-25 19:04:16.075842,0.17814478333333333,20,14,6,70.0,441.4499999999999,693.89,252.44000000000003,49.56357142857143,42.07333333333334,22.072499999999994,2.7487323720488033,76.26,-58.74,50000.0,50441.45,50441.45,0.8828999999999941,0.0,241.25,0.4782772898082827,5,9,3,0,1108,20,534,1.8050541516245486
2026-01-25 19:04:16.093980,0.17844706666666665,20,14,6,70.0,441.4499999999999,693.89,252.44000000000003,49.56357142857143,42.07333333333334,22.072499999999994,2.7487323720488033,76.26,-58.74,50000.0,50441.45,50441.45,0.8828999999999941,0.0,241.25,0.4782772898082827,5,9,3,0,1110,20,535,1.8018018018018018
2026-01-25 19:04:16.112226,0.17875116666666668,20,14,6,70.0,441.4499999999999,693.89,252.44000000000003,49.56357142857143,42.07333333333334,22.072499999999994,2.7487323720488033,76.26,-58.74,50000.0,50441.45,50441.45,0.8828999999999941,0.0,241.25,0.4782772898082827,5,9,3,0,1112,20,536,1.7985611510791366
2026-01-25 19:04:16.130590,0.17905723333333334,20,14,6,70.0,441.4499999999999,693.89,252.44000000000003,49.56357142857143,42.07333333333334,22.072499999999994,2.7487323720488033,76.26,-58.74,50000.0,50441.45,50441.45,0.8828999999999941,0.0,241.25,0.4782772898082827,5,9,3,1,1114,21,536,1.8850987432675044
2026-01-25 19:04:16.148705,0.17935915,20,14,6,70.0,441.4499999999999,693.89,252.44000000000003,49.56357142857143,42.07333333333334,22.072499999999994,2.7487323720488033,76.26,-58.74,50000.0,50436.45,50441.45,0.8728999999999941,-5.0,241.25,0.4782772898082827,5,9,3,1,1116,21,537,1.881720430107527
2026-01-25 19:04:16.167178,0.17966703333333334,20,14,6,70.0,441.4499999999999,693.89,252.44000000000003,49.56357142857143,42.07333333333334,22.072499999999994,2.7487323720488033,76.26,-58.74,50000.0,50438.95,50441.45,0.8778999999999941,-2.5,241.25,0.4782772898082827,5,9,3,2,1118,22,537,1.9677996422182469
2026-01-25 19:04:16.185378,0.17997038333333334,20,14,6,70.0,441.4499999999999,693.89,252.44000000000003,49.56357142857143,42.07333333333334,22.072499999999994,2.7487323720488033,76.26,-58.74,50000.0,50453.95,50453.95,0.9078999999999942,12.5,241.25,0.4781587962884967,5,9,3,2,1120,22,538,1.9642857142857142
2026-01-25 19:04:16.203156,0.18026668333333334,20,14,6,70.0,441.4499999999999,693.89,252.44000000000003,49.56357142857143,42.07333333333334,22.072499999999994,2.7487323720488033,76.26,-58.74,50000.0,50446.45,50453.95,0.8928999999999943,5.0,241.25,0.4781587962884967,5,9,3,2,1122,22,539,1.9607843137254901
2026-01-25 19:04:16.220987,0.18056385,20,14,6,70.0,441.4499999999999,693.89,252.44000000000003,49.56357142857143,42.07333333333334,22.072499999999994,2.7487323720488033,76.26,-58.74,50000.0,50398.95,50453.95,0.7978999999999941,-42.5,241.25,0.4781587962884967,5,9,3,2,1124,22,540,1.9572953736654803
2026-01-25 19:04:16.238965,0.18086348333333332,20,14,6,70.0,441.4499999999999,693.89,252.44000000000003,49.56357142857143,42.07333333333334,22.072499999999994,2.7487323720488033,76.26,-58.74,50000.0,50411.45,50453.95,0.8228999999999941,-30.0,241.25,0.4781587962884967,5,9,3,2,1126,22,541,1.9538188277087036
2026-01-25 19:04:16.256979,0.18116373333333333,20,14,6,70.0,441.4499999999999,693.89,252.44000000000003,49.56357142857143,42.07333333333334,22.072499999999994,2.7487323720488033,76.26,-58.74,50000.0,50403.95,50453.95,0.8078999999999942,-37.5,241.25,0.4781587962884967,5,9,3,2,1128,22,542,1.950354609929078
2026-01-25 19:04:16.274883,0.18146213333333333,20,14,6,70.0,441.4499999999999,693.89,252.44000000000003,49.56357142857143,42.07333333333334,22.072499999999994,2.7487323720488033,76.26,-58.74,50000.0,50423.95,50453.95,0.8478999999999941,-17.5,241.25,0.4781587962884967,5,9,3,2,1130,22,543,1.9469026548672566
2026-01-25 19:04:16.293124,0.18176613333333333,20,14,6,70.0,441.4499999999999,693.89,252.44000000000003,49.56357142857143,42.07333333333334,22.072499999999994,2.7487323720488033,76.26,-58.74,50000.0,50446.45,50453.95,0.8928999999999943,5.0,241.25,0.4781587962884967,5,9,3,2,1132,22,544,1.9434628975265018
2026-01-25 19:04:16.311773,0.18207700000000002,20,14,6,70.0,441.4499999999999,693.89,252.44000000000003,49.56357142857143,42.07333333333334,22.072499999999994,2.7487323720488033,76.26,-58.74,50000.0,50428.95,50453.95,0.8578999999999942,-12.5,241.25,0.4781587962884967,5,9,3,2,1134,22,545,1.9400352733686066
2026-01-25 19:04:16.329010,0.18236423333333332,20,14,6,70.0,441.4499999999999,693.89,252.44000000000003,49.56357142857143,42.07333333333334,22.072499999999994,2.7487323720488033,76.26,-58.74,50000.0,50448.95,50453.95,0.8978999999999941,7.5,241.25,0.4781587962884967,5,9,3,2,1136,22,546,1.936619718309859
2026-01-25 19:04:16.347038,0.18266471666666667,20,14,6,70.0,441.4499999999999,693.89,252.44000000000003,49.56357142857143,42.07333333333334,22.072499999999994,2.7487323720488033,76.26,-58.74,50000.0,50446.45,50453.95,0.8928999999999943,5.0,241.25,0.4781587962884967,5,9,3,2,1138,22,547,1.9332161687170473
2026-01-25 19:04:16.364844,0.18296148333333334,20,14,6,70.0,441.4499999999999,693.89,252.44000000000003,49.56357142857143,42.07333333333334,22.072499999999994,2.7487323720488033,76.26,-58.74,50000.0,50428.95,50453.95,0.8578999999999942,-12.5,241.25,0.4781587962884967,5,9,3,2,1140,22,548,1.9298245614035088
2026-01-25 19:04:16.382729,0.18325955,20,14,6,70.0,441.4499999999999,693.89,252.44000000000003,49.56357142857143,42.07333333333334,22.072499999999994,2.7487323720488033,76.26,-58.74,50000.0,50441.45,50453.95,0.8828999999999941,0.0,241.25,0.4781587962884967,5,9,3,2,1142,22,549,1.926444833625219
2026-01-25 19:04:16.400262,0.18355176666666667,20,14,6,70.0,441.4499999999999,693.89,252.44000000000003,49.56357142857143,42.07333333333334,22.072499999999994,2.7487323720488033,76.26,-58.74,50000.0,50421.45,50453.95,0.8428999999999942,-20.0,241.25,0.4781587962884967,5,9,3,2,1144,22,550,1.9230769230769231
2026-01-25 19:04:16.418678,0.18385871666666667,20,14,6,70.0,441.4499999999999,693.89,252.44000000000003,49.56357142857143,42.07333333333334,22.072499999999994,2.7487323720488033,76.26,-58.74,50000.0,50456.45,50456.45,0.912899999999994,15.0,241.25,0.4781351046298342,5,9,3,2,1146,22,551,1.9197207678883073
2026-01-25 19:04:16.438565,0.18419016666666668,20,14,6,70.0,441.4499999999999,693.89,252.44000000000003,49.56357142857143,42.07333333333334,22.072499999999994,2.7487323720488033,76.26,-58.74,50000.0,50446.45,50456.45,0.8928999999999943,5.0,241.25,0.4781351046298342,5,9,3,2,1148,22,552,1.9163763066202089
2026-01-25 19:04:16.457020,0.18449773333333336,20,14,6,70.0,441.4499999999999,693.89,252.44000000000003,49.56357142857143,42.07333333333334,22.072499999999994,2.7487323720488033,76.26,-58.74,50000.0,50401.45,50456.45,0.8028999999999943,-40.0,241.25,0.4781351046298342,5,9,3,2,1150,22,553,1.9130434782608694
2026-01-25 19:04:16.475131,0.18479958333333332,22,14,8,63.63636363636363,358.96999999999986,693.89,334.92,49.56357142857143,41.865,16.316818181818174,2.0718081930013135,76.26,-58.74,50000.0,50358.97,50456.45,0.7179400000000024,-42.479999999995925,241.25,0.4781351046298342,-2,9,3,0,1152,22,554,1.9097222222222223
2026-01-25 19:04:16.492879,0.1850954,22,14,8,63.63636363636363,358.96999999999986,693.89,334.92,49.56357142857143,41.865,16.316818181818174,2.0718081930013135,76.26,-58.74,50000.0,50358.97,50456.45,0.7179400000000024,-42.479999999995925,241.25,0.4781351046298342,-2,9,3,0,1154,22,555,1.9064124783362217
2026-01-25 19:04:16.510926,0.18539616666666667,22,14,8,63.63636363636363,358.96999999999986,693.89,334.92,49.56357142857143,41.865,16.316818181818174,2.0718081930013135,76.26,-58.74,50000.0,50358.97,50456.45,0.7179400000000024,-42.479999999995925,241.25,0.4781351046298342,-2,9,3,0,1156,22,556,1.9031141868512111
2026-01-25 19:04:16.528143,0.18568311666666668,22,14,8,63.63636363636363,358.96999999999986,693.89,334.92,49.56357142857143,41.865,16.316818181818174,2.0718081930013135,76.26,-58.74,50000.0,50358.97,50456.45,0.7179400000000024,-42.479999999995925,241.25,0.4781351046298342,-2,9,3,0,1158,22,557,1.8998272884283247
2026-01-25 19:04:16.546783,0.1859938,22,14,8,63.63636363636363,358.96999999999986,693.89,334.92,49.56357142857143,41.865,16.316818181818174,2.0718081930013135,76.26,-58.74,50000.0,50358.97,50456.45,0.7179400000000024,-42.479999999995925,241.25,0.4781351046298342,-2,9,3,0,1160,22,558,1.896551724137931
2026-01-25 19:04:16.564933,0.1862963,22,14,8,63.63636363636363,358.96999999999986,693.89,334.92,49.56357142857143,41.865,16.316818181818174,2.0718081930013135,76.26,-58.74,50000.0,50358.97,50456.45,0.7179400000000024,-42.479999999995925,241.25,0.4781351046298342,-2,9,3,0,1162,22,559,1.8932874354561102
2026-01-25 19:04:16.583248,0.18660153333333335,22,14,8,63.63636363636363,358.96999999999986,693.89,334.92,49.56357142857143,41.865,16.316818181818174,2.0718081930013135,76.26,-58.74,50000.0,50358.97,50456.45,0.7179400000000024,-42.479999999995925,241.25,0.4781351046298342,-2,9,3,1,1164,23,559,1.9759450171821304
2026-01-25 19:04:16.603344,0.1869364666666667,22,14,8,63.63636363636363,358.96999999999986,693.89,334.92,49.56357142857143,41.865,16.316818181818174,2.0718081930013135,76.26,-58.74,50000.0,50350.22,50456.45,0.7004400000000024,-51.229999999995925,241.25,0.4781351046298342,-2,9,3,1,1166,23,560,1.9725557461406518
2026-01-25 19:04:16.621810,0.18724423333333334,22,14,8,63.63636363636363,358.96999999999986,693.89,334.92,49.56357142857143,41.865,16.316818181818174,2.0718081930013135,76.26,-58.74,50000.0,50352.72,50456.45,0.7054400000000023,-48.729999999995925,241.25,0.4781351046298342,-2,9,3,1,1168,23,561,1.9691780821917808
2026-01-25 19:04:16.642274,0.18758529999999998,22,14,8,63.63636363636363,358.96999999999986,693.89,334.92,49.56357142857143,41.865,16.316818181818174,2.0718081930013135,76.26,-58.74,50000.0,50341.47,50456.45,0.6829400000000023,-59.979999999995925,241.25,0.4781351046298342,-2,9,3,1,1170,23,562,1.9658119658119657
2026-01-25 19:04:16.662730,0.18792623333333333,22,14,8,63.63636363636363,358.96999999999986,693.89,334.92,49.56357142857143,41.865,16.316818181818174,2.0718081930013135,76.26,-58.74,50000.0,50371.47,50456.45,0.7429400000000024,-29.979999999995925,241.25,0.4781351046298342,-2,9,3,1,1172,23,563,1.9624573378839592
2026-01-25 19:04:16.681031,0.18823125,22,14,8,63.63636363636363,358.96999999999986,693.89,334.92,49.56357142857143,41.865,16.316818181818174,2.0718081930013135,76.26,-58.74,50000.0,50402.72,50456.45,0.8054400000000024,1.2700000000040745,241.25,0.4781351046298342,-2,9,3,1,1174,23,564,1.9591141396933562
2026-01-25 19:04:16.699433,0.18853795,22,14,8,63.63636363636363,358.96999999999986,693.89,334.92,49.56357142857143,41.865,16.316818181818174,2.0718081930013135,76.26,-58.74,50000.0,50418.97,50456.45,0.8379400000000023,17.520000000004075,241.25,0.4781351046298342,-2,9,3,1,1176,23,565,1.9557823129251701
2026-01-25 19:04:16.717670,0.1888419,22,14,8,63.63636363636363,358.96999999999986,693.89,334.92,49.56357142857143,41.865,16.316818181818174,2.0718081930013135,76.26,-58.74,50000.0,50411.47,50456.45,0.8229400000000023,10.020000000004075,241.25,0.4781351046298342,-2,9,3,2,1178,24,565,2.037351443123939
2026-01-25 19:04:16.735745,0.18914315,22,14,8,63.63636363636363,358.96999999999986,693.89,334.92,49.56357142857143,41.865,16.316818181818174,2.0718081930013135,76.26,-58.74,50000.0,50416.47,50456.45,0.8329400000000023,15.020000000004075,241.25,0.4781351046298342,-2,9,3,3,1180,25,565,2.11864406779661
2026-01-25 19:04:16.754488,0.18945553333333331,22,14,8,63.63636363636363,358.96999999999986,693.89,334.92,49.56357142857143,41.865,16.316818181818174,2.0718081930013135,76.26,-58.74,50000.0,50438.97,50456.45,0.8779400000000024,37.520000000004075,241.25,0.4781351046298342,-2,9,3,4,1182,26,565,2.199661590524535
2026-01-25 19:04:16.772707,0.18975918333333333,22,14,8,63.63636363636363,358.96999999999986,693.89,334.92,49.56357142857143,41.865,16.316818181818174,2.0718081930013135,76.26,-58.74,50000.0,50423.97,50456.45,0.8479400000000024,22.520000000004075,241.25,0.4781351046298342,-2,9,3,5,1184,27,565,2.2804054054054053
2026-01-25 19:04:16.791315,0.19006931666666665,22,14,8,63.63636363636363,358.96999999999986,693.89,334.92,49.56357142857143,41.865,16.316818181818174,2.0718081930013135,76.26,-58.74,50000.0,50417.72,50456.45,0.8354400000000024,16.270000000004075,241.25,0.4781351046298342,-2,9,3,5,1186,27,566,2.2765598650927488
2026-01-25 19:04:16.809138,0.19036636666666668,22,14,8,63.63636363636363,358.96999999999986,693.89,334.92,49.56357142857143,41.865,16.316818181818174,2.0718081930013135,76.26,-58.74,50000.0,50386.47,50456.45,0.7729400000000023,-14.979999999995925,241.25,0.4781351046298342,-2,9,3,6,1188,28,566,2.356902356902357
2026-01-25 19:04:16.827271,0.19066858333333334,22,14,8,63.63636363636363,358.96999999999986,693.89,334.92,49.56357142857143,41.865,16.316818181818174,2.0718081930013135,76.26,-58.74,50000.0,50528.97,50528.97,1.0579400000000023,127.52000000000407,241.25,0.47744887734699515,-2,9,3,7,1190,29,566,2.4369747899159666
2026-01-25 19:04:16.846141,0.1909831,22,14,8,63.63636363636363,358.96999999999986,693.89,334.92,49.56357142857143,41.865,16.316818181818174,2.0718081930013135,76.26,-58.74,50000.0,50590.22,50590.22,1.1804400000000024,188.77000000000407,241.25,0.47687082602131403,-2,9,3,8,1192,30,566,2.5167785234899327
2026-01-25 19:04:16.863807,0.19127751666666667,22,14,8,63.63636363636363,358.96999999999986,693.89,334.92,49.56357142857143,41.865,16.316818181818174,2.0718081930013135,76.26,-58.74,50000.0,50540.22,50590.22,1.0804400000000023,138.77000000000407,241.25,0.47687082602131403,-2,9,3,8,1194,30,567,2.512562814070352
2026-01-25 19:04:16.881972,0.19158035,22,14,8,63.63636363636363,358.96999999999986,693.89,334.92,49.56357142857143,41.865,16.316818181818174,2.0718081930013135,76.26,-58.74,50000.0,50560.22,50590.22,1.1204400000000023,158.77000000000407,241.25,0.47687082602131403,-2,9,3,8,1196,30,568,2.508361204013378
2026-01-25 19:04:16.899652,0.19187493333333333,22,14,8,63.63636363636363,358.96999999999986,693.89,334.92,49.56357142857143,41.865,16.316818181818174,2.0718081930013135,76.26,-58.74,50000.0,50660.22,50660.22,1.3204400000000025,258.7700000000041,241.25,0.47621190748875547,-2,9,3,8,1198,30,569,2.5041736227045077
2026-01-25 19:04:16.918211,0.19218426666666666,22,14,8,63.63636363636363,358.96999999999986,693.89,334.92,49.56357142857143,41.865,16.316818181818174,2.0718081930013135,76.26,-58.74,50000.0,50610.22,50660.22,1.2204400000000024,208.77000000000407,241.25,0.47621190748875547,-2,9,3,8,1200,30,570,2.5
2026-01-25 19:04:16.935791,0.19247725000000002,22,14,8,63.63636363636363,358.96999999999986,693.89,334.92,49.56357142857143,41.865,16.316818181818174,2.0718081930013135,76.26,-58.74,50000.0,50600.22,50660.22,1.2004400000000022,198.77000000000407,241.25,0.47621190748875547,-2,9,3,8,1202,30,571,2.4958402662229617
2026-01-25 19:04:16.953877,0.1927786833333333,22,14,8,63.63636363636363,358.96999999999986,693.89,334.92,49.56357142857143,41.865,16.316818181818174,2.0718081930013135,76.26,-58.74,50000.0,50750.22,50750.22,1.5004400000000024,348.7700000000041,241.25,0.4753673974221195,-2,9,3,8,1204,30,572,2.4916943521594686
2026-01-25 19:04:16.971611,0.19307425,22,14,8,63.63636363636363,358.96999999999986,693.89,334.92,49.56357142857143,41.865,16.316818181818174,2.0718081930013135,76.26,-58.74,50000.0,50700.22,50750.22,1.4004400000000023,298.7700000000041,241.25,0.4753673974221195,-2,9,3,8,1206,30,573,2.4875621890547266
2026-01-25 19:04:17.042373,0.19425366666666666,22,14,8,63.63636363636363,358.96999999999986,693.89,334.92,49.56357142857143,41.865,16.316818181818174,2.0718081930013135,76.26,-58.74,50000.0,50700.22,50750.22,1.4004400000000023,298.7700000000041,241.25,0.4753673974221195,-2,9,3,8,1208,30,574,2.4834437086092715
2026-01-25 19:04:17.106176,0.19531705,22,14,8,63.63636363636363,358.96999999999986,693.89,334.92,49.56357142857143,41.865,16.316818181818174,2.0718081930013135,76.26,-58.74,50000.0,50500.22,50750.22,1.0004400000000022,98.77000000000407,250.0,0.4926087019918337,-2,9,3,8,1210,30,575,2.479338842975207
2026-01-25 19:04:17.140848,0.19589488333333333,22,14,8,63.63636363636363,358.96999999999986,693.89,334.92,49.56357142857143,41.865,16.316818181818174,2.0718081930013135,76.26,-58.74,50000.0,50430.22,50750.22,0.8604400000000022,28.770000000004075,320.0,0.6305391385495472,-2,9,3,8,1212,30,576,2.4752475247524752
2026-01-25 19:04:17.167758,0.19634338333333332,22,14,8,63.63636363636363,358.96999999999986,693.89,334.92,49.56357142857143,41.865,16.316818181818174,2.0718081930013135,76.26,-58.74,50000.0,50400.22,50750.22,0.8004400000000023,-1.2299999999959255,350.0,0.6896521827885672,-2,9,3,8,1214,30,577,2.471169686985173
2026-01-25 19:04:17.187977,0.19668034999999998,22,14,8,63.63636363636363,358.96999999999986,693.89,334.92,49.56357142857143,41.865,16.316818181818174,2.0718081930013135,76.26,-58.74,50000.0,50310.22,50750.22,0.6204400000000023,-91.22999999999593,440.0,0.8669913155056272,-2,9,3,8,1216,30,578,2.4671052631578947
2026-01-25 19:04:17.207406,0.19700418333333333,23,14,9,60.86956521739131,315.22999999999985,693.89,378.66,49.56357142857143,42.07333333333334,13.705652173913037,1.8324882480325355,76.26,-58.74,50000.0,50388.98,50750.22,0.7779600000000064,-12.469999999993888,440.0,0.8669913155056272,-3,9,3,7,1218,30,579,2.4630541871921183
2026-01-25 19:04:17.226304,0.19731913333333334,23,14,9,60.86956521739131,315.22999999999985,693.89,378.66,49.56357142857143,42.07333333333334,13.705652173913037,1.8324882480325355,76.26,-58.74,50000.0,50371.48,50750.22,0.7429600000000064,-29.969999999993888,440.0,0.8669913155056272,-3,9,3,7,1220,30,580,2.459016393442623
2026-01-25 19:04:17.244633,0.19762461666666667,23,14,9,60.86956521739131,315.22999999999985,693.89,378.66,49.56357142857143,42.07333333333334,13.705652173913037,1.8324882480325355,76.26,-58.74,50000.0,50336.48,50750.22,0.6729600000000063,-64.96999999999389,440.0,0.8669913155056272,-3,9,3,7,1222,30,581,2.454991816693944
2026-01-25 19:04:17.262967,0.1979302,24,14,10,58.333333333333336,271.48999999999984,693.89,422.40000000000003,49.56357142857143,42.24,11.312083333333327,1.6427320075757574,76.26,-58.74,50000.0,50261.49,50750.22,0.5229799999999959,-139.95999999999913,488.7300000000032,0.9630106036978818,-4,9,4,6,1224,30,582,2.450980392156863
2026-01-25 19:04:17.281056,0.19823166666666667,24,14,10,58.333333333333336,271.48999999999984,693.89,422.40000000000003,49.56357142857143,42.24,11.312083333333327,1.6427320075757574,76.26,-58.74,50000.0,50411.49,50750.22,0.8229799999999959,10.040000000000873,488.7300000000032,0.9630106036978818,-4,9,4,6,1226,30,583,2.4469820554649266
2026-01-25 19:04:17.299820,0.19854439999999998,24,14,10,58.333333333333336,271.48999999999984,693.89,422.40000000000003,49.56357142857143,42.24,11.312083333333327,1.6427320075757574,76.26,-58.74,50000.0,50418.99,50750.22,0.837979999999996,17.540000000000873,488.7300000000032,0.9630106036978818,-4,9,4,6,1228,30,584,2.44299674267101
2026-01-25 19:04:17.317850,0.19884490000000002,24,14,10,58.333333333333336,271.48999999999984,693.89,422.40000000000003,49.56357142857143,42.24,11.312083333333327,1.6427320075757574,76.26,-58.74,50000.0,50403.99,50750.22,0.807979999999996,2.540000000000873,488.7300000000032,0.9630106036978818,-4,9,4,6,1230,30,585,2.4390243902439024
2026-01-25 19:04:17.335893,0.19914561666666666,24,14,10,58.333333333333336,271.48999999999984,693.89,422.40000000000003,49.56357142857143,42.24,11.312083333333327,1.6427320075757574,76.26,-58.74,50000.0,50306.49,50750.22,0.612979999999996,-94.95999999999913,488.7300000000032,0.9630106036978818,-4,9,4,6,1232,30,586,2.4350649350649354
2026-01-25 19:04:17.353781,0.19944375,24,14,10,58.333333333333336,271.48999999999984,693.89,422.40000000000003,49.56357142857143,42.24,11.312083333333327,1.6427320075757574,76.26,-58.74,50000.0,50171.49,50750.22,0.34297999999999595,-229.95999999999913,578.7300000000032,1.1403497364149422,-4,9,4,6,1234,30,587,2.4311183144246353
2026-01-25 19:04:17.372834,0.1997613,24,14,10,58.333333333333336,271.48999999999984,693.89,422.40000000000003,49.56357142857143,42.24,11.312083333333327,1.6427320075757574,76.26,-58.74,50000.0,50163.99,50750.22,0.3279799999999959,-237.45999999999913,586.2300000000032,1.155127997474697,-4,9,4,6,1236,30,588,2.4271844660194173
2026-01-25 19:04:17.391045,0.20006481666666664,27,14,13,51.85185185185185,131.5199999999998,693.89,562.37,49.56357142857143,43.25923076923077,4.871111111111104,1.233867382683998,76.26,-58.74,50000.0,50080.27,50750.22,0.1605399999999936,-321.1800000000003,669.9500000000044,1.3200927995977247,-7,9,7,3,1238,30,589,2.4232633279483036
2026-01-25 19:04:17.408896,0.20036233333333334,27,14,13,51.85185185185185,131.5199999999998,693.89,562.37,49.56357142857143,43.25923076923077,4.871111111111104,1.233867382683998,76.26,-58.74,50000.0,50072.77,50750.22,0.1455399999999936,-328.6800000000003,677.4500000000044,1.3348710606574796,-7,9,7,3,1240,30,590,2.4193548387096775
2026-01-25 19:04:17.426994,0.20066396666666667,27,14,13,51.85185185185185,131.5199999999998,693.89,562.37,49.56357142857143,43.25923076923077,4.871111111111104,1.233867382683998,76.26,-58.74,50000.0,50125.27,50750.22,0.2505399999999936,-276.1800000000003,677.4500000000044,1.3348710606574796,-7,9,7,3,1242,30,591,2.4154589371980677
2026-01-25 19:04:17.444972,0.20096361666666668,27,14,13,51.85185185185185,131.5199999999998,693.89,562.37,49.56357142857143,43.25923076923077,4.871111111111104,1.233867382683998,76.26,-58.74,50000.0,50084.02,50750.22,0.16803999999999358,-317.4300000000003,677.4500000000044,1.3348710606574796,-7,9,7,3,1244,30,592,2.4115755627009645
2026-01-25 19:04:17.463653,0.2012749666666667,27,14,13,51.85185185185185,131.5199999999998,693.89,562.37,49.56357142857143,43.25923076923077,4.871111111111104,1.233867382683998,76.26,-58.74,50000.0,50091.52,50750.22,0.1830399999999936,-309.9300000000003,677.4500000000044,1.3348710606574796,-7,9,7,3,1246,30,593,2.4077046548956664
2026-01-25 19:04:17.481622,0.20157443333333333,27,14,13,51.85185185185185,131.5199999999998,693.89,562.37,49.56357142857143,43.25923076923077,4.871111111111104,1.233867382683998,76.26,-58.74,50000.0,50080.27,50750.22,0.1605399999999936,-321.1800000000003,677.4500000000044,1.3348710606574796,-7,9,7,3,1248,30,594,2.403846153846154
2026-01-25 19:04:17.499888,0.20187888333333334,27,14,13,51.85185185185185,131.5199999999998,693.89,562.37,49.56357142857143,43.25923076923077,4.871111111111104,1.233867382683998,76.26,-58.74,50000.0,50072.77,50750.22,0.1455399999999936,-328.6800000000003,677.4500000000044,1.3348710606574796,-7,9,7,3,1250,30,595,2.4
2026-01-25 19:04:17.518134,0.20218296666666669,28,14,14,50.0,79.0299999999998,693.89,614.86,49.56357142857143,43.91857142857143,2.822499999999993,1.128533324659272,76.26,-58.74,50000.0,50049.03,50750.22,0.09805999999999766,-352.41999999999825,701.1900000000023,1.3816491829986202,-8,9,8,2,1252,30,596,2.3961661341853033
2026-01-25 19:04:17.536763,0.20249346666666668,28,14,14,50.0,79.0299999999998,693.89,614.86,49.56357142857143,43.91857142857143,2.822499999999993,1.128533324659272,76.26,-58.74,50000.0,50036.53,50750.22,0.07305999999999767,-364.91999999999825,713.6900000000023,1.4062796180982118,-8,9,8,2,1254,30,597,2.3923444976076556
2026-01-25 19:04:17.554846,0.20279485,28,14,14,50.0,79.0299999999998,693.89,614.86,49.56357142857143,43.91857142857143,2.822499999999993,1.128533324659272,76.26,-58.74,50000.0,50011.53,50750.22,0.023059999999997673,-389.91999999999825,738.6900000000023,1.4555404882973952,-8,9,8,2,1256,30,598,2.388535031847134
2026-01-25 19:04:17.573113,0.20309929999999998,28,14,14,50.0,79.0299999999998,693.89,614.86,49.56357142857143,43.91857142857143,2.822499999999993,1.128533324659272,76.26,-58.74,50000.0,49996.53,50750.22,-0.006940000000002329,-404.91999999999825,753.6900000000023,1.4850970104169052,-8,9,8,2,1258,30,599,2.384737678855326
2026-01-25 19:04:17.590832,0.2033946,28,14,14,50.0,79.0299999999998,693.89,614.86,49.56357142857143,43.91857142857143,2.822499999999993,1.128533324659272,76.26,-58.74,50000.0,49999.03,50750.22,-0.0019400000000023283,-402.41999999999825,753.6900000000023,1.4850970104169052,-8,9,8,2,1260,30,600,2.380952380952381
2026-01-25 19:04:17.608438,0.20368804999999998,29,14,15,48.275862068965516,-7.210000000000193,693.89,701.1,49.56357142857143,46.74,-0.24862068965517906,0.9897161603194978,76.26,-86.24,50000.0,49945.29,50750.22,-0.10941999999999824,-456.1599999999962,804.9300000000003,1.5860620899771476,-9,9,9,1,1262,30,601,2.3771790808240887
2026-01-25 19:04:17.626213,0.2039843,29,14,15,48.275862068965516,-7.210000000000193,693.89,701.1,49.56357142857143,46.74,-0.24862068965517906,0.9897161603194978,76.26,-86.24,50000.0,49931.54,50750.22,-0.13691999999999827,-469.9099999999962,818.6800000000003,1.6131555685866983,-9,9,9,1,1264,30,602,2.3734177215189876
2026-01-25 19:04:17.644098,0.20428241666666666,30,14,16,46.666666666666664,-85.95000000000019,693.89,779.84,49.56357142857143,48.74,-2.8650000000000064,0.8897850841198194,76.26,-86.24,50000.0,49914.05,50750.22,-0.17189999999999417,-487.3999999999942,836.1699999999983,1.647618473378043,-10,9,10,0,1266,30,603,2.3696682464454977
2026-01-25 19:04:17.661628,0.20457455,30,14,16,46.666666666666664,-85.95000000000019,693.89,779.84,49.56357142857143,48.74,-2.8650000000000064,0.8897850841198194,76.26,-86.24,50000.0,49914.05,50750.22,-0.17189999999999417,-487.3999999999942,836.1699999999983,1.647618473378043,-10,9,10,0,1268,30,604,2.365930599369085
2026-01-25 19:04:17.680528,0.20488955,30,14,16,46.666666666666664,-85.95000000000019,693.89,779.84,49.56357142857143,48.74,-2.8650000000000064,0.8897850841198194,76.26,-86.24,50000.0,49914.05,50750.22,-0.17189999999999417,-487.3999999999942,836.1699999999983,1.647618473378043,-10,9,10,0,1270,30,605,2.3622047244094486
2026-01-25 19:04:17.698501,0.20518908333333333,30,14,16,46.666666666666664,-85.95000000000019,693.89,779.84,49.56357142857143,48.74,-2.8650000000000064,0.8897850841198194,76.26,-86.24,50000.0,49914.05,50750.22,-0.17189999999999417,-487.3999999999942,836.1699999999983,1.647618473378043,-10,9,10,0,1272,30,606,2.358490566037736
2026-01-25 19:04:17.716358,0.2054867,30,14,16,46.666666666666664,-85.95000000000019,693.89,779.84,49.56357142857143,48.74,-2.8650000000000064,0.8897850841198194,76.26,-86.24,50000.0,49914.05,50750.22,-0.17189999999999417,-487.3999999999942,836.1699999999983,1.647618473378043,-10,9,10,0,1274,30,607,2.3547880690737837
2026-01-25 19:04:17.734033,0.2057813,30,14,16,46.666666666666664,-85.95000000000019,693.89,779.84,49.56357142857143,48.74,-2.8650000000000064,0.8897850841198194,76.26,-86.24,50000.0,49914.05,50750.22,-0.17189999999999417,-487.3999999999942,836.1699999999983,1.647618473378043,-10,9,10,0,1276,30,608,2.3510971786833856
2026-01-25 19:04:17.751685,0.2060754833333333,30,14,16,46.666666666666664,-85.95000000000019,693.89,779.84,49.56357142857143,48.74,-2.8650000000000064,0.8897850841198194,76.26,-86.24,50000.0,49914.05,50750.22,-0.17189999999999417,-487.3999999999942,836.1699999999983,1.647618473378043,-10,9,10,0,1278,30,609,2.3474178403755865
2026-01-25 19:04:17.769919,0.20637938333333333,30,14,16,46.666666666666664,-85.95000000000019,693.89,779.84,49.56357142857143,48.74,-2.8650000000000064,0.8897850841198194,76.26,-86.24,50000.0,49914.05,50750.22,-0.17189999999999417,-487.3999999999942,836.1699999999983,1.647618473378043,-10,9,10,0,1280,30,610,2.34375
2026-01-25 19:04:17.788392,0.20668726666666667,30,14,16,46.666666666666664,-85.95000000000019,693.89,779.84,49.56357142857143,48.74,-2.8650000000000064,0.8897850841198194,76.26,-86.24,50000.0,49914.05,50750.22,-0.17189999999999417,-487.3999999999942,836.1699999999983,1.647618473378043,-10,9,10,0,1282,30,611,2.3400936037441498
2026-01-25 19:04:17.805736,0.20697633333333335,30,14,16,46.666666666666664,-85.95000000000019,693.89,779.84,49.56357142857143,48.74,-2.8650000000000064,0.8897850841198194,76.26,-86.24,50000.0,49914.05,50750.22,-0.17189999999999417,-487.3999999999942,836.1699999999983,1.647618473378043,-10,9,10,0,1284,30,612,2.336448598130841
2026-01-25 19:04:17.823368,0.2072702,30,14,16,46.666666666666664,-85.95000000000019,693.89,779.84,49.56357142857143,48.74,-2.8650000000000064,0.8897850841198194,76.26,-86.24,50000.0,49914.05,50750.22,-0.17189999999999417,-487.3999999999942,836.1699999999983,1.647618473378043,-10,9,10,0,1286,30,613,2.332814930015552
2026-01-25 19:04:17.841486,0.20757216666666667,30,14,16,46.666666666666664,-85.95000000000019,693.89,779.84,49.56357142857143,48.74,-2.8650000000000064,0.8897850841198194,76.26,-86.24,50000.0,49914.05,50750.22,-0.17189999999999417,-487.3999999999942,836.1699999999983,1.647618473378043,-10,9,10,0,1288,30,614,2.329192546583851
2026-01-25 19:04:17.859179,0.20786705,30,14,16,46.666666666666664,-85.95000000000019,693.89,779.84,49.56357142857143,48.74,-2.8650000000000064,0.8897850841198194,76.26,-86.24,50000.0,49914.05,50750.22,-0.17189999999999417,-487.3999999999942,836.1699999999983,1.647618473378043,-10,9,10,0,1290,30,615,2.3255813953488373
2026-01-25 19:04:17.876902,0.20816243333333334,30,14,16,46.666666666666664,-85.95000000000019,693.89,779.84,49.56357142857143,48.74,-2.8650000000000064,0.8897850841198194,76.26,-86.24,50000.0,49914.05,50750.22,-0.17189999999999417,-487.3999999999942,836.1699999999983,1.647618473378043,-10,9,10,0,1292,30,616,2.321981424148607
2026-01-25 19:04:17.894823,0.20846113333333335,30,14,16,46.666666666666664,-85.95000000000019,693.89,779.84,49.56357142857143,48.74,-2.8650000000000064,0.8897850841198194,76.26,-86.24,50000.0,49914.05,50750.22,-0.17189999999999417,-487.3999999999942,836.1699999999983,1.647618473378043,-10,9,10,0,1294,30,617,2.3183925811437405
2026-01-25 19:04:17.912352,0.20875326666666666,30,14,16,46.666666666666664,-85.95000000000019,693.89,779.84,49.56357142857143,48.74,-2.8650000000000064,0.8897850841198194,76.26,-86.24,50000.0,49914.05,50750.22,-0.17189999999999417,-487.3999999999942,836.1699999999983,1.647618473378043,-10,9,10,0,1296,30,618,2.314814814814815
2026-01-25 19:04:17.929947,0.20904651666666665,30,14,16,46.666666666666664,-85.95000000000019,693.89,779.84,49.56357142857143,48.74,-2.8650000000000064,0.8897850841198194,76.26,-86.24,50000.0,49914.05,50750.22,-0.17189999999999417,-487.3999999999942,836.1699999999983,1.647618473378043,-10,9,10,0,1298,30,619,2.311248073959938
2026-01-25 19:04:17.947734,0.20934296666666666,30,14,16,46.666666666666664,-85.95000000000019,693.89,779.84,49.56357142857143,48.74,-2.8650000000000064,0.8897850841198194,76.26,-86.24,50000.0,49914.05,50750.22,-0.17189999999999417,-487.3999999999942,836.1699999999983,1.647618473378043,-10,9,10,0,1300,30,620,2.307692307692308
2026-01-25 19:04:17.964927,0.2096295333333333,30,14,16,46.666666666666664,-85.95000000000019,693.89,779.84,49.56357142857143,48.74,-2.8650000000000064,0.8897850841198194,76.26,-86.24,50000.0,49914.05,50750.22,-0.17189999999999417,-487.3999999999942,836.1699999999983,1.647618473378043,-10,9,10,0,1302,30,621,2.3041474654377883
2026-01-25 19:04:17.982659,0.20992505,30,14,16,46.666666666666664,-85.95000000000019,693.89,779.84,49.56357142857143,48.74,-2.8650000000000064,0.8897850841198194,76.26,-86.24,50000.0,49914.05,50750.22,-0.17189999999999417,-487.3999999999942,836.1699999999983,1.647618473378043,-10,9,10,0,1304,30,622,2.3006134969325154
2026-01-25 19:04:18.000031,0.21021456666666666,30,14,16,46.666666666666664,-85.95000000000019,693.89,779.84,49.56357142857143,48.74,-2.8650000000000064,0.8897850841198194,76.26,-86.24,50000.0,49914.05,50750.22,-0.17189999999999417,-487.3999999999942,836.1699999999983,1.647618473378043,-10,9,10,0,1306,30,623,2.2970903522205206
2026-01-25 19:04:18.075318,0.21146936666666666,30,14,16,46.666666666666664,-85.95000000000019,693.89,779.84,49.56357142857143,48.74,-2.8650000000000064,0.8897850841198194,76.26,-86.24,50000.0,49914.05,50750.22,-0.17189999999999417,0.0,836.1699999999983,1.647618473378043,-10,9,10,0,1308,30,624,2.293577981651376
2026-01-25 19:04:18.166382,0.21298711666666667,30,14,16,46.666666666666664,-85.95000000000019,693.89,779.84,49.56357142857143,48.74,-2.8650000000000064,0.8897850841198194,76.26,-86.24,50000.0,49914.05,50750.22,-0.17189999999999417,0.0,836.1699999999983,1.647618473378043,-10,9,10,0,1310,30,625,2.2900763358778624
2026-01-25 19:04:18.191349,0.21340321666666667,30,14,16,46.666666666666664,-85.95000000000019,693.89,779.84,49.56357142857143,48.74,-2.8650000000000064,0.8897850841198194,76.26,-86.24,50000.0,49914.05,50750.22,-0.17189999999999417,0.0,836.1699999999983,1.647618473378043,-10,9,10,0,1312,30,626,2.2865853658536586
2026-01-25 19:04:18.210387,0.21372051666666667,30,14,16,46.666666666666664,-85.95000000000019,693.89,779.84,49.56357142857143,48.74,-2.8650000000000064,0.8897850841198194,76.26,-86.24,50000.0,49914.05,50750.22,-0.17189999999999417,0.0,836.1699999999983,1.647618473378043,-10,9,10,0,1314,30,627,2.28310502283105
2026-01-25 19:04:18.230320,0.21405276666666667,30,14,16,46.666666666666664,-85.95000000000019,693.89,779.84,49.56357142857143,48.74,-2.8650000000000064,0.8897850841198194,76.26,-86.24,50000.0,49914.05,50750.22,-0.17189999999999417,0.0,836.1699999999983,1.647618473378043,-10,9,10,0,1316,30,628,2.2796352583586628
2026-01-25 19:04:18.249207,0.21436753333333333,30,14,16,46.666666666666664,-85.95000000000019,693.89,779.84,49.56357142857143,48.74,-2.8650000000000064,0.8897850841198194,76.26,-86.24,50000.0,49914.05,50750.22,-0.17189999999999417,0.0,836.1699999999983,1.647618473378043,-10,9,10,0,1318,30,629,2.2761760242792106
2026-01-25 19:04:18.267339,0.21466971666666668,30,14,16,46.666666666666664,-85.95000000000019,693.89,779.84,49.56357142857143,48.74,-2.8650000000000064,0.8897850841198194,76.26,-86.24,50000.0,49914.05,50750.22,-0.17189999999999417,0.0,836.1699999999983,1.647618473378043,-10,9,10,0,1320,30,630,2.272727272727273
2026-01-25 19:04:18.285057,0.21496501666666665,30,14,16,46.666666666666664,-85.95000000000019,693.89,779.84,49.56357142857143,48.74,-2.8650000000000064,0.8897850841198194,76.26,-86.24,50000.0,49914.05,50750.22,-0.17189999999999417,0.0,836.1699999999983,1.647618473378043,-10,9,10,0,1322,30,631,2.26928895612708
2026-01-25 19:04:18.302800,0.21526073333333334,30,14,16,46.666666666666664,-85.95000000000019,693.89,779.84,49.56357142857143,48.74,-2.8650000000000064,0.8897850841198194,76.26,-86.24,50000.0,49914.05,50750.22,-0.17189999999999417,0.0,836.1699999999983,1.647618473378043,-10,9,10,0,1324,30,632,2.2658610271903323
2026-01-25 19:04:18.320587,0.2155572166666667,30,14,16,46.666666666666664,-85.95000000000019,693.89,779.84,49.56357142857143,48.74,-2.8650000000000064,0.8897850841198194,76.26,-86.24,50000.0,49914.05,50750.22,-0.17189999999999417,0.0,836.1699999999983,1.647618473378043,-10,9,10,0,1326,30,633,2.262443438914027
2026-01-25 19:04:18.338855,0.21586165,30,14,16,46.666666666666664,-85.95000000000019,693.89,779.84,49.56357142857143,48.74,-2.8650000000000064,0.8897850841198194,76.26,-86.24,50000.0,49914.05,50750.22,-0.17189999999999417,0.0,836.1699999999983,1.647618473378043,-10,9,10,0,1328,30,634,2.2590361445783134
2026-01-25 19:04:18.356500,0.21615573333333332,30,14,16,46.666666666666664,-85.95000000000019,693.89,779.84,49.56357142857143,48.74,-2.8650000000000064,0.8897850841198194,76.26,-86.24,50000.0,49914.05,50750.22,-0.17189999999999417,0.0,836.1699999999983,1.647618473378043,-10,9,10,0,1330,30,635,2.2556390977443606
2026-01-25 19:04:18.374779,0.2164603833333333,30,14,16,46.666666666666664,-85.95000000000019,693.89,779.84,49.56357142857143,48.74,-2.8650000000000064,0.8897850841198194,76.26,-86.24,50000.0,49914.05,50750.22,-0.17189999999999417,0.0,836.1699999999983,1.647618473378043,-10,9,10,0,1332,30,636,2.2522522522522523
2026-01-25 19:04:18.395054,0.21679831666666666,30,14,16,46.666666666666664,-85.95000000000019,693.89,779.84,49.56357142857143,48.74,-2.8650000000000064,0.8897850841198194,76.26,-86.24,50000.0,49914.05,50750.22,-0.17189999999999417,0.0,836.1699999999983,1.647618473378043,-10,9,10,0,1334,30,637,2.2488755622188905
2026-01-25 19:04:18.414799,0.2171273833333333,30,14,16,46.666666666666664,-85.95000000000019,693.89,779.84,49.56357142857143,48.74,-2.8650000000000064,0.8897850841198194,76.26,-86.24,50000.0,49914.05,50750.22,-0.17189999999999417,0.0,836.1699999999983,1.647618473378043,-10,9,10,0,1336,30,638,2.245508982035928
2026-01-25 19:04:18.432791,0.21742725000000002,30,14,16,46.666666666666664,-85.95000000000019,693.89,779.84,49.56357142857143,48.74,-2.8650000000000064,0.8897850841198194,76.26,-86.24,50000.0,49914.05,50750.22,-0.17189999999999417,0.0,836.1699999999983,1.647618473378043,-10,9,10,0,1338,30,639,2.242152466367713
2026-01-25 19:04:18.451062,0.21773176666666666,30,14,16,46.666666666666664,-85.95000000000019,693.89,779.84,49.56357142857143,48.74,-2.8650000000000064,0.8897850841198194,76.26,-86.24,50000.0,49914.05,50750.22,-0.17189999999999417,0.0,836.1699999999983,1.647618473378043,-10,9,10,0,1340,30,640,2.2388059701492535
2026-01-25 19:04:18.469605,0.21804081666666666,30,14,16,46.666666666666664,-85.95000000000019,693.89,779.84,49.56357142857143,48.74,-2.8650000000000064,0.8897850841198194,76.26,-86.24,50000.0,49914.05,50750.22,-0.17189999999999417,0.0,836.1699999999983,1.647618473378043,-10,9,10,0,1342,30,641,2.235469448584203
2026-01-25 19:04:18.487422,0.21833781666666668,30,14,16,46.666666666666664,-85.95000000000019,693.89,779.84,49.56357142857143,48.74,-2.8650000000000064,0.8897850841198194,76.26,-86.24,50000.0,49914.05,50750.22,-0.17189999999999417,0.0,836.1699999999983,1.647618473378043,-10,9,10,0,1344,30,642,2.232142857142857
2026-01-25 19:04:18.505226,0.21863449999999998,30,14,16,46.666666666666664,-85.95000000000019,693.89,779.84,49.56357142857143,48.74,-2.8650000000000064,0.8897850841198194,76.26,-86.24,50000.0,49914.05,50750.22,-0.17189999999999417,0.0,836.1699999999983,1.647618473378043,-10,9,10,0,1346,30,643,2.2288261515601784
2026-01-25 19:04:18.522885,0.21892881666666666,30,14,16,46.666666666666664,-85.95000000000019,693.89,779.84,49.56357142857143,48.74,-2.8650000000000064,0.8897850841198194,76.26,-86.24,50000.0,49914.05,50750.22,-0.17189999999999417,0.0,836.1699999999983,1.647618473378043,-10,9,10,0,1348,30,644,2.225519287833828
2026-01-25 19:04:18.541057,0.21923168333333332,30,14,16,46.666666666666664,-85.95000000000019,693.89,779.84,49.56357142857143,48.74,-2.8650000000000064,0.8897850841198194,76.26,-86.24,50000.0,49914.05,50750.22,-0.17189999999999417,0.0,836.1699999999983,1.647618473378043,-10,9,10,0,1350,30,645,2.2222222222222223
2026-01-25 19:04:18.559018,0.21953103333333335,30,14,16,46.666666666666664,-85.95000000000019,693.89,779.84,49.56357142857143,48.74,-2.8650000000000064,0.8897850841198194,76.26,-86.24,50000.0,49914.05,50750.22,-0.17189999999999417,0.0,836.1699999999983,1.647618473378043,-10,9,10,0,1352,30,646,2.2189349112426036
2026-01-25 19:04:18.576028,0.21981453333333334,30,14,16,46.666666666666664,-85.95000000000019,693.89,779.84,49.56357142857143,48.74,-2.8650000000000064,0.8897850841198194,76.26,-86.24,50000.0,49914.05,50750.22,-0.17189999999999417,0.0,836.1699999999983,1.647618473378043,-10,9,10,0,1354,30,647,2.2156573116691285
2026-01-25 19:04:18.594053,0.22011499999999998,30,14,16,46.666666666666664,-85.95000000000019,693.89,779.84,49.56357142857143,48.74,-2.8650000000000064,0.8897850841198194,76.26,-86.24,50000.0,49914.05,50750.22,-0.17189999999999417,0.0,836.1699999999983,1.647618473378043,-10,9,10,0,1356,30,648,2.2123893805309733
2026-01-25 19:04:18.612917,0.22042935,30,14,16,46.666666666666664,-85.95000000000019,693.89,779.84,49.56357142857143,48.74,-2.8650000000000064,0.8897850841198194,76.26,-86.24,50000.0,49914.05,50750.22,-0.17189999999999417,0.0,836.1699999999983,1.647618473378043,-10,9,10,0,1358,30,649,2.2091310751104567
2026-01-25 19:04:18.631179,0.22073371666666666,30,14,16,46.666666666666664,-85.95000000000019,693.89,779.84,49.56357142857143,48.74,-2.8650000000000064,0.8897850841198194,76.26,-86.24,50000.0,49914.05,50750.22,-0.17189999999999417,0.0,836.1699999999983,1.647618473378043,-10,9,10,0,1360,30,650,2.2058823529411766
2026-01-25 19:04:18.648289,0.22101888333333333,30,14,16,46.666666666666664,-85.95000000000019,693.89,779.84,49.56357142857143,48.74,-2.8650000000000064,0.8897850841198194,76.26,-86.24,50000.0,49914.05,50750.22,-0.17189999999999417,0.0,836.1699999999983,1.647618473378043,-10,9,10,0,1362,30,651,2.2026431718061676
2026-01-25 19:04:18.666190,0.22131725,30,14,16,46.666666666666664,-85.95000000000019,693.89,779.84,49.56357142857143,48.74,-2.8650000000000064,0.8897850841198194,76.26,-86.24,50000.0,49914.05,50750.22,-0.17189999999999417,0.0,836.1699999999983,1.647618473378043,-10,9,10,0,1364,30,652,2.1994134897360706
2026-01-25 19:04:18.683820,0.22161106666666666,30,14,16,46.666666666666664,-85.95000000000019,693.89,779.84,49.56357142857143,48.74,-2.8650000000000064,0.8897850841198194,76.26,-86.24,50000.0,49914.05,50750.22,-0.17189999999999417,0.0,836.1699999999983,1.647618473378043,-10,9,10,0,1366,30,653,2.1961932650073206
2026-01-25 19:04:18.701688,0.22190886666666668,30,14,16,46.666666666666664,-85.95000000000019,693.89,779.84,49.56357142857143,48.74,-2.8650000000000064,0.8897850841198194,76.26,-86.24,50000.0,49914.05,50750.22,-0.17189999999999417,0.0,836.1699999999983,1.647618473378043,-10,9,10,0,1368,30,654,2.1929824561403506
2026-01-25 19:04:18.719576,0.22220700000000002,30,14,16,46.666666666666664,-85.95000000000019,693.89,779.84,49.56357142857143,48.74,-2.8650000000000064,0.8897850841198194,76.26,-86.24,50000.0,49914.05,50750.22,-0.17189999999999417,0.0,836.1699999999983,1.647618473378043,-10,9,10,1,1370,31,654,2.2627737226277373
2026-01-25 19:04:18.737813,0.22251096666666664,30,14,16,46.666666666666664,-85.95000000000019,693.89,779.84,49.56357142857143,48.74,-2.8650000000000064,0.8897850841198194,76.26,-86.24,50000.0,49949.05,50750.22,-0.10189999999999419,35.0,836.1699999999983,1.647618473378043,-10,9,10,1,1372,31,655,2.259475218658892
2026-01-25 19:04:18.755267,0.22280185000000002,30,14,16,46.666666666666664,-85.95000000000019,693.89,779.84,49.56357142857143,48.74,-2.8650000000000064,0.8897850841198194,76.26,-86.24,50000.0,49951.55,50750.22,-0.09689999999999419,37.5,836.1699999999983,1.647618473378043,-10,9,10,1,1374,31,656,2.2561863173216885
2026-01-25 19:04:18.773059,0.22309838333333334,30,14,16,46.666666666666664,-85.95000000000019,693.89,779.84,49.56357142857143,48.74,-2.8650000000000064,0.8897850841198194,76.26,-86.24,50000.0,49951.55,50750.22,-0.09689999999999419,37.5,836.1699999999983,1.647618473378043,-10,9,10,1,1376,31,657,2.252906976744186
2026-01-25 19:04:18.790742,0.2233931,30,14,16,46.666666666666664,-85.95000000000019,693.89,779.84,49.56357142857143,48.74,-2.8650000000000064,0.8897850841198194,76.26,-86.24,50000.0,49962.8,50750.22,-0.07439999999999418,48.75,836.1699999999983,1.647618473378043,-10,9,10,1,1378,31,658,2.2496371552975325
2026-01-25 19:04:18.808742,0.2236931,31,15,16,48.38709677419355,-15.940000000000182,763.9,779.84,50.92666666666666,48.74,-0.5141935483871026,0.9795599097250718,76.26,-86.24,50000.0,49984.06,50750.22,-0.031880000000004655,70.00999999999476,836.1699999999983,1.647618473378043,1,9,10,0,1380,31,659,2.246376811594203
2026-01-25 19:04:18.827270,0.22400191666666666,31,15,16,48.38709677419355,-15.940000000000182,763.9,779.84,50.92666666666666,48.74,-0.5141935483871026,0.9795599097250718,76.26,-86.24,50000.0,49984.06,50750.22,-0.031880000000004655,70.00999999999476,836.1699999999983,1.647618473378043,1,9,10,0,1382,31,660,2.2431259044862517
2026-01-25 19:04:18.844957,0.22429671666666667,31,15,16,48.38709677419355,-15.940000000000182,763.9,779.84,50.92666666666666,48.74,-0.5141935483871026,0.9795599097250718,76.26,-86.24,50000.0,49984.06,50750.22,-0.031880000000004655,70.00999999999476,836.1699999999983,1.647618473378043,1,9,10,0,1384,31,661,2.239884393063584
2026-01-25 19:04:18.862546,0.22458983333333335,31,15,16,48.38709677419355,-15.940000000000182,763.9,779.84,50.92666666666666,48.74,-0.5141935483871026,0.9795599097250718,76.26,-86.24,50000.0,49984.06,50750.22,-0.031880000000004655,70.00999999999476,836.1699999999983,1.647618473378043,1,9,10,0,1386,31,662,2.236652236652237
2026-01-25 19:04:18.879497,0.22487235,31,15,16,48.38709677419355,-15.940000000000182,763.9,779.84,50.92666666666666,48.74,-0.5141935483871026,0.9795599097250718,76.26,-86.24,50000.0,49984.06,50750.22,-0.031880000000004655,70.00999999999476,836.1699999999983,1.647618473378043,1,9,10,0,1388,31,663,2.23342939481268
2026-01-25 19:04:18.897132,0.22516628333333333,31,15,16,48.38709677419355,-15.940000000000182,763.9,779.84,50.92666666666666,48.74,-0.5141935483871026,0.9795599097250718,76.26,-86.24,50000.0,49984.06,50750.22,-0.031880000000004655,70.00999999999476,836.1699999999983,1.647618473378043,1,9,10,0,1390,31,664,2.2302158273381294
2026-01-25 19:04:18.914853,0.22546161666666667,31,15,16,48.38709677419355,-15.940000000000182,763.9,779.84,50.92666666666666,48.74,-0.5141935483871026,0.9795599097250718,76.26,-86.24,50000.0,49984.06,50750.22,-0.031880000000004655,70.00999999999476,836.1699999999983,1.647618473378043,1,9,10,0,1392,31,665,2.227011494252874
2026-01-25 19:04:18.932819,0.22576105,31,15,16,48.38709677419355,-15.940000000000182,763.9,779.84,50.92666666666666,48.74,-0.5141935483871026,0.9795599097250718,76.26,-86.24,50000.0,49984.06,50750.22,-0.031880000000004655,70.00999999999476,836.1699999999983,1.647618473378043,1,9,10,0,1394,31,666,2.223816355810617
2026-01-25 19:04:18.951073,0.22606528333333334,31,15,16,48.38709677419355,-15.940000000000182,763.9,779.84,50.92666666666666,48.74,-0.5141935483871026,0.9795599097250718,76.26,-86.24,50000.0,49984.06,50750.22,-0.031880000000004655,70.00999999999476,836.1699999999983,1.647618473378043,1,9,10,0,1396,31,667,2.220630372492837
2026-01-25 19:04:18.969017,0.22636435,31,15,16,48.38709677419355,-15.940000000000182,763.9,779.84,50.92666666666666,48.74,-0.5141935483871026,0.9795599097250718,76.26,-86.24,50000.0,49984.06,50750.22,-0.031880000000004655,70.00999999999476,836.1699999999983,1.647618473378043,1,9,10,0,1398,31,668,2.2174535050071533
2026-01-25 19:04:18.986507,0.22665583333333333,31,15,16,48.38709677419355,-15.940000000000182,763.9,779.84,50.92666666666666,48.74,-0.5141935483871026,0.9795599097250718,76.26,-86.24,50000.0,49984.06,50750.22,-0.031880000000004655,70.00999999999476,836.1699999999983,1.647618473378043,1,9,10,0,1400,31,669,2.214285714285714
2026-01-25 19:04:19.003949,0.22694656666666668,31,15,16,48.38709677419355,-15.940000000000182,763.9,779.84,50.92666666666666,48.74,-0.5141935483871026,0.9795599097250718,76.26,-86.24,50000.0,49984.06,50750.22,-0.031880000000004655,70.00999999999476,836.1699999999983,1.647618473378043,1,9,10,0,1402,31,670,2.211126961483595
2026-01-25 19:04:19.021646,0.22724151666666667,31,15,16,48.38709677419355,-15.940000000000182,763.9,779.84,50.92666666666666,48.74,-0.5141935483871026,0.9795599097250718,76.26,-86.24,50000.0,49984.06,50750.22,-0.031880000000004655,70.00999999999476,836.1699999999983,1.647618473378043,1,9,10,0,1404,31,671,2.207977207977208
2026-01-25 19:04:19.039157,0.22753335,31,15,16,48.38709677419355,-15.940000000000182,763.9,779.84,50.92666666666666,48.74,-0.5141935483871026,0.9795599097250718,76.26,-86.24,50000.0,49984.06,50750.22,-0.031880000000004655,70.00999999999476,836.1699999999983,1.647618473378043,1,9,10,0,1406,31,672,2.204836415362731
2026-01-25 19:04:19.082174,0.2282503,31,15,16,48.38709677419355,-15.940000000000182,763.9,779.84,50.92666666666666,48.74,-0.5141935483871026,0.9795599097250718,76.26,-86.24,50000.0,49984.06,50750.22,-0.031880000000004655,70.00999999999476,836.1699999999983,1.647618473378043,1,9,10,0,1408,31,673,2.2017045454545454
2026-01-25 19:04:19.100227,0.2285512,31,15,16,48.38709677419355,-15.940000000000182,763.9,779.84,50.92666666666666,48.74,-0.5141935483871026,0.9795599097250718,76.26,-86.24,50000.0,49984.06,50750.22,-0.031880000000004655,70.00999999999476,836.1699999999983,1.647618473378043,1,9,10,0,1410,31,674,2.198581560283688
2026-01-25 19:04:19.118236,0.22885133333333335,31,15,16,48.38709677419355,-15.940000000000182,763.9,779.84,50.92666666666666,48.74,-0.5141935483871026,0.9795599097250718,76.26,-86.24,50000.0,49984.06,50750.22,-0.031880000000004655,70.00999999999476,836.1699999999983,1.647618473378043,1,9,10,0,1412,31,675,2.1954674220963173
2026-01-25 19:04:19.135732,0.22914293333333333,31,15,16,48.38709677419355,-15.940000000000182,763.9,779.84,50.92666666666666,48.74,-0.5141935483871026,0.9795599097250718,76.26,-86.24,50000.0,49984.06,50750.22,-0.031880000000004655,70.00999999999476,836.1699999999983,1.647618473378043,1,9,10,0,1414,31,676,2.1923620933521923
2026-01-25 19:04:19.153866,0.22944518333333336,31,15,16,48.38709677419355,-15.940000000000182,763.9,779.84,50.92666666666666,48.74,-0.5141935483871026,0.9795599097250718,76.26,-86.24,50000.0,49984.06,50750.22,-0.031880000000004655,70.00999999999476,836.1699999999983,1.647618473378043,1,9,10,0,1416,31,677,2.189265536723164
2026-01-25 19:04:19.171530,0.22973956666666667,31,15,16,48.38709677419355,-15.940000000000182,763.9,779.84,50.92666666666666,48.74,-0.5141935483871026,0.9795599097250718,76.26,-86.24,50000.0,49984.06,50750.22,-0.031880000000004655,70.00999999999476,836.1699999999983,1.647618473378043,1,9,10,0,1418,31,678,2.1861777150916786
2026-01-25 19:04:19.188850,0.23002823333333333,31,15,16,48.38709677419355,-15.940000000000182,763.9,779.84,50.92666666666666,48.74,-0.5141935483871026,0.9795599097250718,76.26,-86.24,50000.0,49984.06,50750.22,-0.031880000000004655,70.00999999999476,836.1699999999983,1.647618473378043,1,9,10,0,1420,31,679,2.1830985915492955
2026-01-25 19:04:19.206913,0.23032928333333333,31,15,16,48.38709677419355,-15.940000000000182,763.9,779.84,50.92666666666666,48.74,-0.5141935483871026,0.9795599097250718,76.26,-86.24,50000.0,49984.06,50750.22,-0.031880000000004655,70.00999999999476,836.1699999999983,1.647618473378043,1,9,10,0,1422,31,680,2.180028129395218
2026-01-25 19:04:19.225128,0.23063286666666669,31,15,16,48.38709677419355,-15.940000000000182,763.9,779.84,50.92666666666666,48.74,-0.5141935483871026,0.9795599097250718,76.26,-86.24,50000.0,49984.06,50750.22,-0.031880000000004655,70.00999999999476,836.1699999999983,1.647618473378043,1,9,10,0,1424,31,681,2.1769662921348316
2026-01-25 19:04:19.243005,0.23093081666666665,31,15,16,48.38709677419355,-15.940000000000182,763.9,779.84,50.92666666666666,48.74,-0.5141935483871026,0.9795599097250718,76.26,-86.24,50000.0,49984.06,50750.22,-0.031880000000004655,70.00999999999476,836.1699999999983,1.647618473378043,1,9,10,0,1426,31,682,2.1739130434782608
2026-01-25 19:04:19.261730,0.2312429,31,15,16,48.38709677419355,-15.940000000000182,763.9,779.84,50.92666666666666,48.74,-0.5141935483871026,0.9795599097250718,76.26,-86.24,50000.0,49984.06,50750.22,-0.031880000000004655,70.00999999999476,836.1699999999983,1.647618473378043,1,9,10,0,1428,31,683,2.1708683473389354
2026-01-25 19:04:19.279003,0.23153078333333335,31,15,16,48.38709677419355,-15.940000000000182,763.9,779.84,50.92666666666666,48.74,-0.5141935483871026,0.9795599097250718,76.26,-86.24,50000.0,49984.06,50750.22,-0.031880000000004655,70.00999999999476,836.1699999999983,1.647618473378043,1,9,10,0,1430,31,684,2.1678321678321675
2026-01-25 19:04:19.297242,0.23183478333333335,31,15,16,48.38709677419355,-15.940000000000182,763.9,779.84,50.92666666666666,48.74,-0.5141935483871026,0.9795599097250718,76.26,-86.24,50000.0,49984.06,50750.22,-0.031880000000004655,70.00999999999476,836.1699999999983,1.647618473378043,1,9,10,0,1432,31,685,2.164804469273743
2026-01-25 19:04:19.314943,0.23212978333333334,31,15,16,48.38709677419355,-15.940000000000182,763.9,779.84,50.92666666666666,48.74,-0.5141935483871026,0.9795599097250718,76.26,-86.24,50000.0,49984.06,50750.22,-0.031880000000004655,70.00999999999476,836.1699999999983,1.647618473378043,1,9,10,0,1434,31,686,2.161785216178522
2026-01-25 19:04:19.332817,0.23242768333333333,31,15,16,48.38709677419355,-15.940000000000182,763.9,779.84,50.92666666666666,48.74,-0.5141935483871026,0.9795599097250718,76.26,-86.24,50000.0,49984.06,50750.22,-0.031880000000004655,70.00999999999476,836.1699999999983,1.647618473378043,1,9,10,0,1436,31,687,2.1587743732590527
2026-01-25 19:04:19.350670,0.23272523333333334,31,15,16,48.38709677419355,-15.940000000000182,763.9,779.84,50.92666666666666,48.74,-0.5141935483871026,0.9795599097250718,76.26,-86.24,50000.0,49984.06,50750.22,-0.031880000000004655,70.00999999999476,836.1699999999983,1.647618473378043,1,9,10,0,1438,31,688,2.1557719054242
2026-01-25 19:04:19.368965,0.23303016666666665,31,15,16,48.38709677419355,-15.940000000000182,763.9,779.84,50.92666666666666,48.74,-0.5141935483871026,0.9795599097250718,76.26,-86.24,50000.0,49984.06,50750.22,-0.031880000000004655,70.00999999999476,836.1699999999983,1.647618473378043,1,9,10,0,1440,31,689,2.1527777777777777
2026-01-25 19:04:19.386899,0.23332905,31,15,16,48.38709677419355,-15.940000000000182,763.9,779.84,50.92666666666666,48.74,-0.5141935483871026,0.9795599097250718,76.26,-86.24,50000.0,49984.06,50750.22,-0.031880000000004655,70.00999999999476,836.1699999999983,1.647618473378043,1,9,10,0,1442,31,690,2.1497919556171983
2026-01-25 19:04:19.404861,0.23362841666666664,31,15,16,48.38709677419355,-15.940000000000182,763.9,779.84,50.92666666666666,48.74,-0.5141935483871026,0.9795599097250718,76.26,-86.24,50000.0,49984.06,50750.22,-0.031880000000004655,70.00999999999476,836.1699999999983,1.647618473378043,1,9,10,0,1444,31,691,2.146814404432133
2026-01-25 19:04:19.422591,0.23392391666666665,31,15,16,48.38709677419355,-15.940000000000182,763.9,779.84,50.92666666666666,48.74,-0.5141935483871026,0.9795599097250718,76.26,-86.24,50000.0,49984.06,50750.22,-0.031880000000004655,70.00999999999476,836.1699999999983,1.647618473378043,1,9,10,0,1446,31,692,2.143845089903181
2026-01-25 19:04:19.440533,0.23422294999999999,31,15,16,48.38709677419355,-15.940000000000182,763.9,779.84,50.92666666666666,48.74,-0.5141935483871026,0.9795599097250718,76.26,-86.24,50000.0,49984.06,50750.22,-0.031880000000004655,70.00999999999476,836.1699999999983,1.647618473378043,1,9,10,0,1448,31,693,2.1408839779005526
2026-01-25 19:04:19.458002,0.2345141166666667,31,15,16,48.38709677419355,-15.940000000000182,763.9,779.84,50.92666666666666,48.74,-0.5141935483871026,0.9795599097250718,76.26,-86.24,50000.0,49984.06,50750.22,-0.031880000000004655,70.00999999999476,836.1699999999983,1.647618473378043,1,9,10,0,1450,31,694,2.1379310344827585
2026-01-25 19:04:19.476131,0.23481625,31,15,16,48.38709677419355,-15.940000000000182,763.9,779.84,50.92666666666666,48.74,-0.5141935483871026,0.9795599097250718,76.26,-86.24,50000.0,49984.06,50750.22,-0.031880000000004655,70.00999999999476,836.1699999999983,1.647618473378043,1,9,10,0,1452,31,695,2.1349862258953167
2026-01-25 19:04:19.495338,0.23513658333333334,31,15,16,48.38709677419355,-15.940000000000182,763.9,779.84,50.92666666666666,48.74,-0.5141935483871026,0.9795599097250718,76.26,-86.24,50000.0,49984.06,50750.22,-0.031880000000004655,70.00999999999476,836.1699999999983,1.647618473378043,1,9,10,0,1454,31,696,2.1320495185694637
2026-01-25 19:04:19.514800,0.23546073333333334,31,15,16,48.38709677419355,-15.940000000000182,763.9,779.84,50.92666666666666,48.74,-0.5141935483871026,0.9795599097250718,76.26,-86.24,50000.0,49984.06,50750.22,-0.031880000000004655,70.00999999999476,836.1699999999983,1.647618473378043,1,9,10,0,1456,31,697,2.129120879120879
2026-01-25 19:04:19.533845,0.23577816666666665,31,15,16,48.38709677419355,-15.940000000000182,763.9,779.84,50.92666666666666,48.74,-0.5141935483871026,0.9795599097250718,76.26,-86.24,50000.0,49984.06,50750.22,-0.031880000000004655,70.00999999999476,836.1699999999983,1.647618473378043,1,9,10,0,1458,31,698,2.1262002743484225
2026-01-25 19:04:19.553511,0.23610598333333332,31,15,16,48.38709677419355,-15.940000000000182,763.9,779.84,50.92666666666666,48.74,-0.5141935483871026,0.9795599097250718,76.26,-86.24,50000.0,49984.06,50750.22,-0.031880000000004655,70.00999999999476,836.1699999999983,1.647618473378043,1,9,10,0,1460,31,699,2.1232876712328768
2026-01-25 19:04:19.573473,0.23643863333333334,31,15,16,48.38709677419355,-15.940000000000182,763.9,779.84,50.92666666666666,48.74,-0.5141935483871026,0.9795599097250718,76.26,-86.24,50000.0,49984.06,50750.22,-0.031880000000004655,70.00999999999476,836.1699999999983,1.647618473378043,1,9,10,0,1462,31,700,2.1203830369357046
2026-01-25 19:04:19.592558,0.23675671666666667,31,15,16,48.38709677419355,-15.940000000000182,763.9,779.84,50.92666666666666,48.74,-0.5141935483871026,0.9795599097250718,76.26,-86.24,50000.0,49984.06,50750.22,-0.031880000000004655,0.0,836.1699999999983,1.647618473378043,1,9,10,0,1464,31,701,2.1174863387978142
2026-01-25 19:04:19.612748,0.2370932,31,15,16,48.38709677419355,-15.940000000000182,763.9,779.84,50.92666666666666,48.74,-0.5141935483871026,0.9795599097250718,76.26,-86.24,50000.0,49984.06,50750.22,-0.031880000000004655,0.0,836.1699999999983,1.647618473378043,1,9,10,0,1466,31,702,2.1145975443383356
2026-01-25 19:04:19.630428,0.23738813333333333,31,15,16,48.38709677419355,-15.940000000000182,763.9,779.84,50.92666666666666,48.74,-0.5141935483871026,0.9795599097250718,76.26,-86.24,50000.0,49984.06,50750.22,-0.031880000000004655,0.0,836.1699999999983,1.647618473378043,1,9,10,0,1468,31,703,2.111716621253406
2026-01-25 19:04:19.650311,0.23771925,31,15,16,48.38709677419355,-15.940000000000182,763.9,779.84,50.92666666666666,48.74,-0.5141935483871026,0.9795599097250718,76.26,-86.24,50000.0,49984.06,50750.22,-0.031880000000004655,0.0,836.1699999999983,1.647618473378043,1,9,10,0,1470,31,704,2.1088435374149657
2026-01-25 19:04:19.668574,0.23802363333333335,31,15,16,48.38709677419355,-15.940000000000182,763.9,779.84,50.92666666666666,48.74,-0.5141935483871026,0.9795599097250718,76.26,-86.24,50000.0,49984.06,50750.22,-0.031880000000004655,0.0,836.1699999999983,1.647618473378043,1,9,10,0,1472,31,705,2.1059782608695654
2026-01-25 19:04:19.686766,0.23832683333333332,31,15,16,48.38709677419355,-15.940000000000182,763.9,779.84,50.92666666666666,48.74,-0.5141935483871026,0.9795599097250718,76.26,-86.24,50000.0,49984.06,50750.22,-0.031880000000004655,0.0,836.1699999999983,1.647618473378043,1,9,10,0,1474,31,706,2.1031207598371777
2026-01-25 19:04:19.704368,0.2386202166666667,31,15,16,48.38709677419355,-15.940000000000182,763.9,779.84,50.92666666666666,48.74,-0.5141935483871026,0.9795599097250718,76.26,-86.24,50000.0,49984.06,50750.22,-0.031880000000004655,0.0,836.1699999999983,1.647618473378043,1,9,10,0,1476,31,707,2.100271002710027
2026-01-25 19:04:19.722129,0.2389162,31,15,16,48.38709677419355,-15.940000000000182,763.9,779.84,50.92666666666666,48.74,-0.5141935483871026,0.9795599097250718,76.26,-86.24,50000.0,49984.06,50750.22,-0.031880000000004655,0.0,836.1699999999983,1.647618473378043,1,9,10,0,1478,31,708,2.097428958051421
2026-01-25 19:04:19.740243,0.23921811666666667,31,15,16,48.38709677419355,-15.940000000000182,763.9,779.84,50.92666666666666,48.74,-0.5141935483871026,0.9795599097250718,76.26,-86.24,50000.0,49984.06,50750.22,-0.031880000000004655,0.0,836.1699999999983,1.647618473378043,1,9,10,0,1480,31,709,2.0945945945945947
2026-01-25 19:04:19.758154,0.23951663333333334,31,15,16,48.38709677419355,-15.940000000000182,763.9,779.84,50.92666666666666,48.74,-0.5141935483871026,0.9795599097250718,76.26,-86.24,50000.0,49984.06,50750.22,-0.031880000000004655,0.0,836.1699999999983,1.647618473378043,1,9,10,0,1482,31,710,2.0917678812415654
2026-01-25 19:04:19.775617,0.23980768333333333,31,15,16,48.38709677419355,-15.940000000000182,763.9,779.84,50.92666666666666,48.74,-0.5141935483871026,0.9795599097250718,76.26,-86.24,50000.0,49984.06,50750.22,-0.031880000000004655,0.0,836.1699999999983,1.647618473378043,1,9,10,0,1484,31,711,2.0889487870619945
2026-01-25 19:04:19.793604,0.24010746666666666,31,15,16,48.38709677419355,-15.940000000000182,763.9,779.84,50.92666666666666,48.74,-0.5141935483871026,0.9795599097250718,76.26,-86.24,50000.0,49984.06,50750.22,-0.031880000000004655,0.0,836.1699999999983,1.647618473378043,1,9,10,0,1486,31,712,2.0861372812920593
2026-01-25 19:04:19.811674,0.24040863333333334,31,15,16,48.38709677419355,-15.940000000000182,763.9,779.84,50.92666666666666,48.74,-0.5141935483871026,0.9795599097250718,76.26,-86.24,50000.0,49984.06,50750.22,-0.031880000000004655,0.0,836.1699999999983,1.647618473378043,1,9,10,0,1488,31,713,2.083333333333333
2026-01-25 19:04:19.829381,0.2407038,31,15,16,48.38709677419355,-15.940000000000182,763.9,779.84,50.92666666666666,48.74,-0.5141935483871026,0.9795599097250718,76.26,-86.24,50000.0,49984.06,50750.22,-0.031880000000004655,0.0,836.1699999999983,1.647618473378043,1,9,10,0,1490,31,714,2.0805369127516777
2026-01-25 19:04:19.847761,0.24101008333333332,31,15,16,48.38709677419355,-15.940000000000182,763.9,779.84,50.92666666666666,48.74,-0.5141935483871026,0.9795599097250718,76.26,-86.24,50000.0,49984.06,50750.22,-0.031880000000004655,0.0,836.1699999999983,1.647618473378043,1,9,10,0,1492,31,715,2.0777479892761392
2026-01-25 19:04:19.865148,0.24129984999999998,31,15,16,48.38709677419355,-15.940000000000182,763.9,779.84,50.92666666666666,48.74,-0.5141935483871026,0.9795599097250718,76.26,-86.24,50000.0,49984.06,50750.22,-0.031880000000004655,0.0,836.1699999999983,1.647618473378043,1,9,10,0,1494,31,716,2.074966532797858
2026-01-25 19:04:19.882777,0.24159368333333334,31,15,16,48.38709677419355,-15.940000000000182,763.9,779.84,50.92666666666666,48.74,-0.5141935483871026,0.9795599097250718,76.26,-86.24,50000.0,49984.06,50750.22,-0.031880000000004655,0.0,836.1699999999983,1.647618473378043,1,9,10,0,1496,31,717,2.072192513368984
2026-01-25 19:04:19.900402,0.24188743333333335,31,15,16,48.38709677419355,-15.940000000000182,763.9,779.84,50.92666666666666,48.74,-0.5141935483871026,0.9795599097250718,76.26,-86.24,50000.0,49984.06,50750.22,-0.031880000000004655,0.0,836.1699999999983,1.647618473378043,1,9,10,0,1498,31,718,2.069425901201602
2026-01-25 19:04:19.917960,0.24218008333333335,31,15,16,48.38709677419355,-15.940000000000182,763.9,779.84,50.92666666666666,48.74,-0.5141935483871026,0.9795599097250718,76.26,-86.24,50000.0,49984.06,50750.22,-0.031880000000004655,0.0,836.1699999999983,1.647618473378043,1,9,10,0,1500,31,719,2.0666666666666664
2026-01-25 19:04:19.935751,0.24247658333333336,31,15,16,48.38709677419355,-15.940000000000182,763.9,779.84,50.92666666666666,48.74,-0.5141935483871026,0.9795599097250718,76.26,-86.24,50000.0,49984.06,50750.22,-0.031880000000004655,0.0,836.1699999999983,1.647618473378043,1,9,10,0,1502,31,720,2.0639147802929427
2026-01-25 19:04:19.953226,0.24276783333333332,31,15,16,48.38709677419355,-15.940000000000182,763.9,779.84,50.92666666666666,48.74,-0.5141935483871026,0.9795599097250718,76.26,-86.24,50000.0,49984.06,50750.22,-0.031880000000004655,0.0,836.1699999999983,1.647618473378043,1,9,10,0,1504,31,721,2.0611702127659575
2026-01-25 19:04:19.971445,0.24307156666666666,31,15,16,48.38709677419355,-15.940000000000182,763.9,779.84,50.92666666666666,48.74,-0.5141935483871026,0.9795599097250718,76.26,-86.24,50000.0,49984.06,50750.22,-0.031880000000004655,0.0,836.1699999999983,1.647618473378043,1,9,10,0,1506,31,722,2.058432934926959
2026-01-25 19:04:19.989426,0.24337116666666667,31,15,16,48.38709677419355,-15.940000000000182,763.9,779.84,50.92666666666666,48.74,-0.5141935483871026,0.9795599097250718,76.26,-86.24,50000.0,49984.06,50750.22,-0.031880000000004655,0.0,836.1699999999983,1.647618473378043,1,9,10,0,1508,31,723,2.0557029177718835
2026-01-25 19:04:20.007543,0.24367311666666666,31,15,16,48.38709677419355,-15.940000000000182,763.9,779.84,50.92666666666666,48.74,-0.5141935483871026,0.9795599097250718,76.26,-86.24,50000.0,49984.06,50750.22,-0.031880000000004655,0.0,836.1699999999983,1.647618473378043,1,9,10,0,1510,31,724,2.052980132450331
2026-01-25 19:04:20.025620,0.2439744,31,15,16,48.38709677419355,-15.940000000000182,763.9,779.84,50.92666666666666,48.74,-0.5141935483871026,0.9795599097250718,76.26,-86.24,50000.0,49984.06,50750.22,-0.031880000000004655,0.0,836.1699999999983,1.647618473378043,1,9,10,0,1512,31,725,2.0502645502645502
2026-01-25 19:04:20.043222,0.24426776666666666,31,15,16,48.38709677419355,-15.940000000000182,763.9,779.84,50.92666666666666,48.74,-0.5141935483871026,0.9795599097250718,76.26,-86.24,50000.0,49984.06,50750.22,-0.031880000000004655,0.0,836.1699999999983,1.647618473378043,1,9,10,0,1514,31,726,2.0475561426684283
2026-01-25 19:04:20.061561,0.24457341666666668,31,15,16,48.38709677419355,-15.940000000000182,763.9,779.84,50.92666666666666,48.74,-0.5141935483871026,0.9795599097250718,76.26,-86.24,50000.0,49984.06,50750.22,-0.031880000000004655,0.0,836.1699999999983,1.647618473378043,1,9,10,0,1516,31,727,2.044854881266491
2026-01-25 19:04:20.079120,0.2448660666666667,31,15,16,48.38709677419355,-15.940000000000182,763.9,779.84,50.92666666666666,48.74,-0.5141935483871026,0.9795599097250718,76.26,-86.24,50000.0,49984.06,50750.22,-0.031880000000004655,0.0,836.1699999999983,1.647618473378043,1,9,10,0,1518,31,728,2.0421607378129116
2026-01-25 19:04:20.097444,0.24517146666666667,31,15,16,48.38709677419355,-15.940000000000182,763.9,779.84,50.92666666666666,48.74,-0.5141935483871026,0.9795599097250718,76.26,-86.24,50000.0,49984.06,50750.22,-0.031880000000004655,0.0,836.1699999999983,1.647618473378043,1,9,10,0,1520,31,729,2.0394736842105265
2026-01-25 19:04:20.115478,0.24547203333333334,31,15,16,48.38709677419355,-15.940000000000182,763.9,779.84,50.92666666666666,48.74,-0.5141935483871026,0.9795599097250718,76.26,-86.24,50000.0,49984.06,50750.22,-0.031880000000004655,0.0,836.1699999999983,1.647618473378043,1,9,10,0,1522,31,730,2.036793692509855
2026-01-25 19:04:20.133379,0.24577038333333334,31,15,16,48.38709677419355,-15.940000000000182,763.9,779.84,50.92666666666666,48.74,-0.5141935483871026,0.9795599097250718,76.26,-86.24,50000.0,49984.06,50750.22,-0.031880000000004655,0.0,836.1699999999983,1.647618473378043,1,9,10,0,1524,31,731,2.0341207349081363
2026-01-25 19:04:20.150860,0.24606175,31,15,16,48.38709677419355,-15.940000000000182,763.9,779.84,50.92666666666666,48.74,-0.5141935483871026,0.9795599097250718,76.26,-86.24,50000.0,49984.06,50750.22,-0.031880000000004655,0.0,836.1699999999983,1.647618473378043,1,9,10,0,1526,31,732,2.0314547837483614
2026-01-25 19:04:20.170238,0.24638471666666667,31,15,16,48.38709677419355,-15.940000000000182,763.9,779.84,50.92666666666666,48.74,-0.5141935483871026,0.9795599097250718,76.26,-86.24,50000.0,49984.06,50750.22,-0.031880000000004655,0.0,836.1699999999983,1.647618473378043,1,9,10,0,1528,31,733,2.0287958115183247
2026-01-25 19:04:20.189746,0.24670984999999998,31,15,16,48.38709677419355,-15.940000000000182,763.9,779.84,50.92666666666666,48.74,-0.5141935483871026,0.9795599097250718,76.26,-86.24,50000.0,49984.06,50750.22,-0.031880000000004655,0.0,836.1699999999983,1.647618473378043,1,9,10,0,1530,31,734,2.026143790849673
2026-01-25 19:04:20.206903,0.24699578333333333,31,15,16,48.38709677419355,-15.940000000000182,763.9,779.84,50.92666666666666,48.74,-0.5141935483871026,0.9795599097250718,76.26,-86.24,50000.0,49984.06,50750.22,-0.031880000000004655,0.0,836.1699999999983,1.647618473378043,1,9,10,0,1532,31,735,2.0234986945169715
2026-01-25 19:04:20.225100,0.24729906666666668,31,15,16,48.38709677419355,-15.940000000000182,763.9,779.84,50.92666666666666,48.74,-0.5141935483871026,0.9795599097250718,76.26,-86.24,50000.0,49984.06,50750.22,-0.031880000000004655,0.0,836.1699999999983,1.647618473378043,1,9,10,0,1534,31,736,2.0208604954367666
2026-01-25 19:04:20.243188,0.24760055,31,15,16,48.38709677419355,-15.940000000000182,763.9,779.84,50.92666666666666,48.74,-0.5141935483871026,0.9795599097250718,76.26,-86.24,50000.0,49984.06,50750.22,-0.031880000000004655,0.0,836.1699999999983,1.647618473378043,1,9,10,0,1536,31,737,2.018229166666667
2026-01-25 19:04:20.260628,0.2478912,31,15,16,48.38709677419355,-15.940000000000182,763.9,779.84,50.92666666666666,48.74,-0.5141935483871026,0.9795599097250718,76.26,-86.24,50000.0,49984.06,50750.22,-0.031880000000004655,0.0,836.1699999999983,1.647618473378043,1,9,10,0,1538,31,738,2.0156046814044215
2026-01-25 19:04:20.278526,0.24818951666666667,31,15,16,48.38709677419355,-15.940000000000182,763.9,779.84,50.92666666666666,48.74,-0.5141935483871026,0.9795599097250718,76.26,-86.24,50000.0,49984.06,50750.22,-0.031880000000004655,0.0,836.1699999999983,1.647618473378043,1,9,10,0,1540,31,739,2.012987012987013
2026-01-25 19:04:20.296394,0.2484873,31,15,16,48.38709677419355,-15.940000000000182,763.9,779.84,50.92666666666666,48.74,-0.5141935483871026,0.9795599097250718,76.26,-86.24,50000.0,49984.06,50750.22,-0.031880000000004655,0.0,836.1699999999983,1.647618473378043,1,9,10,0,1542,31,740,2.0103761348897535
2026-01-25 19:04:20.314130,0.2487829,31,15,16,48.38709677419355,-15.940000000000182,763.9,779.84,50.92666666666666,48.74,-0.5141935483871026,0.9795599097250718,76.26,-86.24,50000.0,49984.06,50750.22,-0.031880000000004655,0.0,836.1699999999983,1.647618473378043,1,9,10,0,1544,31,741,2.0077720207253886
2026-01-25 19:04:20.332140,0.24908308333333334,31,15,16,48.38709677419355,-15.940000000000182,763.9,779.84,50.92666666666666,48.74,-0.5141935483871026,0.9795599097250718,76.26,-86.24,50000.0,49984.06,50750.22,-0.031880000000004655,0.0,836.1699999999983,1.647618473378043,1,9,10,0,1546,31,742,2.0051746442432083
2026-01-25 19:04:20.349939,0.24937971666666667,31,15,16,48.38709677419355,-15.940000000000182,763.9,779.84,50.92666666666666,48.74,-0.5141935483871026,0.9795599097250718,76.26,-86.24,50000.0,49984.06,50750.22,-0.031880000000004655,0.0,836.1699999999983,1.647618473378043,1,9,10,0,1548,31,743,2.0025839793281652
2026-01-25 19:04:20.368240,0.24968473333333333,31,15,16,48.38709677419355,-15.940000000000182,763.9,779.84,50.92666666666666,48.74,-0.5141935483871026,0.9795599097250718,76.26,-86.24,50000.0,49984.06,50750.22,-0.031880000000004655,0.0,836.1699999999983,1.647618473378043,1,9,10,0,1550,31,744,2.0
2026-01-25 19:04:20.385910,0.24997923333333333,31,15,16,48.38709677419355,-15.940000000000182,763.9,779.84,50.92666666666666,48.74,-0.5141935483871026,0.9795599097250718,76.26,-86.24,50000.0,49984.06,50750.22,-0.031880000000004655,0.0,836.1699999999983,1.647618473378043,1,9,10,0,1552,31,745,1.997422680412371
2026-01-25 19:04:20.403985,0.2502804833333333,31,15,16,48.38709677419355,-15.940000000000182,763.9,779.84,50.92666666666666,48.74,-0.5141935483871026,0.9795599097250718,76.26,-86.24,50000.0,49984.06,50750.22,-0.031880000000004655,0.0,836.1699999999983,1.647618473378043,1,9,10,0,1554,31,746,1.9948519948519947
2026-01-25 19:04:20.421416,0.2505710166666667,31,15,16,48.38709677419355,-15.940000000000182,763.9,779.84,50.92666666666666,48.74,-0.5141935483871026,0.9795599097250718,76.26,-86.24,50000.0,49984.06,50750.22,-0.031880000000004655,0.0,836.1699999999983,1.647618473378043,1,9,10,0,1556,31,747,1.992287917737789
2026-01-25 19:04:20.439541,0.2508730833333333,31,15,16,48.38709677419355,-15.940000000000182,763.9,779.84,50.92666666666666,48.74,-0.5141935483871026,0.9795599097250718,76.26,-86.24,50000.0,49984.06,50750.22,-0.031880000000004655,0.0,836.1699999999983,1.647618473378043,1,9,10,0,1558,31,748,1.989730423620026
2026-01-25 19:04:20.457114,0.25116598333333334,31,15,16,48.38709677419355,-15.940000000000182,763.9,779.84,50.92666666666666,48.74,-0.5141935483871026,0.9795599097250718,76.26,-86.24,50000.0,49984.06,50750.22,-0.031880000000004655,0.0,836.1699999999983,1.647618473378043,1,9,10,0,1560,31,749,1.987179487179487
2026-01-25 19:04:20.475224,0.25146786666666665,31,15,16,48.38709677419355,-15.940000000000182,763.9,779.84,50.92666666666666,48.74,-0.5141935483871026,0.9795599097250718,76.26,-86.24,50000.0,49984.06,50750.22,-0.031880000000004655,0.0,836.1699999999983,1.647618473378043,1,9,10,0,1562,31,750,1.9846350832266324
2026-01-25 19:04:20.493221,0.25176775,31,15,16,48.38709677419355,-15.940000000000182,763.9,779.84,50.92666666666666,48.74,-0.5141935483871026,0.9795599097250718,76.26,-86.24,50000.0,49984.06,50750.22,-0.031880000000004655,0.0,836.1699999999983,1.647618473378043,1,9,10,0,1564,31,751,1.9820971867007673
2026-01-25 19:04:20.510287,0.25205218333333335,31,15,16,48.38709677419355,-15.940000000000182,763.9,779.84,50.92666666666666,48.74,-0.5141935483871026,0.9795599097250718,76.26,-86.24,50000.0,49984.06,50750.22,-0.031880000000004655,0.0,836.1699999999983,1.647618473378043,1,9,10,0,1566,31,752,1.979565772669221
2026-01-25 19:04:20.527608,0.25234086666666666,31,15,16,48.38709677419355,-15.940000000000182,763.9,779.84,50.92666666666666,48.74,-0.5141935483871026,0.9795599097250718,76.26,-86.24,50000.0,49984.06,50750.22,-0.031880000000004655,0.0,836.1699999999983,1.647618473378043,1,9,10,0,1568,31,753,1.9770408163265307
2026-01-25 19:04:20.545340,0.2526364,31,15,16,48.38709677419355,-15.940000000000182,763.9,779.84,50.92666666666666,48.74,-0.5141935483871026,0.9795599097250718,76.26,-86.24,50000.0,49984.06,50750.22,-0.031880000000004655,0.0,836.1699999999983,1.647618473378043,1,9,10,0,1570,31,754,1.9745222929936306
2026-01-25 19:04:20.563666,0.25294183333333337,31,15,16,48.38709677419355,-15.940000000000182,763.9,779.84,50.92666666666666,48.74,-0.5141935483871026,0.9795599097250718,76.26,-86.24,50000.0,49984.06,50750.22,-0.031880000000004655,0.0,836.1699999999983,1.647618473378043,1,9,10,0,1572,31,755,1.9720101781170483
2026-01-25 19:04:20.582147,0.25324985,31,15,16,48.38709677419355,-15.940000000000182,763.9,779.84,50.92666666666666,48.74,-0.5141935483871026,0.9795599097250718,76.26,-86.24,50000.0,49984.06,50750.22,-0.031880000000004655,0.0,836.1699999999983,1.647618473378043,1,9,10,0,1574,31,756,1.9695044472681067
2026-01-25 19:04:20.600090,0.2535489,31,15,16,48.38709677419355,-15.940000000000182,763.9,779.84,50.92666666666666,48.74,-0.5141935483871026,0.9795599097250718,76.26,-86.24,50000.0,49984.06,50750.22,-0.031880000000004655,0.0,836.1699999999983,1.647618473378043,1,9,10,0,1576,31,757,1.967005076142132
2026-01-25 19:04:20.618136,0.2538496666666667,31,15,16,48.38709677419355,-15.940000000000182,763.9,779.84,50.92666666666666,48.74,-0.5141935483871026,0.9795599097250718,76.26,-86.24,50000.0,49984.06,50750.22,-0.031880000000004655,0.0,836.1699999999983,1.647618473378043,1,9,10,0,1578,31,758,1.964512040557668
2026-01-25 19:04:20.636008,0.25414753333333334,31,15,16,48.38709677419355,-15.940000000000182,763.9,779.84,50.92666666666666,48.74,-0.5141935483871026,0.9795599097250718,76.26,-86.24,50000.0,49984.06,50750.22,-0.031880000000004655,0.0,836.1699999999983,1.647618473378043,1,9,10,0,1580,31,759,1.9620253164556962
2026-01-25 19:04:20.654221,0.2544510833333333,31,15,16,48.38709677419355,-15.940000000000182,763.9,779.84,50.92666666666666,48.74,-0.5141935483871026,0.9795599097250718,76.26,-86.24,50000.0,49984.06,50750.22,-0.031880000000004655,0.0,836.1699999999983,1.647618473378043,1,9,10,0,1582,31,760,1.9595448798988624
2026-01-25 19:04:20.672133,0.2547496166666667,31,15,16,48.38709677419355,-15.940000000000182,763.9,779.84,50.92666666666666,48.74,-0.5141935483871026,0.9795599097250718,76.26,-86.24,50000.0,49984.06,50750.22,-0.031880000000004655,0.0,836.1699999999983,1.647618473378043,1,9,10,0,1584,31,761,1.9570707070707072
2026-01-25 19:04:20.689630,0.25504125,31,15,16,48.38709677419355,-15.940000000000182,763.9,779.84,50.92666666666666,48.74,-0.5141935483871026,0.9795599097250718,76.26,-86.24,50000.0,49984.06,50750.22,-0.031880000000004655,0.0,836.1699999999983,1.647618473378043,1,9,10,0,1586,31,762,1.9546027742749055
2026-01-25 19:04:20.707620,0.25534106666666667,31,15,16,48.38709677419355,-15.940000000000182,763.9,779.84,50.92666666666666,48.74,-0.5141935483871026,0.9795599097250718,76.26,-86.24,50000.0,49984.06,50750.22,-0.031880000000004655,0.0,836.1699999999983,1.647618473378043,1,9,10,0,1588,31,763,1.9521410579345089
2026-01-25 19:04:20.725233,0.25563461666666665,31,15,16,48.38709677419355,-15.940000000000182,763.9,779.84,50.92666666666666,48.74,-0.5141935483871026,0.9795599097250718,76.26,-86.24,50000.0,49984.06,50750.22,-0.031880000000004655,0.0,836.1699999999983,1.647618473378043,1,9,10,0,1590,31,764,1.949685534591195
2026-01-25 19:04:20.742747,0.25592651666666666,31,15,16,48.38709677419355,-15.940000000000182,763.9,779.84,50.92666666666666,48.74,-0.5141935483871026,0.9795599097250718,76.26,-86.24,50000.0,49984.06,50750.22,-0.031880000000004655,0.0,836.1699999999983,1.647618473378043,1,9,10,0,1592,31,765,1.9472361809045227
2026-01-25 19:04:20.761053,0.25623161666666666,31,15,16,48.38709677419355,-15.940000000000182,763.9,779.84,50.92666666666666,48.74,-0.5141935483871026,0.9795599097250718,76.26,-86.24,50000.0,49984.06,50750.22,-0.031880000000004655,0.0,836.1699999999983,1.647618473378043,1,9,10,0,1594,31,766,1.944792973651192
2026-01-25 19:04:20.778432,0.25652125,31,15,16,48.38709677419355,-15.940000000000182,763.9,779.84,50.92666666666666,48.74,-0.5141935483871026,0.9795599097250718,76.26,-86.24,50000.0,49984.06,50750.22,-0.031880000000004655,0.0,836.1699999999983,1.647618473378043,1,9,10,0,1596,31,767,1.9423558897243107
2026-01-25 19:04:20.796556,0.25682335,31,15,16,48.38709677419355,-15.940000000000182,763.9,779.84,50.92666666666666,48.74,-0.5141935483871026,0.9795599097250718,76.26,-86.24,50000.0,49984.06,50750.22,-0.031880000000004655,0.0,836.1699999999983,1.647618473378043,1,9,10,0,1598,31,768,1.939924906132666
2026-01-25 19:04:20.813621,0.25710775,31,15,16,48.38709677419355,-15.940000000000182,763.9,779.84,50.92666666666666,48.74,-0.5141935483871026,0.9795599097250718,76.26,-86.24,50000.0,49984.06,50750.22,-0.031880000000004655,0.0,836.1699999999983,1.647618473378043,1,9,10,0,1600,31,769,1.9375
2026-01-25 19:04:20.830970,0.2573969,31,15,16,48.38709677419355,-15.940000000000182,763.9,779.84,50.92666666666666,48.74,-0.5141935483871026,0.9795599097250718,76.26,-86.24,50000.0,49984.06,50750.22,-0.031880000000004655,0.0,836.1699999999983,1.647618473378043,1,9,10,0,1602,31,770,1.9350811485642945
2026-01-25 19:04:20.848431,0.2576879166666667,31,15,16,48.38709677419355,-15.940000000000182,763.9,779.84,50.92666666666666,48.74,-0.5141935483871026,0.9795599097250718,76.26,-86.24,50000.0,49984.06,50750.22,-0.031880000000004655,0.0,836.1699999999983,1.647618473378043,1,9,10,0,1604,31,771,1.9326683291770574
2026-01-25 19:04:20.866267,0.2579851833333333,31,15,16,48.38709677419355,-15.940000000000182,763.9,779.84,50.92666666666666,48.74,-0.5141935483871026,0.9795599097250718,76.26,-86.24,50000.0,49984.06,50750.22,-0.031880000000004655,0.0,836.1699999999983,1.647618473378043,1,9,10,0,1606,31,772,1.9302615193026154
2026-01-25 19:04:20.883960,0.25828006666666664,31,15,16,48.38709677419355,-15.940000000000182,763.9,779.84,50.92666666666666,48.74,-0.5141935483871026,0.9795599097250718,76.26,-86.24,50000.0,49984.06,50750.22,-0.031880000000004655,0.0,836.1699999999983,1.647618473378043,1,9,10,0,1608,31,773,1.9278606965174128
2026-01-25 19:04:20.901506,0.2585725,31,15,16,48.38709677419355,-15.940000000000182,763.9,779.84,50.92666666666666,48.74,-0.5141935483871026,0.9795599097250718,76.26,-86.24,50000.0,49984.06,50750.22,-0.031880000000004655,0.0,836.1699999999983,1.647618473378043,1,9,10,0,1610,31,774,1.9254658385093166
2026-01-25 19:04:20.919131,0.25886624999999996,31,15,16,48.38709677419355,-15.940000000000182,763.9,779.84,50.92666666666666,48.74,-0.5141935483871026,0.9795599097250718,76.26,-86.24,50000.0,49984.06,50750.22,-0.031880000000004655,0.0,836.1699999999983,1.647618473378043,1,9,10,0,1612,31,775,1.9230769230769231
2026-01-25 19:04:20.936675,0.25915866666666665,31,15,16,48.38709677419355,-15.940000000000182,763.9,779.84,50.92666666666666,48.74,-0.5141935483871026,0.9795599097250718,76.26,-86.24,50000.0,49984.06,50750.22,-0.031880000000004655,0.0,836.1699999999983,1.647618473378043,1,9,10,0,1614,31,776,1.9206939281288724
2026-01-25 19:04:20.953866,0.25944516666666667,31,15,16,48.38709677419355,-15.940000000000182,763.9,779.84,50.92666666666666,48.74,-0.5141935483871026,0.9795599097250718,76.26,-86.24,50000.0,49984.06,50750.22,-0.031880000000004655,0.0,836.1699999999983,1.647618473378043,1,9,10,0,1616,31,777,1.9183168316831682
2026-01-25 19:04:20.972355,0.2597533166666667,31,15,16,48.38709677419355,-15.940000000000182,763.9,779.84,50.92666666666666,48.74,-0.5141935483871026,0.9795599097250718,76.26,-86.24,50000.0,49984.06,50750.22,-0.031880000000004655,0.0,836.1699999999983,1.647618473378043,1,9,10,0,1618,31,778,1.9159456118665017
2026-01-25 19:04:20.989857,0.2600450166666667,31,15,16,48.38709677419355,-15.940000000000182,763.9,779.84,50.92666666666666,48.74,-0.5141935483871026,0.9795599097250718,76.26,-86.24,50000.0,49984.06,50750.22,-0.031880000000004655,0.0,836.1699999999983,1.647618473378043,1,9,10,0,1620,31,779,1.9135802469135803
2026-01-25 19:04:21.007763,0.26034345,31,15,16,48.38709677419355,-15.940000000000182,763.9,779.84,50.92666666666666,48.74,-0.5141935483871026,0.9795599097250718,76.26,-86.24,50000.0,49984.06,50750.22,-0.031880000000004655,0.0,836.1699999999983,1.647618473378043,1,9,10,0,1622,31,780,1.911220715166461
2026-01-25 19:04:21.025705,0.26064248333333334,31,15,16,48.38709677419355,-15.940000000000182,763.9,779.84,50.92666666666666,48.74,-0.5141935483871026,0.9795599097250718,76.26,-86.24,50000.0,49984.06,50750.22,-0.031880000000004655,0.0,836.1699999999983,1.647618473378043,1,9,10,1,1624,32,780,1.9704433497536946
2026-01-25 19:04:21.043319,0.26093605,31,15,16,48.38709677419355,-15.940000000000182,763.9,779.84,50.92666666666666,48.74,-0.5141935483871026,0.9795599097250718,76.26,-86.24,50000.0,49989.06,50750.22,-0.021880000000004656,5.0,836.1699999999983,1.647618473378043,1,9,10,1,1626,32,781,1.968019680196802
2026-01-25 19:04:21.061241,0.26123473333333336,31,15,16,48.38709677419355,-15.940000000000182,763.9,779.84,50.92666666666666,48.74,-0.5141935483871026,0.9795599097250718,76.26,-86.24,50000.0,49975.31,50750.22,-0.049380000000004656,-8.75,836.1699999999983,1.647618473378043,1,9,10,1,1628,32,782,1.9656019656019657
2026-01-25 19:04:21.079763,0.26154345,32,15,17,46.875,-48.430000000000184,763.9,812.33,50.92666666666666,47.78411764705883,-1.5134375000000058,0.9403813721024706,76.26,-86.24,50000.0,49951.57,50750.22,-0.09686000000000058,-32.48999999999796,836.1699999999983,1.647618473378043,-1,9,10,0,1630,32,783,1.96319018404908
2026-01-25 19:04:21.098046,0.26184816666666666,32,15,17,46.875,-48.430000000000184,763.9,812.33,50.92666666666666,47.78411764705883,-1.5134375000000058,0.9403813721024706,76.26,-86.24,50000.0,49951.57,50750.22,-0.09686000000000058,-32.48999999999796,836.1699999999983,1.647618473378043,-1,9,10,1,1632,33,783,2.0220588235294117
2026-01-25 19:04:21.117133,0.2621662833333333,32,15,17,46.875,-48.430000000000184,763.9,812.33,50.92666666666666,47.78411764705883,-1.5134375000000058,0.9403813721024706,76.26,-86.24,50000.0,49960.32,50750.22,-0.07936000000000058,-23.739999999997963,836.1699999999983,1.647618473378043,-1,9,10,2,1634,34,783,2.08078335373317
2026-01-25 19:04:21.136998,0.2624973666666667,32,15,17,46.875,-48.430000000000184,763.9,812.33,50.92666666666666,47.78411764705883,-1.5134375000000058,0.9403813721024706,76.26,-86.24,50000.0,50010.32,50750.22,0.020639999999999416,26.260000000002037,836.1699999999983,1.647618473378043,-1,9,10,2,1636,34,784,2.078239608801956
2026-01-25 19:04:21.157377,0.26283701666666665,32,15,17,46.875,-48.430000000000184,763.9,812.33,50.92666666666666,47.78411764705883,-1.5134375000000058,0.9403813721024706,76.26,-86.24,50000.0,50012.82,50750.22,0.02563999999999942,28.760000000002037,836.1699999999983,1.647618473378043,-1,9,10,3,1638,35,784,2.1367521367521367
2026-01-25 19:04:21.179348,0.26320321666666663,32,15,17,46.875,-48.430000000000184,763.9,812.33,50.92666666666666,47.78411764705883,-1.5134375000000058,0.9403813721024706,76.26,-86.24,50000.0,50001.57,50750.22,0.0031399999999994176,17.510000000002037,836.1699999999983,1.647618473378043,-1,9,10,3,1640,35,785,2.1341463414634148
2026-01-25 19:04:21.197452,0.2635049333333333,32,15,17,46.875,-48.430000000000184,763.9,812.33,50.92666666666666,47.78411764705883,-1.5134375000000058,0.9403813721024706,76.26,-86.24,50000.0,49986.57,50750.22,-0.02686000000000058,2.5100000000020373,836.1699999999983,1.647618473378043,-1,9,10,3,1642,35,786,2.1315468940316684
2026-01-25 19:04:21.215734,0.26380963333333335,32,15,17,46.875,-48.430000000000184,763.9,812.33,50.92666666666666,47.78411764705883,-1.5134375000000058,0.9403813721024706,76.26,-86.24,50000.0,49979.07,50750.22,-0.041860000000000584,-4.989999999997963,836.1699999999983,1.647618473378043,-1,9,10,4,1644,36,786,2.18978102189781
2026-01-25 19:04:21.233731,0.26410958333333334,32,15,17,46.875,-48.430000000000184,763.9,812.33,50.92666666666666,47.78411764705883,-1.5134375000000058,0.9403813721024706,76.26,-86.24,50000.0,49989.07,50750.22,-0.021860000000000584,5.010000000002037,836.1699999999983,1.647618473378043,-1,9,10,5,1646,37,786,2.2478736330498177
2026-01-25 19:04:21.251545,0.2644065,33,16,17,48.484848484848484,15.329999999999814,827.66,812.33,51.72875,47.78411764705883,0.4645454545454489,1.0188716408356209,76.26,-86.24,50000.0,50186.58,50750.22,0.3731600000000035,202.52000000000407,836.1699999999983,1.647618473378043,1,9,10,4,1648,37,787,2.2451456310679614
2026-01-25 19:04:21.269253,0.26470161666666664,33,16,17,48.484848484848484,15.329999999999814,827.66,812.33,51.72875,47.78411764705883,0.4645454545454489,1.0188716408356209,76.26,-86.24,50000.0,50176.58,50750.22,0.35316000000000347,192.52000000000407,836.1699999999983,1.647618473378043,1,9,10,4,1650,37,788,2.242424242424242
2026-01-25 19:04:21.287275,0.265002,34,17,17,50.0,82.83999999999982,895.17,812.33,52.65705882352941,47.78411764705883,2.436470588235289,1.1019782600667216,76.26,-86.24,50000.0,50185.34,50750.22,0.370679999999993,201.27999999999884,836.1699999999983,1.647618473378043,2,9,10,3,1652,37,789,2.2397094430992737
2026-01-25 19:04:21.305778,0.26531036666666663,34,17,17,50.0,82.83999999999982,895.17,812.33,52.65705882352941,47.78411764705883,2.436470588235289,1.1019782600667216,76.26,-86.24,50000.0,50189.09,50750.22,0.378179999999993,205.02999999999884,836.1699999999983,1.647618473378043,2,9,10,4,1654,38,789,2.2974607013301087
2026-01-25 19:04:21.323536,0.26560633333333333,34,17,17,50.0,82.83999999999982,895.17,812.33,52.65705882352941,47.78411764705883,2.436470588235289,1.1019782600667216,76.26,-86.24,50000.0,50239.09,50750.22,0.478179999999993,255.02999999999884,836.1699999999983,1.647618473378043,2,9,10,4,1656,38,790,2.2946859903381642
2026-01-25 19:04:21.341372,0.2659036,34,17,17,50.0,82.83999999999982,895.17,812.33,52.65705882352941,47.78411764705883,2.436470588235289,1.1019782600667216,76.26,-86.24,50000.0,50254.09,50750.22,0.508179999999993,270.02999999999884,836.1699999999983,1.647618473378043,2,9,10,4,1658,38,791,2.2919179734620023
2026-01-25 19:04:21.359363,0.26620345,34,17,17,50.0,82.83999999999982,895.17,812.33,52.65705882352941,47.78411764705883,2.436470588235289,1.1019782600667216,76.26,-86.24,50000.0,50279.09,50750.22,0.558179999999993,295.02999999999884,836.1699999999983,1.647618473378043,2,9,10,4,1660,38,792,2.289156626506024
2026-01-25 19:04:21.376744,0.26649315,35,18,17,51.42857142857142,160.34999999999982,972.68,812.33,54.03777777777778,47.78411764705883,4.5814285714285665,1.1973951472923565,77.51,-86.24,50000.0,50346.6,50750.22,0.6931999999999972,362.5400000000009,836.1699999999983,1.647618473378043,3,9,10,3,1662,38,793,2.286401925391095
2026-01-25 19:04:21.395958,0.26681345,37,20,17,54.054054054054056,309.11999999999983,1121.45,812.33,56.072500000000005,47.78411764705883,8.354594594594591,1.3805350042470423,77.51,-86.24,50000.0,50369.12,50750.22,0.7382400000000053,385.06000000000495,836.1699999999983,1.647618473378043,5,9,10,1,1664,38,794,2.283653846153846
2026-01-25 19:04:21.413055,0.2670983333333333,37,20,17,54.054054054054056,309.11999999999983,1121.45,812.33,56.072500000000005,47.78411764705883,8.354594594594591,1.3805350042470423,77.51,-86.24,50000.0,50364.12,50750.22,0.7282400000000052,380.06000000000495,836.1699999999983,1.647618473378043,5,9,10,1,1666,38,795,2.2809123649459786
2026-01-25 19:04:21.431276,0.267402,37,20,17,54.054054054054056,309.11999999999983,1121.45,812.33,56.072500000000005,47.78411764705883,8.354594594594591,1.3805350042470423,77.51,-86.24,50000.0,50371.62,50750.22,0.7432400000000052,387.56000000000495,836.1699999999983,1.647618473378043,5,9,10,1,1668,38,796,2.278177458033573
2026-01-25 19:04:21.449524,0.2677061333333333,37,20,17,54.054054054054056,309.11999999999983,1121.45,812.33,56.072500000000005,47.78411764705883,8.354594594594591,1.3805350042470423,77.51,-86.24,50000.0,50352.87,50750.22,0.7057400000000053,368.81000000000495,836.1699999999983,1.647618473378043,5,9,10,1,1670,38,797,2.2754491017964074
2026-01-25 19:04:21.467477,0.26800536666666663,37,20,17,54.054054054054056,309.11999999999983,1121.45,812.33,56.072500000000005,47.78411764705883,8.354594594594591,1.3805350042470423,77.51,-86.24,50000.0,50370.37,50750.22,0.7407400000000053,386.31000000000495,836.1699999999983,1.647618473378043,5,9,10,1,1672,38,798,2.272727272727273
2026-01-25 19:04:21.485536,0.2683063333333333,37,20,17,54.054054054054056,309.11999999999983,1121.45,812.33,56.072500000000005,47.78411764705883,8.354594594594591,1.3805350042470423,77.51,-86.24,50000.0,50380.37,50750.22,0.7607400000000052,396.31000000000495,836.1699999999983,1.647618473378043,5,9,10,1,1674,38,799,2.2700119474313025
2026-01-25 19:04:21.503664,0.26860846666666666,37,20,17,54.054054054054056,309.11999999999983,1121.45,812.33,56.072500000000005,47.78411764705883,8.354594594594591,1.3805350042470423,77.51,-86.24,50000.0,50375.37,50750.22,0.7507400000000052,391.31000000000495,836.1699999999983,1.647618473378043,5,9,10,1,1676,38,800,2.267303102625298
2026-01-25 19:04:21.521675,0.26890865,37,20,17,54.054054054054056,309.11999999999983,1121.45,812.33,56.072500000000005,47.78411764705883,8.354594594594591,1.3805350042470423,77.51,-86.24,50000.0,50377.87,50750.22,0.7557400000000053,393.81000000000495,836.1699999999983,1.647618473378043,5,9,10,1,1678,38,801,2.264600715137068
2026-01-25 19:04:21.538778,0.2691937,38,21,17,55.26315789473685,387.8799999999998,1200.21,812.33,57.152857142857144,47.78411764705883,10.207368421052626,1.477490674971994,78.76,-86.24,50000.0,50387.88,50750.22,0.7757599999999948,403.8199999999997,836.1699999999983,1.647618473378043,6,9,10,0,1680,38,802,2.261904761904762
2026-01-25 19:04:21.557288,0.26950219999999997,38,21,17,55.26315789473685,387.8799999999998,1200.21,812.33,57.152857142857144,47.78411764705883,10.207368421052626,1.477490674971994,78.76,-86.24,50000.0,50387.88,50750.22,0.7757599999999948,403.8199999999997,836.1699999999983,1.647618473378043,6,9,10,0,1682,38,803,2.2592152199762188
2026-01-25 19:04:21.575354,0.2698033,38,21,17,55.26315789473685,387.8799999999998,1200.21,812.33,57.152857142857144,47.78411764705883,10.207368421052626,1.477490674971994,78.76,-86.24,50000.0,50387.88,50750.22,0.7757599999999948,403.8199999999997,836.1699999999983,1.647618473378043,6,9,10,0,1684,38,804,2.2565320665083135
2026-01-25 19:04:21.593028,0.27009786666666663,38,21,17,55.26315789473685,387.8799999999998,1200.21,812.33,57.152857142857144,47.78411764705883,10.207368421052626,1.477490674971994,78.76,-86.24,50000.0,50387.88,50750.22,0.7757599999999948,403.8199999999997,836.1699999999983,1.647618473378043,6,9,10,0,1686,38,805,2.2538552787663106
2026-01-25 19:04:21.610742,0.2703931,38,21,17,55.26315789473685,387.8799999999998,1200.21,812.33,57.152857142857144,47.78411764705883,10.207368421052626,1.477490674971994,78.76,-86.24,50000.0,50387.88,50750.22,0.7757599999999948,403.8199999999997,836.1699999999983,1.647618473378043,6,9,10,0,1688,38,806,2.251184834123223
2026-01-25 19:04:21.628472,0.2706886,38,21,17,55.26315789473685,387.8799999999998,1200.21,812.33,57.152857142857144,47.78411764705883,10.207368421052626,1.477490674971994,78.76,-86.24,50000.0,50387.88,50750.22,0.7757599999999948,403.8199999999997,836.1699999999983,1.647618473378043,6,9,10,0,1690,38,807,2.2485207100591715
2026-01-25 19:04:21.646091,0.2709823,38,21,17,55.26315789473685,387.8799999999998,1200.21,812.33,57.152857142857144,47.78411764705883,10.207368421052626,1.477490674971994,78.76,-86.24,50000.0,50387.88,50750.22,0.7757599999999948,403.8199999999997,836.1699999999983,1.647618473378043,6,9,10,0,1692,38,808,2.2458628841607564
2026-01-25 19:04:21.664321,0.2712860833333333,38,21,17,55.26315789473685,387.8799999999998,1200.21,812.33,57.152857142857144,47.78411764705883,10.207368421052626,1.477490674971994,78.76,-86.24,50000.0,50387.88,50750.22,0.7757599999999948,403.8199999999997,836.1699999999983,1.647618473378043,6,9,10,0,1694,38,809,2.2432113341204247
2026-01-25 19:04:21.682368,0.27158685,38,21,17,55.26315789473685,387.8799999999998,1200.21,812.33,57.152857142857144,47.78411764705883,10.207368421052626,1.477490674971994,78.76,-86.24,50000.0,50387.88,50750.22,0.7757599999999948,403.8199999999997,836.1699999999983,1.647618473378043,6,9,10,0,1696,38,810,2.240566037735849
2026-01-25 19:04:21.724496,0.272289,38,21,17,55.26315789473685,387.8799999999998,1200.21,812.33,57.152857142857144,47.78411764705883,10.207368421052626,1.477490674971994,78.76,-86.24,50000.0,50387.88,50750.22,0.7757599999999948,403.8199999999997,836.1699999999983,1.647618473378043,6,9,10,0,1698,38,811,2.237926972909305
2026-01-25 19:04:21.741746,0.27257650000000005,38,21,17,55.26315789473685,387.8799999999998,1200.21,812.33,57.152857142857144,47.78411764705883,10.207368421052626,1.477490674971994,78.76,-86.24,50000.0,50387.88,50750.22,0.7757599999999948,403.8199999999997,836.1699999999983,1.647618473378043,6,9,10,0,1700,38,812,2.235294117647059
2026-01-25 19:04:21.760752,0.27289326666666663,38,21,17,55.26315789473685,387.8799999999998,1200.21,812.33,57.152857142857144,47.78411764705883,10.207368421052626,1.477490674971994,78.76,-86.24,50000.0,50387.88,50750.22,0.7757599999999948,403.8199999999997,836.1699999999983,1.647618473378043,6,9,10,0,1702,38,813,2.2326674500587544
2026-01-25 19:04:21.778568,0.27319021666666665,38,21,17,55.26315789473685,387.8799999999998,1200.21,812.33,57.152857142857144,47.78411764705883,10.207368421052626,1.477490674971994,78.76,-86.24,50000.0,50387.88,50750.22,0.7757599999999948,403.8199999999997,836.1699999999983,1.647618473378043,6,9,10,0,1704,38,814,2.2300469483568075
2026-01-25 19:04:21.795880,0.27347873333333333,38,21,17,55.26315789473685,387.8799999999998,1200.21,812.33,57.152857142857144,47.78411764705883,10.207368421052626,1.477490674971994,78.76,-86.24,50000.0,50387.88,50750.22,0.7757599999999948,403.8199999999997,836.1699999999983,1.647618473378043,6,9,10,1,1706,39,814,2.2860492379835873
2026-01-25 19:04:21.813859,0.2737783833333333,38,21,17,55.26315789473685,387.8799999999998,1200.21,812.33,57.152857142857144,47.78411764705883,10.207368421052626,1.477490674971994,78.76,-86.24,50000.0,50389.13,50750.22,0.7782599999999947,405.0699999999997,836.1699999999983,1.647618473378043,6,9,10,2,1708,40,814,2.3419203747072603
2026-01-25 19:04:21.831568,0.27407353333333334,38,21,17,55.26315789473685,387.8799999999998,1200.21,812.33,57.152857142857144,47.78411764705883,10.207368421052626,1.477490674971994,78.76,-86.24,50000.0,50409.13,50750.22,0.8182599999999948,425.0699999999997,836.1699999999983,1.647618473378043,6,9,10,2,1710,40,815,2.3391812865497075
2026-01-25 19:04:21.848956,0.27436333333333335,38,21,17,55.26315789473685,387.8799999999998,1200.21,812.33,57.152857142857144,47.78411764705883,10.207368421052626,1.477490674971994,78.76,-86.24,50000.0,50396.63,50750.22,0.7932599999999947,412.5699999999997,836.1699999999983,1.647618473378043,6,9,10,2,1712,40,816,2.336448598130841
2026-01-25 19:04:21.866277,0.27465201666666667,40,23,17,57.49999999999999,462.8999999999998,1275.23,812.33,55.444782608695654,47.78411764705883,11.572499999999994,1.5698423054669899,78.76,-86.24,50000.0,50462.9,50750.22,0.9258000000000028,478.8400000000038,836.1699999999983,1.647618473378043,8,9,10,0,1714,40,817,2.3337222870478413
2026-01-25 19:04:21.884174,0.27495030000000004,40,23,17,57.49999999999999,462.8999999999998,1275.23,812.33,55.444782608695654,47.78411764705883,11.572499999999994,1.5698423054669899,78.76,-86.24,50000.0,50462.9,50750.22,0.9258000000000028,478.8400000000038,836.1699999999983,1.647618473378043,8,9,10,0,1716,40,818,2.331002331002331
2026-01-25 19:04:21.901966,0.27524683333333333,40,23,17,57.49999999999999,462.8999999999998,1275.23,812.33,55.444782608695654,47.78411764705883,11.572499999999994,1.5698423054669899,78.76,-86.24,50000.0,50462.9,50750.22,0.9258000000000028,478.8400000000038,836.1699999999983,1.647618473378043,8,9,10,0,1718,40,819,2.3282887077997674
2026-01-25 19:04:21.920124,0.2755495,40,23,17,57.49999999999999,462.8999999999998,1275.23,812.33,55.444782608695654,47.78411764705883,11.572499999999994,1.5698423054669899,78.76,-86.24,50000.0,50462.9,50750.22,0.9258000000000028,478.8400000000038,836.1699999999983,1.647618473378043,8,9,10,0,1720,40,820,2.3255813953488373
2026-01-25 19:04:21.939942,0.2758797833333333,40,23,17,57.49999999999999,462.8999999999998,1275.23,812.33,55.444782608695654,47.78411764705883,11.572499999999994,1.5698423054669899,78.76,-86.24,50000.0,50462.9,50750.22,0.9258000000000028,478.8400000000038,836.1699999999983,1.647618473378043,8,9,10,0,1722,40,821,2.3228803716608595
2026-01-25 19:04:21.960266,0.2762185166666667,40,23,17,57.49999999999999,462.8999999999998,1275.23,812.33,55.444782608695654,47.78411764705883,11.572499999999994,1.5698423054669899,78.76,-86.24,50000.0,50462.9,50750.22,0.9258000000000028,478.8400000000038,836.1699999999983,1.647618473378043,8,9,10,0,1724,40,822,2.320185614849188
2026-01-25 19:04:21.981044,0.27656481666666666,40,23,17,57.49999999999999,462.8999999999998,1275.23,812.33,55.444782608695654,47.78411764705883,11.572499999999994,1.5698423054669899,78.76,-86.24,50000.0,50462.9,50750.22,0.9258000000000028,478.8400000000038,836.1699999999983,1.647618473378043,8,9,10,0,1726,40,823,2.317497103128621
2026-01-25 19:04:22.000258,0.27688503333333336,40,23,17,57.49999999999999,462.8999999999998,1275.23,812.33,55.444782608695654,47.78411764705883,11.572499999999994,1.5698423054669899,78.76,-86.24,50000.0,50462.9,50750.22,0.9258000000000028,478.8400000000038,836.1699999999983,1.647618473378043,8,9,10,0,1728,40,824,2.314814814814815
2026-01-25 19:04:22.018232,0.2771846,40,23,17,57.49999999999999,462.8999999999998,1275.23,812.33,55.444782608695654,47.78411764705883,11.572499999999994,1.5698423054669899,78.76,-86.24,50000.0,50462.9,50750.22,0.9258000000000028,478.8400000000038,836.1699999999983,1.647618473378043,8,9,10,0,1730,40,825,2.312138728323699
2026-01-25 19:04:22.036074,0.27748198333333335,40,23,17,57.49999999999999,462.8999999999998,1275.23,812.33,55.444782608695654,47.78411764705883,11.572499999999994,1.5698423054669899,78.76,-86.24,50000.0,50462.9,50750.22,0.9258000000000028,478.8400000000038,836.1699999999983,1.647618473378043,8,9,10,0,1732,40,826,2.3094688221709005
2026-01-25 19:04:22.054065,0.2777818166666667,40,23,17,57.49999999999999,462.8999999999998,1275.23,812.33,55.444782608695654,47.78411764705883,11.572499999999994,1.5698423054669899,78.76,-86.24,50000.0,50462.9,50750.22,0.9258000000000028,478.8400000000038,836.1699999999983,1.647618473378043,8,9,10,0,1734,40,827,2.306805074971165
2026-01-25 19:04:22.072577,0.27809035000000004,40,23,17,57.49999999999999,462.8999999999998,1275.23,812.33,55.444782608695654,47.78411764705883,11.572499999999994,1.5698423054669899,78.76,-86.24,50000.0,50462.9,50750.22,0.9258000000000028,478.8400000000038,836.1699999999983,1.647618473378043,8,9,10,0,1736,40,828,2.3041474654377883
2026-01-25 19:04:22.090309,0.2783859,40,23,17,57.49999999999999,462.8999999999998,1275.23,812.33,55.444782608695654,47.78411764705883,11.572499999999994,1.5698423054669899,78.76,-86.24,50000.0,50462.9,50750.22,0.9258000000000028,478.8400000000038,836.1699999999983,1.647618473378043,8,9,10,0,1738,40,829,2.3014959723820483
2026-01-25 19:04:22.108408,0.27868753333333335,40,23,17,57.49999999999999,462.8999999999998,1275.23,812.33,55.444782608695654,47.78411764705883,11.572499999999994,1.5698423054669899,78.76,-86.24,50000.0,50462.9,50750.22,0.9258000000000028,478.8400000000038,836.1699999999983,1.647618473378043,8,9,10,0,1740,40,830,2.2988505747126435
2026-01-25 19:04:22.126968,0.27899688333333333,40,23,17,57.49999999999999,462.8999999999998,1275.23,812.33,55.444782608695654,47.78411764705883,11.572499999999994,1.5698423054669899,78.76,-86.24,50000.0,50462.9,50750.22,0.9258000000000028,478.8400000000038,836.1699999999983,1.647618473378043,8,9,10,0,1742,40,831,2.2962112514351323
2026-01-25 19:04:22.144881,0.27929539999999997,40,23,17,57.49999999999999,462.8999999999998,1275.23,812.33,55.444782608695654,47.78411764705883,11.572499999999994,1.5698423054669899,78.76,-86.24,50000.0,50462.9,50750.22,0.9258000000000028,478.8400000000038,836.1699999999983,1.647618473378043,8,9,10,0,1744,40,832,2.293577981651376
2026-01-25 19:04:22.163021,0.2795977666666667,40,23,17,57.49999999999999,462.8999999999998,1275.23,812.33,55.444782608695654,47.78411764705883,11.572499999999994,1.5698423054669899,78.76,-86.24,50000.0,50462.9,50750.22,0.9258000000000028,478.8400000000038,836.1699999999983,1.647618473378043,8,9,10,0,1746,40,833,2.290950744558992
2026-01-25 19:04:22.181187,0.27990053333333337,40,23,17,57.49999999999999,462.8999999999998,1275.23,812.33,55.444782608695654,47.78411764705883,11.572499999999994,1.5698423054669899,78.76,-86.24,50000.0,50462.9,50750.22,0.9258000000000028,478.8400000000038,836.1699999999983,1.647618473378043,8,9,10,0,1748,40,834,2.2883295194508007
2026-01-25 19:04:22.207356,0.2803366666666667,40,23,17,57.49999999999999,462.8999999999998,1275.23,812.33,55.444782608695654,47.78411764705883,11.572499999999994,1.5698423054669899,78.76,-86.24,50000.0,50462.9,50750.22,0.9258000000000028,478.8400000000038,836.1699999999983,1.647618473378043,8,9,10,1,1750,41,834,2.3428571428571425
2026-01-25 19:04:22.226614,0.28065765000000004,40,23,17,57.49999999999999,462.8999999999998,1275.23,812.33,55.444782608695654,47.78411764705883,11.572499999999994,1.5698423054669899,78.76,-86.24,50000.0,50481.65,50750.22,0.9633000000000028,497.5900000000038,836.1699999999983,1.647618473378043,8,9,10,1,1752,41,835,2.3401826484018264
2026-01-25 19:04:22.245861,0.28097848333333336,40,23,17,57.49999999999999,462.8999999999998,1275.23,812.33,55.444782608695654,47.78411764705883,11.572499999999994,1.5698423054669899,78.76,-86.24,50000.0,50461.65,50750.22,0.9233000000000029,477.5900000000038,836.1699999999983,1.647618473378043,8,9,10,1,1754,41,836,2.33751425313569
2026-01-25 19:04:22.265043,0.2812981333333333,40,23,17,57.49999999999999,462.8999999999998,1275.23,812.33,55.444782608695654,47.78411764705883,11.572499999999994,1.5698423054669899,78.76,-86.24,50000.0,50454.15,50750.22,0.9083000000000029,470.0900000000038,836.1699999999983,1.647618473378043,8,9,10,1,1756,41,837,2.334851936218679
2026-01-25 19:04:22.283984,0.2816138166666667,40,23,17,57.49999999999999,462.8999999999998,1275.23,812.33,55.444782608695654,47.78411764705883,11.572499999999994,1.5698423054669899,78.76,-86.24,50000.0,50455.4,50750.22,0.9108000000000029,471.3400000000038,836.1699999999983,1.647618473378043,8,9,10,1,1758,41,838,2.3321956769055743
2026-01-25 19:04:22.302027,0.28191451666666667,40,23,17,57.49999999999999,462.8999999999998,1275.23,812.33,55.444782608695654,47.78411764705883,11.572499999999994,1.5698423054669899,78.76,-86.24,50000.0,50469.15,50750.22,0.9383000000000028,485.0900000000038,836.1699999999983,1.647618473378043,8,9,10,1,1760,41,839,2.3295454545454546
2026-01-25 19:04:22.320346,0.28221983333333334,40,23,17,57.49999999999999,462.8999999999998,1275.23,812.33,55.444782608695654,47.78411764705883,11.572499999999994,1.5698423054669899,78.76,-86.24,50000.0,50471.65,50750.22,0.943300000000003,487.5900000000038,836.1699999999983,1.647618473378043,8,9,10,1,1762,41,840,2.3269012485811578
2026-01-25 19:04:22.338829,0.2825279,40,23,17,57.49999999999999,462.8999999999998,1275.23,812.33,55.444782608695654,47.78411764705883,11.572499999999994,1.5698423054669899,78.76,-86.24,50000.0,50475.4,50750.22,0.9508000000000029,491.3400000000038,836.1699999999983,1.647618473378043,8,9,10,1,1764,41,841,2.324263038548753
2026-01-25 19:04:22.356814,0.28282763333333333,40,23,17,57.49999999999999,462.8999999999998,1275.23,812.33,55.444782608695654,47.78411764705883,11.572499999999994,1.5698423054669899,78.76,-86.24,50000.0,50471.65,50750.22,0.943300000000003,487.5900000000038,836.1699999999983,1.647618473378043,8,9,10,1,1766,41,842,2.32163080407701
2026-01-25 19:04:22.374986,0.2831305,41,23,18,56.09756097560976,426.6599999999998,1275.23,848.57,55.444782608695654,47.14277777777778,10.406341463414629,1.5027988262606502,78.76,-86.24,50000.0,50426.659999999996,50750.22,0.8533199999999925,442.59999999999854,836.1699999999983,1.647618473378043,-1,9,10,0,1768,41,843,2.319004524886878
2026-01-25 19:04:22.392907,0.28342918333333333,41,23,18,56.09756097560976,426.6599999999998,1275.23,848.57,55.444782608695654,47.14277777777778,10.406341463414629,1.5027988262606502,78.76,-86.24,50000.0,50426.659999999996,50750.22,0.8533199999999925,442.59999999999854,836.1699999999983,1.647618473378043,-1,9,10,1,1770,42,843,2.3728813559322033
2026-01-25 19:04:22.410664,0.2837251333333333,41,23,18,56.09756097560976,426.6599999999998,1275.23,848.57,55.444782608695654,47.14277777777778,10.406341463414629,1.5027988262606502,78.76,-86.24,50000.0,50415.409999999996,50750.22,0.8308199999999923,431.34999999999854,836.1699999999983,1.647618473378043,-1,9,10,1,1772,42,844,2.3702031602708806
2026-01-25 19:04:22.428680,0.28402541666666664,41,23,18,56.09756097560976,426.6599999999998,1275.23,848.57,55.444782608695654,47.14277777777778,10.406341463414629,1.5027988262606502,78.76,-86.24,50000.0,50411.659999999996,50750.22,0.8233199999999925,427.59999999999854,836.1699999999983,1.647618473378043,-1,9,10,2,1774,43,844,2.4239007891770012
2026-01-25 19:04:22.446602,0.2843241,41,23,18,56.09756097560976,426.6599999999998,1275.23,848.57,55.444782608695654,47.14277777777778,10.406341463414629,1.5027988262606502,78.76,-86.24,50000.0,50479.159999999996,50750.22,0.9583199999999924,67.5,836.1699999999983,1.647618473378043,-1,9,10,2,1776,43,845,2.421171171171171
2026-01-25 19:04:22.464008,0.2846142,41,23,18,56.09756097560976,426.6599999999998,1275.23,848.57,55.444782608695654,47.14277777777778,10.406341463414629,1.5027988262606502,78.76,-86.24,50000.0,50479.159999999996,50750.22,0.9583199999999924,67.5,836.1699999999983,1.647618473378043,-1,9,10,3,1778,44,845,2.4746906636670416
2026-01-25 19:04:22.481925,0.2849128166666667,41,23,18,56.09756097560976,426.6599999999998,1275.23,848.57,55.444782608695654,47.14277777777778,10.406341463414629,1.5027988262606502,78.76,-86.24,50000.0,50490.409999999996,50750.22,0.9808199999999925,78.75,836.1699999999983,1.647618473378043,-1,9,10,4,1780,45,845,2.528089887640449
2026-01-25 19:04:22.500032,0.2852146,41,23,18,56.09756097560976,426.6599999999998,1275.23,848.57,55.444782608695654,47.14277777777778,10.406341463414629,1.5027988262606502,78.76,-86.24,50000.0,50485.409999999996,50750.22,0.9708199999999924,73.75,836.1699999999983,1.647618473378043,-1,9,10,4,1782,45,846,2.525252525252525
2026-01-25 19:04:22.518032,0.2855146,41,23,18,56.09756097560976,426.6599999999998,1275.23,848.57,55.444782608695654,47.14277777777778,10.406341463414629,1.5027988262606502,78.76,-86.24,50000.0,50505.409999999996,50750.22,1.0108199999999925,93.75,836.1699999999983,1.647618473378043,-1,9,10,4,1784,45,847,2.522421524663677
2026-01-25 19:04:22.536656,0.285825,41,23,18,56.09756097560976,426.6599999999998,1275.23,848.57,55.444782608695654,47.14277777777778,10.406341463414629,1.5027988262606502,78.76,-86.24,50000.0,50500.409999999996,50750.22,1.0008199999999923,88.75,836.1699999999983,1.647618473378043,-1,9,10,4,1786,45,848,2.5195968645016795
2026-01-25 19:04:22.554227,0.28611785,41,23,18,56.09756097560976,426.6599999999998,1275.23,848.57,55.444782608695654,47.14277777777778,10.406341463414629,1.5027988262606502,78.76,-86.24,50000.0,50480.409999999996,50750.22,0.9608199999999925,68.75,836.1699999999983,1.647618473378043,-1,9,10,4,1788,45,849,2.5167785234899327
2026-01-25 19:04:22.571995,0.28641398333333334,41,23,18,56.09756097560976,426.6599999999998,1275.23,848.57,55.444782608695654,47.14277777777778,10.406341463414629,1.5027988262606502,78.76,-86.24,50000.0,50495.409999999996,50750.22,0.9908199999999925,83.75,836.1699999999983,1.647618473378043,-1,9,10,4,1790,45,850,2.5139664804469275
2026-01-25 19:04:22.590066,0.28671518333333335,41,23,18,56.09756097560976,426.6599999999998,1275.23,848.57,55.444782608695654,47.14277777777778,10.406341463414629,1.5027988262606502,78.76,-86.24,50000.0,50485.409999999996,50750.22,0.9708199999999924,73.75,836.1699999999983,1.647618473378043,-1,9,10,4,1792,45,851,2.5111607142857144
2026-01-25 19:04:22.608143,0.28701645000000003,41,23,18,56.09756097560976,426.6599999999998,1275.23,848.57,55.444782608695654,47.14277777777778,10.406341463414629,1.5027988262606502,78.76,-86.24,50000.0,50470.409999999996,50750.22,0.9408199999999924,58.75,836.1699999999983,1.647618473378043,-1,9,10,4,1794,45,852,2.508361204013378
2026-01-25 19:04:22.625583,0.2873071166666667,41,23,18,56.09756097560976,426.6599999999998,1275.23,848.57,55.444782608695654,47.14277777777778,10.406341463414629,1.5027988262606502,78.76,-86.24,50000.0,50440.409999999996,50750.22,0.8808199999999924,28.75,836.1699999999983,1.647618473378043,-1,9,10,4,1796,45,853,2.505567928730512
2026-01-25 19:04:22.643473,0.2876052833333333,41,23,18,56.09756097560976,426.6599999999998,1275.23,848.57,55.444782608695654,47.14277777777778,10.406341463414629,1.5027988262606502,78.76,-86.24,50000.0,50430.409999999996,50750.22,0.8608199999999924,18.75,836.1699999999983,1.647618473378043,-1,9,10,4,1798,45,854,2.502780867630701
2026-01-25 19:04:22.660904,0.28789581666666664,41,23,18,56.09756097560976,426.6599999999998,1275.23,848.57,55.444782608695654,47.14277777777778,10.406341463414629,1.5027988262606502,78.76,-86.24,50000.0,50445.409999999996,50750.22,0.8908199999999924,33.75,836.1699999999983,1.647618473378043,-1,9,10,4,1800,45,855,2.5
2026-01-25 19:04:22.678901,0.28819575,41,23,18,56.09756097560976,426.6599999999998,1275.23,848.57,55.444782608695654,47.14277777777778,10.406341463414629,1.5027988262606502,78.76,-86.24,50000.0,50445.409999999996,50750.22,0.8908199999999924,33.75,836.1699999999983,1.647618473378043,-1,9,10,4,1802,45,856,2.497225305216426
2026-01-25 19:04:22.696752,0.28849326666666664,41,23,18,56.09756097560976,426.6599999999998,1275.23,848.57,55.444782608695654,47.14277777777778,10.406341463414629,1.5027988262606502,78.76,-86.24,50000.0,50455.409999999996,50750.22,0.9108199999999924,43.75,836.1699999999983,1.647618473378043,-1,9,10,4,1804,45,857,2.494456762749446
2026-01-25 19:04:22.713682,0.28877543333333333,41,23,18,56.09756097560976,426.6599999999998,1275.23,848.57,55.444782608695654,47.14277777777778,10.406341463414629,1.5027988262606502,78.76,-86.24,50000.0,50435.409999999996,50750.22,0.8708199999999925,23.75,836.1699999999983,1.647618473378043,-1,9,10,4,1806,45,858,2.4916943521594686
2026-01-25 19:04:22.731961,0.28908009999999995,41,23,18,56.09756097560976,426.6599999999998,1275.23,848.57,55.444782608695654,47.14277777777778,10.406341463414629,1.5027988262606502,78.76,-86.24,50000.0,50420.409999999996,50750.22,0.8408199999999925,8.75,836.1699999999983,1.647618473378043,-1,9,10,4,1808,45,859,2.4889380530973453
2026-01-25 19:04:22.750036,0.2893813333333333,41,23,18,56.09756097560976,426.6599999999998,1275.23,848.57,55.444782608695654,47.14277777777778,10.406341463414629,1.5027988262606502,78.76,-86.24,50000.0,50410.409999999996,50750.22,0.8208199999999924,-1.25,836.1699999999983,1.647618473378043,-1,9,10,4,1810,45,860,2.4861878453038675
2026-01-25 19:04:22.767943,0.2896797833333334,41,23,18,56.09756097560976,426.6599999999998,1275.23,848.57,55.444782608695654,47.14277777777778,10.406341463414629,1.5027988262606502,78.76,-86.24,50000.0,50415.409999999996,50750.22,0.8308199999999923,3.75,836.1699999999983,1.647618473378043,-1,9,10,4,1812,45,861,2.4834437086092715
2026-01-25 19:04:22.785970,0.28998023333333334,41,23,18,56.09756097560976,426.6599999999998,1275.23,848.57,55.444782608695654,47.14277777777778,10.406341463414629,1.5027988262606502,78.76,-86.24,50000.0,50430.409999999996,50750.22,0.8608199999999924,18.75,836.1699999999983,1.647618473378043,-1,9,10,4,1814,45,862,2.4807056229327453
2026-01-25 19:04:22.803639,0.29027471666666665,41,23,18,56.09756097560976,426.6599999999998,1275.23,848.57,55.444782608695654,47.14277777777778,10.406341463414629,1.5027988262606502,78.76,-86.24,50000.0,50420.409999999996,50750.22,0.8408199999999925,8.75,836.1699999999983,1.647618473378043,-1,9,10,4,1816,45,863,2.4779735682819384
2026-01-25 19:04:22.850585,0.29105715000000004,41,23,18,56.09756097560976,426.6599999999998,1275.23,848.57,55.444782608695654,47.14277777777778,10.406341463414629,1.5027988262606502,78.76,-86.24,50000.0,50420.409999999996,50750.22,0.8408199999999925,8.75,836.1699999999983,1.647618473378043,-1,9,10,4,1818,45,864,2.4752475247524752
2026-01-25 19:04:22.902770,0.2919269,41,23,18,56.09756097560976,426.6599999999998,1275.23,848.57,55.444782608695654,47.14277777777778,10.406341463414629,1.5027988262606502,78.76,-86.24,50000.0,50420.409999999996,50750.22,0.8408199999999925,8.75,836.1699999999983,1.647618473378043,-1,9,10,4,1820,45,865,2.4725274725274726
2026-01-25 19:04:22.953737,0.29277634999999996,41,23,18,56.09756097560976,426.6599999999998,1275.23,848.57,55.444782608695654,47.14277777777778,10.406341463414629,1.5027988262606502,78.76,-86.24,50000.0,50420.409999999996,50750.22,0.8408199999999925,8.75,836.1699999999983,1.647618473378043,-1,9,10,4,1822,45,866,2.469813391877058
2026-01-25 19:04:22.979076,0.2931987166666667,41,23,18,56.09756097560976,426.6599999999998,1275.23,848.57,55.444782608695654,47.14277777777778,10.406341463414629,1.5027988262606502,78.76,-86.24,50000.0,50420.409999999996,50750.22,0.8408199999999925,8.75,836.1699999999983,1.647618473378043,-1,9,10,4,1824,45,867,2.4671052631578947
2026-01-25 19:04:23.008397,0.29368735,41,23,18,56.09756097560976,426.6599999999998,1275.23,848.57,55.444782608695654,47.14277777777778,10.406341463414629,1.5027988262606502,78.76,-86.24,50000.0,50420.409999999996,50750.22,0.8408199999999925,8.75,836.1699999999983,1.647618473378043,-1,9,10,4,1826,45,868,2.4644030668127055
2026-01-25 19:04:23.027406,0.2940041666666667,41,23,18,56.09756097560976,426.6599999999998,1275.23,848.57,55.444782608695654,47.14277777777778,10.406341463414629,1.5027988262606502,78.76,-86.24,50000.0,50430.409999999996,50750.22,0.8608199999999924,18.75,836.1699999999983,1.647618473378043,-1,9,10,4,1828,45,869,2.461706783369803
2026-01-25 19:04:23.046718,0.29432604999999995,41,23,18,56.09756097560976,426.6599999999998,1275.23,848.57,55.444782608695654,47.14277777777778,10.406341463414629,1.5027988262606502,78.76,-86.24,50000.0,50430.409999999996,50750.22,0.8608199999999924,18.75,836.1699999999983,1.647618473378043,-1,9,10,4,1830,45,870,2.459016393442623
2026-01-25 19:04:23.064287,0.29461885,41,23,18,56.09756097560976,426.6599999999998,1275.23,848.57,55.444782608695654,47.14277777777778,10.406341463414629,1.5027988262606502,78.76,-86.24,50000.0,50430.409999999996,50750.22,0.8608199999999924,18.75,836.1699999999983,1.647618473378043,-1,9,10,4,1832,45,871,2.4563318777292573
2026-01-25 19:04:23.083774,0.29494364999999995,41,23,18,56.09756097560976,426.6599999999998,1275.23,848.57,55.444782608695654,47.14277777777778,10.406341463414629,1.5027988262606502,78.76,-86.24,50000.0,50440.409999999996,50750.22,0.8808199999999924,28.75,836.1699999999983,1.647618473378043,-1,9,10,4,1834,45,872,2.4536532170119956
2026-01-25 19:04:23.102704,0.29525914999999997,41,23,18,56.09756097560976,426.6599999999998,1275.23,848.57,55.444782608695654,47.14277777777778,10.406341463414629,1.5027988262606502,78.76,-86.24,50000.0,50440.409999999996,50750.22,0.8808199999999924,28.75,836.1699999999983,1.647618473378043,-1,9,10,4,1836,45,873,2.450980392156863
2026-01-25 19:04:23.120725,0.2955594833333333,41,23,18,56.09756097560976,426.6599999999998,1275.23,848.57,55.444782608695654,47.14277777777778,10.406341463414629,1.5027988262606502,78.76,-86.24,50000.0,50430.409999999996,50750.22,0.8608199999999924,18.75,836.1699999999983,1.647618473378043,-1,9,10,4,1838,45,874,2.4483133841131663
2026-01-25 19:04:23.138282,0.2958521,41,23,18,56.09756097560976,426.6599999999998,1275.23,848.57,55.444782608695654,47.14277777777778,10.406341463414629,1.5027988262606502,78.76,-86.24,50000.0,50425.409999999996,50750.22,0.8508199999999924,13.75,836.1699999999983,1.647618473378043,-1,9,10,4,1840,45,875,2.4456521739130435
2026-01-25 19:04:23.155998,0.29614736666666663,41,23,18,56.09756097560976,426.6599999999998,1275.23,848.57,55.444782608695654,47.14277777777778,10.406341463414629,1.5027988262606502,78.76,-86.24,50000.0,50430.409999999996,50750.22,0.8608199999999924,18.75,836.1699999999983,1.647618473378043,-1,9,10,4,1842,45,876,2.44299674267101
2026-01-25 19:04:23.173604,0.2964408,41,23,18,56.09756097560976,426.6599999999998,1275.23,848.57,55.444782608695654,47.14277777777778,10.406341463414629,1.5027988262606502,78.76,-86.24,50000.0,50420.409999999996,50750.22,0.8408199999999925,8.75,836.1699999999983,1.647618473378043,-1,9,10,4,1844,45,877,2.4403470715835143
2026-01-25 19:04:23.191175,0.29673365,41,23,18,56.09756097560976,426.6599999999998,1275.23,848.57,55.444782608695654,47.14277777777778,10.406341463414629,1.5027988262606502,78.76,-86.24,50000.0,50420.409999999996,50750.22,0.8408199999999925,8.75,836.1699999999983,1.647618473378043,-1,9,10,4,1846,45,878,2.4377031419284942
2026-01-25 19:04:23.208902,0.29702911666666665,41,23,18,56.09756097560976,426.6599999999998,1275.23,848.57,55.444782608695654,47.14277777777778,10.406341463414629,1.5027988262606502,78.76,-86.24,50000.0,50440.409999999996,50750.22,0.8808199999999924,28.75,836.1699999999983,1.647618473378043,-1,9,10,4,1848,45,879,2.4350649350649354
2026-01-25 19:04:23.226568,0.29732353333333333,41,23,18,56.09756097560976,426.6599999999998,1275.23,848.57,55.444782608695654,47.14277777777778,10.406341463414629,1.5027988262606502,78.76,-86.24,50000.0,50445.409999999996,50750.22,0.8908199999999924,33.75,836.1699999999983,1.647618473378043,-1,9,10,5,1850,46,879,2.4864864864864864
2026-01-25 19:04:23.244179,0.29761705000000005,41,23,18,56.09756097560976,426.6599999999998,1275.23,848.57,55.444782608695654,47.14277777777778,10.406341463414629,1.5027988262606502,78.76,-86.24,50000.0,50439.159999999996,50750.22,0.8783199999999926,27.5,836.1699999999983,1.647618473378043,-1,9,10,5,1852,46,880,2.4838012958963285
2026-01-25 19:04:23.261883,0.29791211666666667,41,23,18,56.09756097560976,426.6599999999998,1275.23,848.57,55.444782608695654,47.14277777777778,10.406341463414629,1.5027988262606502,78.76,-86.24,50000.0,50451.659999999996,50750.22,0.9033199999999924,40.0,836.1699999999983,1.647618473378043,-1,9,10,5,1854,46,881,2.481121898597627
2026-01-25 19:04:23.279759,0.29821005,41,23,18,56.09756097560976,426.6599999999998,1275.23,848.57,55.444782608695654,47.14277777777778,10.406341463414629,1.5027988262606502,78.76,-86.24,50000.0,50451.659999999996,50750.22,0.9033199999999924,40.0,836.1699999999983,1.647618473378043,-1,9,10,5,1856,46,882,2.478448275862069
2026-01-25 19:04:23.297036,0.29849800000000004,41,23,18,56.09756097560976,426.6599999999998,1275.23,848.57,55.444782608695654,47.14277777777778,10.406341463414629,1.5027988262606502,78.76,-86.24,50000.0,50464.159999999996,50750.22,0.9283199999999924,52.5,836.1699999999983,1.647618473378043,-1,9,10,5,1858,46,883,2.4757804090419806
2026-01-25 19:04:23.314255,0.29878499999999997,41,23,18,56.09756097560976,426.6599999999998,1275.23,848.57,55.444782608695654,47.14277777777778,10.406341463414629,1.5027988262606502,78.76,-86.24,50000.0,50426.659999999996,50750.22,0.8533199999999925,15.0,836.1699999999983,1.647618473378043,-1,9,10,5,1860,46,884,2.4731182795698925
2026-01-25 19:04:23.333524,0.2991062,46,23,23,50.0,234.20999999999975,1275.23,1041.02,55.444782608695654,45.26173913043478,5.091521739130429,1.224981268371405,78.76,-86.24,50000.0,50234.21,50750.22,0.4684199999999982,-192.4499999999971,836.1699999999983,1.647618473378043,-6,9,10,0,1862,46,885,2.4704618689581093
2026-01-25 19:04:23.351393,0.29940395000000003,46,23,23,50.0,234.20999999999975,1275.23,1041.02,55.444782608695654,45.26173913043478,5.091521739130429,1.224981268371405,78.76,-86.24,50000.0,50234.21,50750.22,0.4684199999999982,-192.4499999999971,836.1699999999983,1.647618473378043,-6,9,10,0,1864,46,886,2.467811158798283
2026-01-25 19:04:23.369171,0.2997002666666667,46,23,23,50.0,234.20999999999975,1275.23,1041.02,55.444782608695654,45.26173913043478,5.091521739130429,1.224981268371405,78.76,-86.24,50000.0,50234.21,50750.22,0.4684199999999982,-192.4499999999971,836.1699999999983,1.647618473378043,-6,9,10,0,1866,46,887,2.465166130760986
2026-01-25 19:04:23.386884,0.2999954666666667,46,23,23,50.0,234.20999999999975,1275.23,1041.02,55.444782608695654,45.26173913043478,5.091521739130429,1.224981268371405,78.76,-86.24,50000.0,50234.21,50750.22,0.4684199999999982,-192.4499999999971,836.1699999999983,1.647618473378043,-6,9,10,0,1868,46,888,2.462526766595289
2026-01-25 19:04:23.405070,0.3002985666666667,46,23,23,50.0,234.20999999999975,1275.23,1041.02,55.444782608695654,45.26173913043478,5.091521739130429,1.224981268371405,78.76,-86.24,50000.0,50234.21,50750.22,0.4684199999999982,-192.4499999999971,836.1699999999983,1.647618473378043,-6,9,10,0,1870,46,889,2.4598930481283423
2026-01-25 19:04:23.422978,0.3005970333333333,46,23,23,50.0,234.20999999999975,1275.23,1041.02,55.444782608695654,45.26173913043478,5.091521739130429,1.224981268371405,78.76,-86.24,50000.0,50234.21,50750.22,0.4684199999999982,-192.4499999999971,836.1699999999983,1.647618473378043,-6,9,10,0,1872,46,890,2.4572649572649574
2026-01-25 19:04:23.440964,0.3008968166666667,46,23,23,50.0,234.20999999999975,1275.23,1041.02,55.444782608695654,45.26173913043478,5.091521739130429,1.224981268371405,78.76,-86.24,50000.0,50234.21,50750.22,0.4684199999999982,-192.4499999999971,836.1699999999983,1.647618473378043,-6,9,10,0,1874,46,891,2.454642475987193
2026-01-25 19:04:23.458534,0.3011896333333333,46,23,23,50.0,234.20999999999975,1275.23,1041.02,55.444782608695654,45.26173913043478,5.091521739130429,1.224981268371405,78.76,-86.24,50000.0,50234.21,50750.22,0.4684199999999982,-192.4499999999971,836.1699999999983,1.647618473378043,-6,9,10,0,1876,46,892,2.4520255863539444
2026-01-25 19:04:23.476578,0.3014903666666667,46,23,23,50.0,234.20999999999975,1275.23,1041.02,55.444782608695654,45.26173913043478,5.091521739130429,1.224981268371405,78.76,-86.24,50000.0,50234.21,50750.22,0.4684199999999982,-192.4499999999971,836.1699999999983,1.647618473378043,-6,9,10,0,1878,46,893,2.4494142705005326
2026-01-25 19:04:23.493997,0.3017806833333333,46,23,23,50.0,234.20999999999975,1275.23,1041.02,55.444782608695654,45.26173913043478,5.091521739130429,1.224981268371405,78.76,-86.24,50000.0,50234.21,50750.22,0.4684199999999982,-192.4499999999971,836.1699999999983,1.647618473378043,-6,9,10,0,1880,46,894,2.4468085106382977
2026-01-25 19:04:23.511724,0.30207613333333333,46,23,23,50.0,234.20999999999975,1275.23,1041.02,55.444782608695654,45.26173913043478,5.091521739130429,1.224981268371405,78.76,-86.24,50000.0,50234.21,50750.22,0.4684199999999982,-192.4499999999971,836.1699999999983,1.647618473378043,-6,9,10,0,1882,46,895,2.4442082890541976
2026-01-25 19:04:23.529564,0.30237346666666665,46,23,23,50.0,234.20999999999975,1275.23,1041.02,55.444782608695654,45.26173913043478,5.091521739130429,1.224981268371405,78.76,-86.24,50000.0,50234.21,50750.22,0.4684199999999982,-192.4499999999971,836.1699999999983,1.647618473378043,-6,9,10,0,1884,46,896,2.4416135881104037
2026-01-25 19:04:23.547317,0.30266935,46,23,23,50.0,234.20999999999975,1275.23,1041.02,55.444782608695654,45.26173913043478,5.091521739130429,1.224981268371405,78.76,-86.24,50000.0,50234.21,50750.22,0.4684199999999982,-192.4499999999971,836.1699999999983,1.647618473378043,-6,9,10,0,1886,46,897,2.4390243902439024
2026-01-25 19:04:23.565157,0.30296675,46,23,23,50.0,234.20999999999975,1275.23,1041.02,55.444782608695654,45.26173913043478,5.091521739130429,1.224981268371405,78.76,-86.24,50000.0,50234.21,50750.22,0.4684199999999982,-192.4499999999971,836.1699999999983,1.647618473378043,-6,9,10,0,1888,46,898,2.4364406779661016
2026-01-25 19:04:23.582918,0.30326271666666665,46,23,23,50.0,234.20999999999975,1275.23,1041.02,55.444782608695654,45.26173913043478,5.091521739130429,1.224981268371405,78.76,-86.24,50000.0,50234.21,50750.22,0.4684199999999982,-192.4499999999971,836.1699999999983,1.647618473378043,-6,9,10,0,1890,46,899,2.433862433862434
2026-01-25 19:04:23.600271,0.3035519333333333,46,23,23,50.0,234.20999999999975,1275.23,1041.02,55.444782608695654,45.26173913043478,5.091521739130429,1.224981268371405,78.76,-86.24,50000.0,50234.21,50750.22,0.4684199999999982,-192.4499999999971,836.1699999999983,1.647618473378043,-6,9,10,0,1892,46,900,2.431289640591966
2026-01-25 19:04:23.617759,0.30384338333333333,46,23,23,50.0,234.20999999999975,1275.23,1041.02,55.444782608695654,45.26173913043478,5.091521739130429,1.224981268371405,78.76,-86.24,50000.0,50234.21,50750.22,0.4684199999999982,-192.4499999999971,836.1699999999983,1.647618473378043,-6,9,10,0,1894,46,901,2.428722280887012
2026-01-25 19:04:23.635471,0.3041386,46,23,23,50.0,234.20999999999975,1275.23,1041.02,55.444782608695654,45.26173913043478,5.091521739130429,1.224981268371405,78.76,-86.24,50000.0,50234.21,50750.22,0.4684199999999982,-192.4499999999971,836.1699999999983,1.647618473378043,-6,9,10,0,1896,46,902,2.4261603375527425
2026-01-25 19:04:23.653377,0.30443703333333333,46,23,23,50.0,234.20999999999975,1275.23,1041.02,55.444782608695654,45.26173913043478,5.091521739130429,1.224981268371405,78.76,-86.24,50000.0,50234.21,50750.22,0.4684199999999982,-192.4499999999971,836.1699999999983,1.647618473378043,-6,9,10,0,1898,46,903,2.423603793466807
2026-01-25 19:04:23.671256,0.304735,46,23,23,50.0,234.20999999999975,1275.23,1041.02,55.444782608695654,45.26173913043478,5.091521739130429,1.224981268371405,78.76,-86.24,50000.0,50234.21,50750.22,0.4684199999999982,-192.4499999999971,836.1699999999983,1.647618473378043,-6,9,10,0,1900,46,904,2.4210526315789473
2026-01-25 19:04:23.688800,0.3050274,46,23,23,50.0,234.20999999999975,1275.23,1041.02,55.444782608695654,45.26173913043478,5.091521739130429,1.224981268371405,78.76,-86.24,50000.0,50234.21,50750.22,0.4684199999999982,-192.4499999999971,836.1699999999983,1.647618473378043,-6,9,10,0,1902,46,905,2.4185068349106205
2026-01-25 19:04:23.706821,0.30532776666666667,46,23,23,50.0,234.20999999999975,1275.23,1041.02,55.444782608695654,45.26173913043478,5.091521739130429,1.224981268371405,78.76,-86.24,50000.0,50234.21,50750.22,0.4684199999999982,-192.4499999999971,836.1699999999983,1.647618473378043,-6,9,10,0,1904,46,906,2.415966386554622
2026-01-25 19:04:23.724592,0.3056239333333333,46,23,23,50.0,234.20999999999975,1275.23,1041.02,55.444782608695654,45.26173913043478,5.091521739130429,1.224981268371405,78.76,-86.24,50000.0,50234.21,50750.22,0.4684199999999982,-192.4499999999971,836.1699999999983,1.647618473378043,-6,9,10,0,1906,46,907,2.413431269674711
2026-01-25 19:04:23.742920,0.3059294166666667,46,23,23,50.0,234.20999999999975,1275.23,1041.02,55.444782608695654,45.26173913043478,5.091521739130429,1.224981268371405,78.76,-86.24,50000.0,50234.21,50750.22,0.4684199999999982,-192.4499999999971,836.1699999999983,1.647618473378043,-6,9,10,0,1908,46,908,2.410901467505241
2026-01-25 19:04:23.760829,0.30622788333333334,46,23,23,50.0,234.20999999999975,1275.23,1041.02,55.444782608695654,45.26173913043478,5.091521739130429,1.224981268371405,78.76,-86.24,50000.0,50234.21,50750.22,0.4684199999999982,-192.4499999999971,836.1699999999983,1.647618473378043,-6,9,10,0,1910,46,909,2.408376963350785
2026-01-25 19:04:23.778571,0.3065236,46,23,23,50.0,234.20999999999975,1275.23,1041.02,55.444782608695654,45.26173913043478,5.091521739130429,1.224981268371405,78.76,-86.24,50000.0,50234.21,50750.22,0.4684199999999982,-192.4499999999971,836.1699999999983,1.647618473378043,-6,9,10,0,1912,46,910,2.405857740585774
2026-01-25 19:04:23.796513,0.30682261666666666,46,23,23,50.0,234.20999999999975,1275.23,1041.02,55.444782608695654,45.26173913043478,5.091521739130429,1.224981268371405,78.76,-86.24,50000.0,50234.21,50750.22,0.4684199999999982,-192.4499999999971,836.1699999999983,1.647618473378043,-6,9,10,0,1914,46,911,2.4033437826541273
2026-01-25 19:04:23.813782,0.3071104333333333,46,23,23,50.0,234.20999999999975,1275.23,1041.02,55.444782608695654,45.26173913043478,5.091521739130429,1.224981268371405,78.76,-86.24,50000.0,50234.21,50750.22,0.4684199999999982,-192.4499999999971,836.1699999999983,1.647618473378043,-6,9,10,0,1916,46,912,2.4008350730688934
2026-01-25 19:04:23.831714,0.3074093166666667,46,23,23,50.0,234.20999999999975,1275.23,1041.02,55.444782608695654,45.26173913043478,5.091521739130429,1.224981268371405,78.76,-86.24,50000.0,50234.21,50750.22,0.4684199999999982,-192.4499999999971,836.1699999999983,1.647618473378043,-6,9,10,0,1918,46,913,2.398331595411887
2026-01-25 19:04:23.849516,0.307706,46,23,23,50.0,234.20999999999975,1275.23,1041.02,55.444782608695654,45.26173913043478,5.091521739130429,1.224981268371405,78.76,-86.24,50000.0,50234.21,50750.22,0.4684199999999982,-192.4499999999971,836.1699999999983,1.647618473378043,-6,9,10,0,1920,46,914,2.3958333333333335
2026-01-25 19:04:23.867197,0.30800068333333336,46,23,23,50.0,234.20999999999975,1275.23,1041.02,55.444782608695654,45.26173913043478,5.091521739130429,1.224981268371405,78.76,-86.24,50000.0,50234.21,50750.22,0.4684199999999982,-192.4499999999971,836.1699999999983,1.647618473378043,-6,9,10,0,1922,46,915,2.3933402705515086
2026-01-25 19:04:23.885346,0.3083031666666667,46,23,23,50.0,234.20999999999975,1275.23,1041.02,55.444782608695654,45.26173913043478,5.091521739130429,1.224981268371405,78.76,-86.24,50000.0,50234.21,50750.22,0.4684199999999982,-192.4499999999971,836.1699999999983,1.647618473378043,-6,9,10,0,1924,46,916,2.390852390852391
2026-01-25 19:04:23.902957,0.30859668333333334,46,23,23,50.0,234.20999999999975,1275.23,1041.02,55.444782608695654,45.26173913043478,5.091521739130429,1.224981268371405,78.76,-86.24,50000.0,50234.21,50750.22,0.4684199999999982,-192.4499999999971,836.1699999999983,1.647618473378043,-6,9,10,0,1926,46,917,2.3883696780893042
2026-01-25 19:04:23.920711,0.3088925833333333,46,23,23,50.0,234.20999999999975,1275.23,1041.02,55.444782608695654,45.26173913043478,5.091521739130429,1.224981268371405,78.76,-86.24,50000.0,50234.21,50750.22,0.4684199999999982,-192.4499999999971,836.1699999999983,1.647618473378043,-6,9,10,0,1928,46,918,2.3858921161825726
2026-01-25 19:04:23.938522,0.3091894333333334,46,23,23,50.0,234.20999999999975,1275.23,1041.02,55.444782608695654,45.26173913043478,5.091521739130429,1.224981268371405,78.76,-86.24,50000.0,50234.21,50750.22,0.4684199999999982,-192.4499999999971,836.1699999999983,1.647618473378043,-6,9,10,0,1930,46,919,2.383419689119171
2026-01-25 19:04:23.956579,0.30949038333333334,46,23,23,50.0,234.20999999999975,1275.23,1041.02,55.444782608695654,45.26173913043478,5.091521739130429,1.224981268371405,78.76,-86.24,50000.0,50234.21,50750.22,0.4684199999999982,-192.4499999999971,836.1699999999983,1.647618473378043,-6,9,10,0,1932,46,920,2.380952380952381
2026-01-25 19:04:23.975008,0.30979755,46,23,23,50.0,234.20999999999975,1275.23,1041.02,55.444782608695654,45.26173913043478,5.091521739130429,1.224981268371405,78.76,-86.24,50000.0,50234.21,50750.22,0.4684199999999982,-192.4499999999971,836.1699999999983,1.647618473378043,-6,9,10,0,1934,46,921,2.378490175801448
2026-01-25 19:04:23.993276,0.310102,46,23,23,50.0,234.20999999999975,1275.23,1041.02,55.444782608695654,45.26173913043478,5.091521739130429,1.224981268371405,78.76,-86.24,50000.0,50234.21,50750.22,0.4684199999999982,-192.4499999999971,836.1699999999983,1.647618473378043,-6,9,10,0,1936,46,922,2.37603305785124
2026-01-25 19:04:24.011394,0.3104039833333333,46,23,23,50.0,234.20999999999975,1275.23,1041.02,55.444782608695654,45.26173913043478,5.091521739130429,1.224981268371405,78.76,-86.24,50000.0,50234.21,50750.22,0.4684199999999982,-192.4499999999971,836.1699999999983,1.647618473378043,-6,9,10,0,1938,46,923,2.3735810113519094
2026-01-25 19:04:24.029945,0.31071315,46,23,23,50.0,234.20999999999975,1275.23,1041.02,55.444782608695654,45.26173913043478,5.091521739130429,1.224981268371405,78.76,-86.24,50000.0,50234.21,50750.22,0.4684199999999982,-192.4499999999971,836.1699999999983,1.647618473378043,-6,9,10,0,1940,46,924,2.3711340206185567
2026-01-25 19:04:24.048308,0.3110192,46,23,23,50.0,234.20999999999975,1275.23,1041.02,55.444782608695654,45.26173913043478,5.091521739130429,1.224981268371405,78.76,-86.24,50000.0,50234.21,50750.22,0.4684199999999982,-192.4499999999971,836.1699999999983,1.647618473378043,-6,9,10,0,1942,46,925,2.368692070030896
2026-01-25 19:04:24.066996,0.31133066666666664,46,23,23,50.0,234.20999999999975,1275.23,1041.02,55.444782608695654,45.26173913043478,5.091521739130429,1.224981268371405,78.76,-86.24,50000.0,50234.21,50750.22,0.4684199999999982,-192.4499999999971,836.1699999999983,1.647618473378043,-6,9,10,0,1944,46,926,2.366255144032922
2026-01-25 19:04:24.085117,0.3116327,46,23,23,50.0,234.20999999999975,1275.23,1041.02,55.444782608695654,45.26173913043478,5.091521739130429,1.224981268371405,78.76,-86.24,50000.0,50234.21,50750.22,0.4684199999999982,-192.4499999999971,836.1699999999983,1.647618473378043,-6,9,10,0,1946,46,927,2.36382322713258
2026-01-25 19:04:24.103273,0.31193528333333337,46,23,23,50.0,234.20999999999975,1275.23,1041.02,55.444782608695654,45.26173913043478,5.091521739130429,1.224981268371405,78.76,-86.24,50000.0,50234.21,50750.22,0.4684199999999982,-192.4499999999971,836.1699999999983,1.647618473378043,-6,9,10,0,1948,46,928,2.3613963039014374
2026-01-25 19:04:24.120804,0.3122274666666666,46,23,23,50.0,234.20999999999975,1275.23,1041.02,55.444782608695654,45.26173913043478,5.091521739130429,1.224981268371405,78.76,-86.24,50000.0,50234.21,50750.22,0.4684199999999982,-192.4499999999971,836.1699999999983,1.647618473378043,-6,9,10,0,1950,46,929,2.358974358974359
2026-01-25 19:04:24.137851,0.31251158333333334,46,23,23,50.0,234.20999999999975,1275.23,1041.02,55.444782608695654,45.26173913043478,5.091521739130429,1.224981268371405,78.76,-86.24,50000.0,50234.21,50750.22,0.4684199999999982,-192.4499999999971,836.1699999999983,1.647618473378043,-6,9,10,0,1952,46,930,2.3565573770491803
2026-01-25 19:04:24.154976,0.312797,46,23,23,50.0,234.20999999999975,1275.23,1041.02,55.444782608695654,45.26173913043478,5.091521739130429,1.224981268371405,78.76,-86.24,50000.0,50234.21,50750.22,0.4684199999999982,-192.4499999999971,836.1699999999983,1.647618473378043,-6,9,10,0,1954,46,931,2.3541453428863868
2026-01-25 19:04:24.172048,0.31308153333333333,46,23,23,50.0,234.20999999999975,1275.23,1041.02,55.444782608695654,45.26173913043478,5.091521739130429,1.224981268371405,78.76,-86.24,50000.0,50234.21,50750.22,0.4684199999999982,-192.4499999999971,836.1699999999983,1.647618473378043,-6,9,10,0,1956,46,932,2.3517382413087935
2026-01-25 19:04:24.189261,0.3133684333333333,46,23,23,50.0,234.20999999999975,1275.23,1041.02,55.444782608695654,45.26173913043478,5.091521739130429,1.224981268371405,78.76,-86.24,50000.0,50234.21,50750.22,0.4684199999999982,-192.4499999999971,836.1699999999983,1.647618473378043,-6,9,10,0,1958,46,933,2.3493360572012256
2026-01-25 19:04:24.206562,0.3136567666666667,46,23,23,50.0,234.20999999999975,1275.23,1041.02,55.444782608695654,45.26173913043478,5.091521739130429,1.224981268371405,78.76,-86.24,50000.0,50234.21,50750.22,0.4684199999999982,-192.4499999999971,836.1699999999983,1.647618473378043,-6,9,10,0,1960,46,934,2.3469387755102042
2026-01-25 19:04:24.227362,0.3140034333333333,46,23,23,50.0,234.20999999999975,1275.23,1041.02,55.444782608695654,45.26173913043478,5.091521739130429,1.224981268371405,78.76,-86.24,50000.0,50234.21,50750.22,0.4684199999999982,-192.4499999999971,836.1699999999983,1.647618473378043,-6,9,10,0,1962,46,935,2.344546381243629
2026-01-25 19:04:24.244970,0.31429690000000005,46,23,23,50.0,234.20999999999975,1275.23,1041.02,55.444782608695654,45.26173913043478,5.091521739130429,1.224981268371405,78.76,-86.24,50000.0,50234.21,50750.22,0.4684199999999982,-192.4499999999971,836.1699999999983,1.647618473378043,-6,9,10,0,1964,46,936,2.3421588594704685
2026-01-25 19:04:24.262425,0.31458781666666663,46,23,23,50.0,234.20999999999975,1275.23,1041.02,55.444782608695654,45.26173913043478,5.091521739130429,1.224981268371405,78.76,-86.24,50000.0,50234.21,50750.22,0.4684199999999982,-192.4499999999971,836.1699999999983,1.647618473378043,-6,9,10,0,1966,46,937,2.3397761953204474
2026-01-25 19:04:24.279876,0.3148786666666667,46,23,23,50.0,234.20999999999975,1275.23,1041.02,55.444782608695654,45.26173913043478,5.091521739130429,1.224981268371405,78.76,-86.24,50000.0,50234.21,50750.22,0.4684199999999982,-192.4499999999971,836.1699999999983,1.647618473378043,-6,9,10,0,1968,46,938,2.33739837398374
2026-01-25 19:04:24.296725,0.3151594833333334,46,23,23,50.0,234.20999999999975,1275.23,1041.02,55.444782608695654,45.26173913043478,5.091521739130429,1.224981268371405,78.76,-86.24,50000.0,50234.21,50750.22,0.4684199999999982,-192.4499999999971,836.1699999999983,1.647618473378043,-6,9,10,0,1970,46,939,2.33502538071066
2026-01-25 19:04:24.313722,0.3154427666666667,46,23,23,50.0,234.20999999999975,1275.23,1041.02,55.444782608695654,45.26173913043478,5.091521739130429,1.224981268371405,78.76,-86.24,50000.0,50234.21,50750.22,0.4684199999999982,-192.4499999999971,836.1699999999983,1.647618473378043,-6,9,10,0,1972,46,940,2.332657200811359
2026-01-25 19:04:24.331188,0.31573386666666664,46,23,23,50.0,234.20999999999975,1275.23,1041.02,55.444782608695654,45.26173913043478,5.091521739130429,1.224981268371405,78.76,-86.24,50000.0,50234.21,50750.22,0.4684199999999982,-192.4499999999971,836.1699999999983,1.647618473378043,-6,9,10,0,1974,46,941,2.330293819655522
2026-01-25 19:04:24.348784,0.3160271333333334,46,23,23,50.0,234.20999999999975,1275.23,1041.02,55.444782608695654,45.26173913043478,5.091521739130429,1.224981268371405,78.76,-86.24,50000.0,50234.21,50750.22,0.4684199999999982,-192.4499999999971,836.1699999999983,1.647618473378043,-6,9,10,0,1976,46,942,2.327935222672065
2026-01-25 19:04:24.365758,0.3163100333333333,46,23,23,50.0,234.20999999999975,1275.23,1041.02,55.444782608695654,45.26173913043478,5.091521739130429,1.224981268371405,78.76,-86.24,50000.0,50234.21,50750.22,0.4684199999999982,-192.4499999999971,836.1699999999983,1.647618473378043,-6,9,10,0,1978,46,943,2.3255813953488373
2026-01-25 19:04:24.383098,0.31659905,46,23,23,50.0,234.20999999999975,1275.23,1041.02,55.444782608695654,45.26173913043478,5.091521739130429,1.224981268371405,78.76,-86.24,50000.0,50234.21,50750.22,0.4684199999999982,-192.4499999999971,836.1699999999983,1.647618473378043,-6,9,10,0,1980,46,944,2.323232323232323
2026-01-25 19:04:24.399769,0.31687688333333336,46,23,23,50.0,234.20999999999975,1275.23,1041.02,55.444782608695654,45.26173913043478,5.091521739130429,1.224981268371405,78.76,-86.24,50000.0,50234.21,50750.22,0.4684199999999982,-192.4499999999971,836.1699999999983,1.647618473378043,-6,9,10,0,1982,46,945,2.320887991927346
2026-01-25 19:04:24.417334,0.3171696333333333,46,23,23,50.0,234.20999999999975,1275.23,1041.02,55.444782608695654,45.26173913043478,5.091521739130429,1.224981268371405,78.76,-86.24,50000.0,50234.21,50750.22,0.4684199999999982,-192.4499999999971,836.1699999999983,1.647618473378043,-6,9,10,0,1984,46,946,2.318548387096774
2026-01-25 19:04:24.434222,0.31745110000000004,46,23,23,50.0,234.20999999999975,1275.23,1041.02,55.444782608695654,45.26173913043478,5.091521739130429,1.224981268371405,78.76,-86.24,50000.0,50234.21,50750.22,0.4684199999999982,-192.4499999999971,836.1699999999983,1.647618473378043,-6,9,10,0,1986,46,947,2.3162134944612287
2026-01-25 19:04:24.451886,0.3177455,46,23,23,50.0,234.20999999999975,1275.23,1041.02,55.444782608695654,45.26173913043478,5.091521739130429,1.224981268371405,78.76,-86.24,50000.0,50234.21,50750.22,0.4684199999999982,-192.4499999999971,836.1699999999983,1.647618473378043,-6,9,10,0,1988,46,948,2.3138832997987926
2026-01-25 19:04:24.469421,0.31803775,46,23,23,50.0,234.20999999999975,1275.23,1041.02,55.444782608695654,45.26173913043478,5.091521739130429,1.224981268371405,78.76,-86.24,50000.0,50234.21,50750.22,0.4684199999999982,-192.4499999999971,836.1699999999983,1.647618473378043,-6,9,10,0,1990,46,949,2.3115577889447234
2026-01-25 19:04:24.488063,0.31834845,46,23,23,50.0,234.20999999999975,1275.23,1041.02,55.444782608695654,45.26173913043478,5.091521739130429,1.224981268371405,78.76,-86.24,50000.0,50234.21,50750.22,0.4684199999999982,-192.4499999999971,836.1699999999983,1.647618473378043,-6,9,10,0,1992,46,950,2.3092369477911645
2026-01-25 19:04:24.506465,0.31865515,46,23,23,50.0,234.20999999999975,1275.23,1041.02,55.444782608695654,45.26173913043478,5.091521739130429,1.224981268371405,78.76,-86.24,50000.0,50234.21,50750.22,0.4684199999999982,-192.4499999999971,836.1699999999983,1.647618473378043,-6,9,10,0,1994,46,951,2.3069207622868606
2026-01-25 19:04:24.527437,0.3190047,46,23,23,50.0,234.20999999999975,1275.23,1041.02,55.444782608695654,45.26173913043478,5.091521739130429,1.224981268371405,78.76,-86.24,50000.0,50234.21,50750.22,0.4684199999999982,-192.4499999999971,836.1699999999983,1.647618473378043,-6,9,10,0,1996,46,952,2.3046092184368736
2026-01-25 19:04:24.550636,0.3193913333333333,46,23,23,50.0,234.20999999999975,1275.23,1041.02,55.444782608695654,45.26173913043478,5.091521739130429,1.224981268371405,78.76,-86.24,50000.0,50234.21,50750.22,0.4684199999999982,-192.4499999999971,836.1699999999983,1.647618473378043,-6,9,10,0,1998,46,953,2.3023023023023024
2026-01-25 19:04:24.579762,0.3198767833333333,46,23,23,50.0,234.20999999999975,1275.23,1041.02,55.444782608695654,45.26173913043478,5.091521739130429,1.224981268371405,78.76,-86.24,50000.0,50234.21,50750.22,0.4684199999999982,-192.4499999999971,836.1699999999983,1.647618473378043,-6,9,10,0,2000,46,954,2.3
2026-01-25 19:04:24.616683,0.32049211666666666,46,23,23,50.0,234.20999999999975,1275.23,1041.02,55.444782608695654,45.26173913043478,5.091521739130429,1.224981268371405,78.76,-86.24,50000.0,50234.21,50750.22,0.4684199999999982,-192.4499999999971,836.1699999999983,1.647618473378043,-6,9,10,0,2002,46,955,2.2977022977022976
2026-01-25 19:04:24.642000,0.3209141333333333,46,23,23,50.0,234.20999999999975,1275.23,1041.02,55.444782608695654,45.26173913043478,5.091521739130429,1.224981268371405,78.76,-86.24,50000.0,50234.21,50750.22,0.4684199999999982,-192.4499999999971,836.1699999999983,1.647618473378043,-6,9,10,0,2004,46,956,2.2954091816367264
2026-01-25 19:04:24.663335,0.3212696666666667,46,23,23,50.0,234.20999999999975,1275.23,1041.02,55.444782608695654,45.26173913043478,5.091521739130429,1.224981268371405,78.76,-86.24,50000.0,50234.21,50750.22,0.4684199999999982,-192.4499999999971,836.1699999999983,1.647618473378043,-6,9,10,0,2006,46,957,2.293120638085743
2026-01-25 19:04:24.683188,0.3216005333333333,46,23,23,50.0,234.20999999999975,1275.23,1041.02,55.444782608695654,45.26173913043478,5.091521739130429,1.224981268371405,78.76,-86.24,50000.0,50234.21,50750.22,0.4684199999999982,-192.4499999999971,836.1699999999983,1.647618473378043,-6,9,10,0,2008,46,958,2.2908366533864544
2026-01-25 19:04:24.701949,0.32191321666666667,46,23,23,50.0,234.20999999999975,1275.23,1041.02,55.444782608695654,45.26173913043478,5.091521739130429,1.224981268371405,78.76,-86.24,50000.0,50234.21,50750.22,0.4684199999999982,-192.4499999999971,836.1699999999983,1.647618473378043,-6,9,10,0,2010,46,959,2.288557213930348
2026-01-25 19:04:24.727587,0.32234053333333335,46,23,23,50.0,234.20999999999975,1275.23,1041.02,55.444782608695654,45.26173913043478,5.091521739130429,1.224981268371405,78.76,-86.24,50000.0,50234.21,50750.22,0.4684199999999982,-192.4499999999971,836.1699999999983,1.647618473378043,-6,9,10,0,2012,46,960,2.286282306163022
2026-01-25 19:04:24.751083,0.32273213333333334,46,23,23,50.0,234.20999999999975,1275.23,1041.02,55.444782608695654,45.26173913043478,5.091521739130429,1.224981268371405,78.76,-86.24,50000.0,50234.21,50750.22,0.4684199999999982,-192.4499999999971,836.1699999999983,1.647618473378043,-6,9,10,0,2014,46,961,2.284011916583913
2026-01-25 19:04:24.771491,0.32307225,46,23,23,50.0,234.20999999999975,1275.23,1041.02,55.444782608695654,45.26173913043478,5.091521739130429,1.224981268371405,78.76,-86.24,50000.0,50234.21,50750.22,0.4684199999999982,-192.4499999999971,836.1699999999983,1.647618473378043,-6,9,10,0,2016,46,962,2.2817460317460316
2026-01-25 19:04:24.789636,0.32337468333333336,46,23,23,50.0,234.20999999999975,1275.23,1041.02,55.444782608695654,45.26173913043478,5.091521739130429,1.224981268371405,78.76,-86.24,50000.0,50234.21,50750.22,0.4684199999999982,0.0,836.1699999999983,1.647618473378043,-6,9,10,0,2018,46,963,2.2794846382556986
2026-01-25 19:04:24.807605,0.32367415000000005,46,23,23,50.0,234.20999999999975,1275.23,1041.02,55.444782608695654,45.26173913043478,5.091521739130429,1.224981268371405,78.76,-86.24,50000.0,50234.21,50750.22,0.4684199999999982,0.0,836.1699999999983,1.647618473378043,-6,9,10,0,2020,46,964,2.277227722772277
2026-01-25 19:04:24.825510,0.32397258333333334,46,23,23,50.0,234.20999999999975,1275.23,1041.02,55.444782608695654,45.26173913043478,5.091521739130429,1.224981268371405,78.76,-86.24,50000.0,50234.21,50750.22,0.4684199999999982,0.0,836.1699999999983,1.647618473378043,-6,9,10,0,2022,46,965,2.274975272007913
2026-01-25 19:04:24.843114,0.3242659666666666,46,23,23,50.0,234.20999999999975,1275.23,1041.02,55.444782608695654,45.26173913043478,5.091521739130429,1.224981268371405,78.76,-86.24,50000.0,50234.21,50750.22,0.4684199999999982,0.0,836.1699999999983,1.647618473378043,-6,9,10,0,2024,46,966,2.272727272727273
2026-01-25 19:04:24.860880,0.32456208333333336,46,23,23,50.0,234.20999999999975,1275.23,1041.02,55.444782608695654,45.26173913043478,5.091521739130429,1.224981268371405,78.76,-86.24,50000.0,50234.21,50750.22,0.4684199999999982,0.0,836.1699999999983,1.647618473378043,-6,9,10,1,2026,47,966,2.319842053307009
2026-01-25 19:04:24.879157,0.3248667,46,23,23,50.0,234.20999999999975,1275.23,1041.02,55.444782608695654,45.26173913043478,5.091521739130429,1.224981268371405,78.76,-86.24,50000.0,50242.96,50750.22,0.4859199999999983,8.75,836.1699999999983,1.647618473378043,-6,9,10,1,2028,47,967,2.3175542406311638
2026-01-25 19:04:24.897163,0.3251667833333334,46,23,23,50.0,234.20999999999975,1275.23,1041.02,55.444782608695654,45.26173913043478,5.091521739130429,1.224981268371405,78.76,-86.24,50000.0,50247.96,50750.22,0.4959199999999982,13.75,836.1699999999983,1.647618473378043,-6,9,10,1,2030,47,968,2.315270935960591
2026-01-25 19:04:24.914797,0.3254607,46,23,23,50.0,234.20999999999975,1275.23,1041.02,55.444782608695654,45.26173913043478,5.091521739130429,1.224981268371405,78.76,-86.24,50000.0,50274.21,50750.22,0.5484199999999982,40.0,836.1699999999983,1.647618473378043,-6,9,10,1,2032,47,969,2.312992125984252
2026-01-25 19:04:24.931854,0.32574498333333335,46,23,23,50.0,234.20999999999975,1275.23,1041.02,55.444782608695654,45.26173913043478,5.091521739130429,1.224981268371405,78.76,-86.24,50000.0,50274.21,50750.22,0.5484199999999982,40.0,836.1699999999983,1.647618473378043,-6,9,10,1,2034,47,970,2.3107177974434614
2026-01-25 19:04:24.949552,0.3260399333333333,46,23,23,50.0,234.20999999999975,1275.23,1041.02,55.444782608695654,45.26173913043478,5.091521739130429,1.224981268371405,78.76,-86.24,50000.0,50277.96,50750.22,0.5559199999999983,43.75,836.1699999999983,1.647618473378043,-6,9,10,1,2036,47,971,2.3084479371316307
2026-01-25 19:04:24.967401,0.3263374166666667,46,23,23,50.0,234.20999999999975,1275.23,1041.02,55.444782608695654,45.26173913043478,5.091521739130429,1.224981268371405,78.76,-86.24,50000.0,50267.96,50750.22,0.5359199999999983,33.75,836.1699999999983,1.647618473378043,-6,9,10,1,2038,47,972,2.3061825318940135
2026-01-25 19:04:24.984993,0.3266306333333333,46,23,23,50.0,234.20999999999975,1275.23,1041.02,55.444782608695654,45.26173913043478,5.091521739130429,1.224981268371405,78.76,-86.24,50000.0,50267.96,50750.22,0.5359199999999983,33.75,836.1699999999983,1.647618473378043,-6,9,10,1,2040,47,973,2.3039215686274512
2026-01-25 19:04:25.002054,0.3269149666666667,46,23,23,50.0,234.20999999999975,1275.23,1041.02,55.444782608695654,45.26173913043478,5.091521739130429,1.224981268371405,78.76,-86.24,50000.0,50239.21,50750.22,0.47841999999999824,5.0,836.1699999999983,1.647618473378043,-6,9,10,1,2042,47,974,2.3016650342801177
2026-01-25 19:04:25.019538,0.32720636666666664,46,23,23,50.0,234.20999999999975,1275.23,1041.02,55.444782608695654,45.26173913043478,5.091521739130429,1.224981268371405,78.76,-86.24,50000.0,50241.71,50750.22,0.4834199999999983,7.5,836.1699999999983,1.647618473378043,-6,9,10,2,2044,48,974,2.3483365949119372
2026-01-25 19:04:25.039169,0.32753355,46,23,23,50.0,234.20999999999975,1275.23,1041.02,55.444782608695654,45.26173913043478,5.091521739130429,1.224981268371405,78.76,-86.24,50000.0,50269.21,50750.22,0.5384199999999982,35.0,836.1699999999983,1.647618473378043,-6,9,10,2,2046,48,975,2.346041055718475
2026-01-25 19:04:25.059034,0.3278646333333333,46,23,23,50.0,234.20999999999975,1275.23,1041.02,55.444782608695654,45.26173913043478,5.091521739130429,1.224981268371405,78.76,-86.24,50000.0,50241.71,50750.22,0.4834199999999983,7.5,836.1699999999983,1.647618473378043,-6,9,10,2,2048,48,976,2.34375
2026-01-25 19:04:25.097413,0.32850488333333333,46,23,23,50.0,234.20999999999975,1275.23,1041.02,55.444782608695654,45.26173913043478,5.091521739130429,1.224981268371405,78.76,-86.24,50000.0,50261.71,50750.22,0.5234199999999982,27.5,836.1699999999983,1.647618473378043,-6,9,10,2,2050,48,977,2.341463414634146
2026-01-25 19:04:25.122026,0.3289145,46,23,23,50.0,234.20999999999975,1275.23,1041.02,55.444782608695654,45.26173913043478,5.091521739130429,1.224981268371405,78.76,-86.24,50000.0,50269.21,50750.22,0.5384199999999982,35.0,836.1699999999983,1.647618473378043,-6,9,10,2,2052,48,978,2.3391812865497075
2026-01-25 19:04:25.138954,0.3291966333333333,46,23,23,50.0,234.20999999999975,1275.23,1041.02,55.444782608695654,45.26173913043478,5.091521739130429,1.224981268371405,78.76,-86.24,50000.0,50256.71,50750.22,0.5134199999999983,22.5,836.1699999999983,1.647618473378043,-6,9,10,2,2054,48,979,2.3369036027263874
2026-01-25 19:04:25.157233,0.32950128333333334,46,23,23,50.0,234.20999999999975,1275.23,1041.02,55.444782608695654,45.26173913043478,5.091521739130429,1.224981268371405,78.76,-86.24,50000.0,50256.71,50750.22,0.5134199999999983,22.5,836.1699999999983,1.647618473378043,-6,9,10,2,2056,48,980,2.3346303501945527
2026-01-25 19:04:25.173983,0.32978045,46,23,23,50.0,234.20999999999975,1275.23,1041.02,55.444782608695654,45.26173913043478,5.091521739130429,1.224981268371405,78.76,-86.24,50000.0,50311.71,50750.22,0.6234199999999982,77.5,836.1699999999983,1.647618473378043,-6,9,10,2,2058,48,981,2.3323615160349855
2026-01-25 19:04:25.191630,0.3300745666666666,46,23,23,50.0,234.20999999999975,1275.23,1041.02,55.444782608695654,45.26173913043478,5.091521739130429,1.224981268371405,78.76,-86.24,50000.0,50344.21,50750.22,0.6884199999999983,110.0,836.1699999999983,1.647618473378043,-6,9,10,2,2060,48,982,2.3300970873786406
2026-01-25 19:04:25.210285,0.33038548333333334,46,23,23,50.0,234.20999999999975,1275.23,1041.02,55.444782608695654,45.26173913043478,5.091521739130429,1.224981268371405,78.76,-86.24,50000.0,50334.21,50750.22,0.6684199999999982,100.0,836.1699999999983,1.647618473378043,-6,9,10,2,2062,48,983,2.3278370514064015
2026-01-25 19:04:25.228947,0.33069651666666666,46,23,23,50.0,234.20999999999975,1275.23,1041.02,55.444782608695654,45.26173913043478,5.091521739130429,1.224981268371405,78.76,-86.24,50000.0,50329.21,50750.22,0.6584199999999982,95.0,836.1699999999983,1.647618473378043,-6,9,10,2,2064,48,984,2.3255813953488373
2026-01-25 19:04:25.246268,0.3309852166666667,46,23,23,50.0,234.20999999999975,1275.23,1041.02,55.444782608695654,45.26173913043478,5.091521739130429,1.224981268371405,78.76,-86.24,50000.0,50296.71,50750.22,0.5934199999999983,62.5,836.1699999999983,1.647618473378043,-6,9,10,2,2066,48,985,2.3233301064859635
2026-01-25 19:04:25.269323,0.33136946666666667,46,23,23,50.0,234.20999999999975,1275.23,1041.02,55.444782608695654,45.26173913043478,5.091521739130429,1.224981268371405,78.76,-86.24,50000.0,50296.71,50750.22,0.5934199999999983,62.5,836.1699999999983,1.647618473378043,-6,9,10,2,2068,48,986,2.321083172147002
2026-01-25 19:04:25.291035,0.3317313333333333,46,23,23,50.0,234.20999999999975,1275.23,1041.02,55.444782608695654,45.26173913043478,5.091521739130429,1.224981268371405,78.76,-86.24,50000.0,50286.71,50750.22,0.5734199999999983,52.5,836.1699999999983,1.647618473378043,-6,9,10,2,2070,48,987,2.318840579710145
2026-01-25 19:04:25.311611,0.33207424999999996,46,23,23,50.0,234.20999999999975,1275.23,1041.02,55.444782608695654,45.26173913043478,5.091521739130429,1.224981268371405,78.76,-86.24,50000.0,50294.21,50750.22,0.5884199999999983,60.0,836.1699999999983,1.647618473378043,-6,9,10,2,2072,48,988,2.3166023166023164
2026-01-25 19:04:25.330961,0.33239675,46,23,23,50.0,234.20999999999975,1275.23,1041.02,55.444782608695654,45.26173913043478,5.091521739130429,1.224981268371405,78.76,-86.24,50000.0,50314.21,50750.22,0.6284199999999983,80.0,836.1699999999983,1.647618473378043,-6,9,10,2,2074,48,989,2.3143683702989395
2026-01-25 19:04:25.349381,0.33270375,46,23,23,50.0,234.20999999999975,1275.23,1041.02,55.444782608695654,45.26173913043478,5.091521739130429,1.224981268371405,78.76,-86.24,50000.0,50326.71,50750.22,0.6534199999999982,92.5,836.1699999999983,1.647618473378043,-6,9,10,2,2076,48,990,2.312138728323699
2026-01-25 19:04:25.367710,0.3330094666666667,46,23,23,50.0,234.20999999999975,1275.23,1041.02,55.444782608695654,45.26173913043478,5.091521739130429,1.224981268371405,78.76,-86.24,50000.0,50309.21,50750.22,0.6184199999999983,75.0,836.1699999999983,1.647618473378043,-6,9,10,2,2078,48,991,2.3099133782483157
2026-01-25 19:04:25.385490,0.33330556666666666,46,23,23,50.0,234.20999999999975,1275.23,1041.02,55.444782608695654,45.26173913043478,5.091521739130429,1.224981268371405,78.76,-86.24,50000.0,50246.71,50750.22,0.49341999999999825,12.5,836.1699999999983,1.647618473378043,-6,9,10,2,2080,48,992,2.307692307692308
2026-01-25 19:04:25.403575,0.333607,46,23,23,50.0,234.20999999999975,1275.23,1041.02,55.444782608695654,45.26173913043478,5.091521739130429,1.224981268371405,78.76,-86.24,50000.0,50224.21,50750.22,0.44841999999999826,-10.0,836.1699999999983,1.647618473378043,-6,9,10,2,2082,48,993,2.3054755043227666
2026-01-25 19:04:25.420952,0.3338966,46,23,23,50.0,234.20999999999975,1275.23,1041.02,55.444782608695654,45.26173913043478,5.091521739130429,1.224981268371405,78.76,-86.24,50000.0,50224.21,50750.22,0.44841999999999826,-10.0,836.1699999999983,1.647618473378043,-6,9,10,2,2084,48,994,2.3032629558541267
2026-01-25 19:04:25.438646,0.33419151666666663,46,23,23,50.0,234.20999999999975,1275.23,1041.02,55.444782608695654,45.26173913043478,5.091521739130429,1.224981268371405,78.76,-86.24,50000.0,50249.21,50750.22,0.4984199999999983,15.0,836.1699999999983,1.647618473378043,-6,9,10,2,2086,48,995,2.3010546500479387
2026-01-25 19:04:25.456467,0.3344885166666666,46,23,23,50.0,234.20999999999975,1275.23,1041.02,55.444782608695654,45.26173913043478,5.091521739130429,1.224981268371405,78.76,-86.24,50000.0,50234.21,50750.22,0.4684199999999982,0.0,836.1699999999983,1.647618473378043,-6,9,10,2,2088,48,996,2.2988505747126435
2026-01-25 19:04:25.473786,0.3347771666666667,46,23,23,50.0,234.20999999999975,1275.23,1041.02,55.444782608695654,45.26173913043478,5.091521739130429,1.224981268371405,78.76,-86.24,50000.0,50231.71,50750.22,0.4634199999999982,-2.5,836.1699999999983,1.647618473378043,-6,9,10,2,2090,48,997,2.2966507177033493
2026-01-25 19:04:25.491336,0.33506968333333337,46,23,23,50.0,234.20999999999975,1275.23,1041.02,55.444782608695654,45.26173913043478,5.091521739130429,1.224981268371405,78.76,-86.24,50000.0,50229.21,50750.22,0.4584199999999983,-5.0,836.1699999999983,1.647618473378043,-6,9,10,2,2092,48,998,2.294455066921606
2026-01-25 19:04:25.509193,0.3353673,46,23,23,50.0,234.20999999999975,1275.23,1041.02,55.444782608695654,45.26173913043478,5.091521739130429,1.224981268371405,78.76,-86.24,50000.0,50231.71,50750.22,0.4634199999999982,-2.5,836.1699999999983,1.647618473378043,-6,9,10,2,2094,48,999,2.292263610315186
2026-01-25 19:04:25.526824,0.33566113333333336,46,23,23,50.0,234.20999999999975,1275.23,1041.02,55.444782608695654,45.26173913043478,5.091521739130429,1.224981268371405,78.76,-86.24,50000.0,50214.21,50750.22,0.4284199999999983,-20.0,836.1699999999983,1.647618473378043,-6,9,10,2,2096,48,1000,2.2900763358778624
2026-01-25 19:04:25.544536,0.33595635,46,23,23,50.0,234.20999999999975,1275.23,1041.02,55.444782608695654,45.26173913043478,5.091521739130429,1.224981268371405,78.76,-86.24,50000.0,50251.71,50750.22,0.5034199999999983,17.5,836.1699999999983,1.647618473378043,-6,9,10,2,2098,48,1001,2.2878932316491896
2026-01-25 19:04:25.562482,0.33625545,46,23,23,50.0,234.20999999999975,1275.23,1041.02,55.444782608695654,45.26173913043478,5.091521739130429,1.224981268371405,78.76,-86.24,50000.0,50261.71,50750.22,0.5234199999999982,27.5,836.1699999999983,1.647618473378043,-6,9,10,2,2100,48,1002,2.2857142857142856
2026-01-25 19:04:25.580272,0.33655193333333333,46,23,23,50.0,234.20999999999975,1275.23,1041.02,55.444782608695654,45.26173913043478,5.091521739130429,1.224981268371405,78.76,-86.24,50000.0,50271.71,50750.22,0.5434199999999982,37.5,836.1699999999983,1.647618473378043,-6,9,10,2,2102,48,1003,2.283539486203616
2026-01-25 19:04:25.598867,0.33686185,47,23,24,48.93617021276596,195.46999999999974,1275.23,1079.76,55.444782608695654,44.99,4.15893617021276,1.1810309698451509,78.76,-86.24,50000.0,50185.47,50750.22,0.3709400000000023,-48.73999999999796,836.1699999999983,1.647618473378043,-7,9,10,1,2104,48,1004,2.2813688212927756
2026-01-25 19:04:25.616929,0.3371628833333334,47,23,24,48.93617021276596,195.46999999999974,1275.23,1079.76,55.444782608695654,44.99,4.15893617021276,1.1810309698451509,78.76,-86.24,50000.0,50205.47,50750.22,0.41094000000000236,-28.739999999997963,836.1699999999983,1.647618473378043,-7,9,10,1,2106,48,1005,2.2792022792022792
2026-01-25 19:04:25.634468,0.3374552166666666,47,23,24,48.93617021276596,195.46999999999974,1275.23,1079.76,55.444782608695654,44.99,4.15893617021276,1.1810309698451509,78.76,-86.24,50000.0,50216.72,50750.22,0.43344000000000227,-17.489999999997963,836.1699999999983,1.647618473378043,-7,9,10,1,2108,48,1006,2.2770398481973433
2026-01-25 19:04:25.652355,0.33775333333333335,47,23,24,48.93617021276596,195.46999999999974,1275.23,1079.76,55.444782608695654,44.99,4.15893617021276,1.1810309698451509,78.76,-86.24,50000.0,50215.47,50750.22,0.4309400000000023,-18.739999999997963,836.1699999999983,1.647618473378043,-7,9,10,1,2110,48,1007,2.2748815165876777
2026-01-25 19:04:25.670046,0.33804816666666665,47,23,24,48.93617021276596,195.46999999999974,1275.23,1079.76,55.444782608695654,44.99,4.15893617021276,1.1810309698451509,78.76,-86.24,50000.0,50212.97,50750.22,0.4259400000000023,-21.239999999997963,836.1699999999983,1.647618473378043,-7,9,10,1,2112,48,1008,2.272727272727273
2026-01-25 19:04:25.687732,0.3383429333333333,47,23,24,48.93617021276596,195.46999999999974,1275.23,1079.76,55.444782608695654,44.99,4.15893617021276,1.1810309698451509,78.76,-86.24,50000.0,50210.47,50750.22,0.42094000000000237,-23.739999999997963,836.1699999999983,1.647618473378043,-7,9,10,1,2114,48,1009,2.270577105014191
2026-01-25 19:04:25.705468,0.3386385333333333,47,23,24,48.93617021276596,195.46999999999974,1275.23,1079.76,55.444782608695654,44.99,4.15893617021276,1.1810309698451509,78.76,-86.24,50000.0,50210.47,50750.22,0.42094000000000237,-23.739999999997963,836.1699999999983,1.647618473378043,-7,9,10,1,2116,48,1010,2.2684310018903595
2026-01-25 19:04:25.723208,0.33893419999999996,47,23,24,48.93617021276596,195.46999999999974,1275.23,1079.76,55.444782608695654,44.99,4.15893617021276,1.1810309698451509,78.76,-86.24,50000.0,50209.22,50750.22,0.4184400000000023,-24.989999999997963,836.1699999999983,1.647618473378043,-7,9,10,1,2118,48,1011,2.26628895184136
2026-01-25 19:04:25.740408,0.3392208666666667,47,23,24,48.93617021276596,195.46999999999974,1275.23,1079.76,55.444782608695654,44.99,4.15893617021276,1.1810309698451509,78.76,-86.24,50000.0,50216.72,50750.22,0.43344000000000227,-17.489999999997963,836.1699999999983,1.647618473378043,-7,9,10,1,2120,48,1012,2.2641509433962264
2026-01-25 19:04:25.758095,0.33951566666666666,47,23,24,48.93617021276596,195.46999999999974,1275.23,1079.76,55.444782608695654,44.99,4.15893617021276,1.1810309698451509,78.76,-86.24,50000.0,50219.22,50750.22,0.43844000000000233,-14.989999999997963,836.1699999999983,1.647618473378043,-7,9,10,1,2122,48,1013,2.2620169651272386
2026-01-25 19:04:25.775392,0.33980395,47,23,24,48.93617021276596,195.46999999999974,1275.23,1079.76,55.444782608695654,44.99,4.15893617021276,1.1810309698451509,78.76,-86.24,50000.0,50210.47,50750.22,0.42094000000000237,-23.739999999997963,836.1699999999983,1.647618473378043,-7,9,10,1,2124,48,1014,2.2598870056497176
2026-01-25 19:04:25.792939,0.3400963833333333,47,23,24,48.93617021276596,195.46999999999974,1275.23,1079.76,55.444782608695654,44.99,4.15893617021276,1.1810309698451509,78.76,-86.24,50000.0,50194.22,50750.22,0.3884400000000023,-39.98999999999796,836.1699999999983,1.647618473378043,-7,9,10,1,2126,48,1015,2.257761053621825
2026-01-25 19:04:25.810583,0.34039045,47,23,24,48.93617021276596,195.46999999999974,1275.23,1079.76,55.444782608695654,44.99,4.15893617021276,1.1810309698451509,78.76,-86.24,50000.0,50227.97,50750.22,0.45594000000000234,-6.239999999997963,836.1699999999983,1.647618473378043,-7,9,10,1,2128,48,1016,2.2556390977443606
2026-01-25 19:04:25.828555,0.34068998333333333,47,23,24,48.93617021276596,195.46999999999974,1275.23,1079.76,55.444782608695654,44.99,4.15893617021276,1.1810309698451509,78.76,-86.24,50000.0,50230.47,50750.22,0.4609400000000023,-3.7399999999979627,836.1699999999983,1.647618473378043,-7,9,10,1,2130,48,1017,2.2535211267605635
2026-01-25 19:04:25.846221,0.34098443333333334,47,23,24,48.93617021276596,195.46999999999974,1275.23,1079.76,55.444782608695654,44.99,4.15893617021276,1.1810309698451509,78.76,-86.24,50000.0,50199.22,50750.22,0.39844000000000235,-34.98999999999796,836.1699999999983,1.647618473378043,-7,9,10,1,2132,48,1018,2.25140712945591
2026-01-25 19:04:25.863807,0.34127751666666667,47,23,24,48.93617021276596,195.46999999999974,1275.23,1079.76,55.444782608695654,44.99,4.15893617021276,1.1810309698451509,78.76,-86.24,50000.0,50199.22,50750.22,0.39844000000000235,-34.98999999999796,836.1699999999983,1.647618473378043,-7,9,10,1,2134,48,1019,2.2492970946579196
2026-01-25 19:04:25.881037,0.3415646833333333,47,23,24,48.93617021276596,195.46999999999974,1275.23,1079.76,55.444782608695654,44.99,4.15893617021276,1.1810309698451509,78.76,-86.24,50000.0,50159.22,50750.22,0.31844000000000233,-74.98999999999796,836.1699999999983,1.647618473378043,-7,9,10,2,2136,49,1019,2.2940074906367043
2026-01-25 19:04:25.898352,0.3418532666666667,47,23,24,48.93617021276596,195.46999999999974,1275.23,1079.76,55.444782608695654,44.99,4.15893617021276,1.1810309698451509,78.76,-86.24,50000.0,50191.72,50750.22,0.38344000000000233,-42.48999999999796,836.1699999999983,1.647618473378043,-7,9,10,3,2138,50,1019,2.3386342376052385
2026-01-25 19:04:25.915863,0.3421451166666667,47,23,24,48.93617021276596,195.46999999999974,1275.23,1079.76,55.444782608695654,44.99,4.15893617021276,1.1810309698451509,78.76,-86.24,50000.0,50169.22,50750.22,0.3384400000000023,-64.98999999999796,836.1699999999983,1.647618473378043,-7,9,10,4,2140,51,1019,2.383177570093458
2026-01-25 19:04:25.932686,0.3424255,48,23,25,47.91666666666667,147.97999999999973,1275.23,1127.25,55.444782608695654,45.09,3.082916666666661,1.1312752273231315,78.76,-86.24,50000.0,50089.23,50750.22,0.17846000000000642,-144.97999999999593,836.1699999999983,1.647618473378043,-8,9,10,3,2142,51,1020,2.380952380952381
2026-01-25 19:04:25.950504,0.34272246666666667,48,23,25,47.91666666666667,147.97999999999973,1275.23,1127.25,55.444782608695654,45.09,3.082916666666661,1.1312752273231315,78.76,-86.24,50000.0,50085.48,50750.22,0.1709600000000064,-148.72999999999593,836.1699999999983,1.647618473378043,-8,9,10,3,2144,51,1021,2.378731343283582
2026-01-25 19:04:25.968221,0.34301774999999995,48,23,25,47.91666666666667,147.97999999999973,1275.23,1127.25,55.444782608695654,45.09,3.082916666666661,1.1312752273231315,78.76,-86.24,50000.0,50130.48,50750.22,0.2609600000000064,-103.72999999999593,836.1699999999983,1.647618473378043,-8,9,10,3,2146,51,1022,2.3765144454799625
2026-01-25 19:04:25.985340,0.34330306666666666,48,23,25,47.91666666666667,147.97999999999973,1275.23,1127.25,55.444782608695654,45.09,3.082916666666661,1.1312752273231315,78.76,-86.24,50000.0,50160.48,50750.22,0.3209600000000064,-73.72999999999593,836.1699999999983,1.647618473378043,-8,9,10,3,2148,51,1023,2.3743016759776534
2026-01-25 19:04:26.002676,0.343592,48,23,25,47.91666666666667,147.97999999999973,1275.23,1127.25,55.444782608695654,45.09,3.082916666666661,1.1312752273231315,78.76,-86.24,50000.0,50134.23,50750.22,0.26846000000000636,-99.97999999999593,836.1699999999983,1.647618473378043,-8,9,10,3,2150,51,1024,2.372093023255814
2026-01-25 19:04:26.020022,0.3438811166666667,48,23,25,47.91666666666667,147.97999999999973,1275.23,1127.25,55.444782608695654,45.09,3.082916666666661,1.1312752273231315,78.76,-86.24,50000.0,50100.48,50750.22,0.2009600000000064,-133.72999999999593,836.1699999999983,1.647618473378043,-8,9,10,3,2152,51,1025,2.369888475836431
2026-01-25 19:04:26.037286,0.34416883333333337,48,23,25,47.91666666666667,147.97999999999973,1275.23,1127.25,55.444782608695654,45.09,3.082916666666661,1.1312752273231315,78.76,-86.24,50000.0,50066.73,50750.22,0.1334600000000064,-167.47999999999593,836.1699999999983,1.647618473378043,-8,9,10,3,2154,51,1026,2.3676880222841223
2026-01-25 19:04:26.054553,0.34445661666666666,49,23,26,46.93877551020408,101.73999999999972,1275.23,1173.49,55.444782608695654,45.13423076923077,2.0763265306122394,1.0866986510323906,78.76,-86.24,50000.0,50042.99,50750.22,0.08597999999999592,-191.22000000000116,836.1699999999983,1.647618473378043,-9,9,10,2,2156,51,1027,2.3654916512059367
2026-01-25 19:04:26.071837,0.34474468333333336,49,23,26,46.93877551020408,101.73999999999972,1275.23,1173.49,55.444782608695654,45.13423076923077,2.0763265306122394,1.0866986510323906,78.76,-86.24,50000.0,50035.49,50750.22,0.07097999999999592,-198.72000000000116,836.1699999999983,1.647618473378043,-9,9,10,3,2158,52,1027,2.4096385542168677
2026-01-25 19:04:26.088701,0.34502574999999996,50,23,27,46.0,55.49999999999972,1275.23,1219.73,55.444782608695654,45.175185185185185,1.1099999999999945,1.045501873365417,78.76,-86.24,50000.0,50071.75,50750.22,0.14350000000000002,-162.45999999999913,836.1699999999983,1.647618473378043,-10,9,10,2,2160,52,1028,2.4074074074074074
2026-01-25 19:04:26.105887,0.3453121833333333,50,23,27,46.0,55.49999999999972,1275.23,1219.73,55.444782608695654,45.175185185185185,1.1099999999999945,1.045501873365417,78.76,-86.24,50000.0,50094.25,50750.22,0.1885,-139.95999999999913,836.1699999999983,1.647618473378043,-10,9,10,2,2162,52,1029,2.4051803885291396
2026-01-25 19:04:26.123246,0.3456015,52,25,27,48.07692307692308,185.51999999999975,1405.25,1219.73,56.21,45.175185185185185,3.567692307692303,1.1520992350766153,78.76,-86.24,50000.0,50185.52,50750.22,0.3710399999999936,-48.69000000000233,836.1699999999983,1.647618473378043,2,9,10,0,2164,52,1030,2.4029574861367835
2026-01-25 19:04:26.167024,0.3463311333333333,52,25,27,48.07692307692308,185.51999999999975,1405.25,1219.73,56.21,45.175185185185185,3.567692307692303,1.1520992350766153,78.76,-86.24,50000.0,50185.52,50750.22,0.3710399999999936,-48.69000000000233,836.1699999999983,1.647618473378043,2,9,10,0,2166,52,1031,2.4007386888273317
2026-01-25 19:04:26.184301,0.34661908333333336,52,25,27,48.07692307692308,185.51999999999975,1405.25,1219.73,56.21,45.175185185185185,3.567692307692303,1.1520992350766153,78.76,-86.24,50000.0,50185.52,50750.22,0.3710399999999936,-48.69000000000233,836.1699999999983,1.647618473378043,2,9,10,0,2168,52,1032,2.3985239852398523
2026-01-25 19:04:26.201556,0.34690666666666664,52,25,27,48.07692307692308,185.51999999999975,1405.25,1219.73,56.21,45.175185185185185,3.567692307692303,1.1520992350766153,78.76,-86.24,50000.0,50185.52,50750.22,0.3710399999999936,-48.69000000000233,836.1699999999983,1.647618473378043,2,9,10,0,2170,52,1033,2.3963133640553
2026-01-25 19:04:26.219193,0.3472006166666667,52,25,27,48.07692307692308,185.51999999999975,1405.25,1219.73,56.21,45.175185185185185,3.567692307692303,1.1520992350766153,78.76,-86.24,50000.0,50185.52,50750.22,0.3710399999999936,-48.69000000000233,836.1699999999983,1.647618473378043,2,9,10,0,2172,52,1034,2.394106813996317
2026-01-25 19:04:26.237512,0.34750595,52,25,27,48.07692307692308,185.51999999999975,1405.25,1219.73,56.21,45.175185185185185,3.567692307692303,1.1520992350766153,78.76,-86.24,50000.0,50185.52,50750.22,0.3710399999999936,0.0,836.1699999999983,1.647618473378043,2,9,10,0,2174,52,1035,2.391904323827047
2026-01-25 19:04:26.257222,0.34783444999999996,52,25,27,48.07692307692308,185.51999999999975,1405.25,1219.73,56.21,45.175185185185185,3.567692307692303,1.1520992350766153,78.76,-86.24,50000.0,50185.52,50750.22,0.3710399999999936,0.0,836.1699999999983,1.647618473378043,2,9,10,0,2176,52,1036,2.389705882352941
2026-01-25 19:04:26.274576,0.34812366666666666,52,25,27,48.07692307692308,185.51999999999975,1405.25,1219.73,56.21,45.175185185185185,3.567692307692303,1.1520992350766153,78.76,-86.24,50000.0,50185.52,50750.22,0.3710399999999936,0.0,836.1699999999983,1.647618473378043,2,9,10,0,2178,52,1037,2.3875114784205693
2026-01-25 19:04:26.291722,0.34840945,52,25,27,48.07692307692308,185.51999999999975,1405.25,1219.73,56.21,45.175185185185185,3.567692307692303,1.1520992350766153,78.76,-86.24,50000.0,50185.52,50750.22,0.3710399999999936,0.0,836.1699999999983,1.647618473378043,2,9,10,0,2180,52,1038,2.385321100917431
2026-01-25 19:04:26.309649,0.34870823333333334,52,25,27,48.07692307692308,185.51999999999975,1405.25,1219.73,56.21,45.175185185185185,3.567692307692303,1.1520992350766153,78.76,-86.24,50000.0,50185.52,50750.22,0.3710399999999936,0.0,836.1699999999983,1.647618473378043,2,9,10,0,2182,52,1039,2.383134738771769
2026-01-25 19:04:26.327196,0.3490006666666667,52,25,27,48.07692307692308,185.51999999999975,1405.25,1219.73,56.21,45.175185185185185,3.567692307692303,1.1520992350766153,78.76,-86.24,50000.0,50185.52,50750.22,0.3710399999999936,0.0,836.1699999999983,1.647618473378043,2,9,10,0,2184,52,1040,2.380952380952381
2026-01-25 19:04:26.344859,0.34929506666666665,52,25,27,48.07692307692308,185.51999999999975,1405.25,1219.73,56.21,45.175185185185185,3.567692307692303,1.1520992350766153,78.76,-86.24,50000.0,50185.52,50750.22,0.3710399999999936,0.0,836.1699999999983,1.647618473378043,2,9,10,0,2186,52,1041,2.3787740164684354
2026-01-25 19:04:26.361699,0.3495757166666667,52,25,27,48.07692307692308,185.51999999999975,1405.25,1219.73,56.21,45.175185185185185,3.567692307692303,1.1520992350766153,78.76,-86.24,50000.0,50185.52,50750.22,0.3710399999999936,0.0,836.1699999999983,1.647618473378043,2,9,10,0,2188,52,1042,2.376599634369287
2026-01-25 19:04:26.379058,0.34986505,52,25,27,48.07692307692308,185.51999999999975,1405.25,1219.73,56.21,45.175185185185185,3.567692307692303,1.1520992350766153,78.76,-86.24,50000.0,50185.52,50750.22,0.3710399999999936,0.0,836.1699999999983,1.647618473378043,2,9,10,0,2190,52,1043,2.374429223744292
2026-01-25 19:04:26.396283,0.3501521166666667,52,25,27,48.07692307692308,185.51999999999975,1405.25,1219.73,56.21,45.175185185185185,3.567692307692303,1.1520992350766153,78.76,-86.24,50000.0,50185.52,50750.22,0.3710399999999936,0.0,836.1699999999983,1.647618473378043,2,9,10,0,2192,52,1044,2.3722627737226274
2026-01-25 19:04:26.413626,0.35044118333333335,52,25,27,48.07692307692308,185.51999999999975,1405.25,1219.73,56.21,45.175185185185185,3.567692307692303,1.1520992350766153,78.76,-86.24,50000.0,50185.52,50750.22,0.3710399999999936,0.0,836.1699999999983,1.647618473378043,2,9,10,0,2194,52,1045,2.3701002734731085
2026-01-25 19:04:26.430746,0.3507265,52,25,27,48.07692307692308,185.51999999999975,1405.25,1219.73,56.21,45.175185185185185,3.567692307692303,1.1520992350766153,78.76,-86.24,50000.0,50185.52,50750.22,0.3710399999999936,0.0,836.1699999999983,1.647618473378043,2,9,10,0,2196,52,1046,2.3679417122040074
2026-01-25 19:04:26.447559,0.3510067333333333,52,25,27,48.07692307692308,185.51999999999975,1405.25,1219.73,56.21,45.175185185185185,3.567692307692303,1.1520992350766153,78.76,-86.24,50000.0,50185.52,50750.22,0.3710399999999936,0.0,836.1699999999983,1.647618473378043,2,9,10,0,2198,52,1047,2.3657870791628755
2026-01-25 19:04:26.464692,0.35129226666666663,52,25,27,48.07692307692308,185.51999999999975,1405.25,1219.73,56.21,45.175185185185185,3.567692307692303,1.1520992350766153,78.76,-86.24,50000.0,50185.52,50750.22,0.3710399999999936,0.0,836.1699999999983,1.647618473378043,2,9,10,0,2200,52,1048,2.3636363636363638
2026-01-25 19:04:26.482208,0.35158421666666667,52,25,27,48.07692307692308,185.51999999999975,1405.25,1219.73,56.21,45.175185185185185,3.567692307692303,1.1520992350766153,78.76,-86.24,50000.0,50185.52,50750.22,0.3710399999999936,0.0,836.1699999999983,1.647618473378043,2,9,10,0,2202,52,1049,2.361489554950045
2026-01-25 19:04:26.499204,0.3518674666666667,52,25,27,48.07692307692308,185.51999999999975,1405.25,1219.73,56.21,45.175185185185185,3.567692307692303,1.1520992350766153,78.76,-86.24,50000.0,50185.52,50750.22,0.3710399999999936,0.0,836.1699999999983,1.647618473378043,2,9,10,0,2204,52,1050,2.35934664246824
2026-01-25 19:04:26.516745,0.3521598166666667,52,25,27,48.07692307692308,185.51999999999975,1405.25,1219.73,56.21,45.175185185185185,3.567692307692303,1.1520992350766153,78.76,-86.24,50000.0,50185.52,50750.22,0.3710399999999936,0.0,836.1699999999983,1.647618473378043,2,9,10,0,2206,52,1051,2.357207615593835
2026-01-25 19:04:26.533525,0.3524395166666666,52,25,27,48.07692307692308,185.51999999999975,1405.25,1219.73,56.21,45.175185185185185,3.567692307692303,1.1520992350766153,78.76,-86.24,50000.0,50185.52,50750.22,0.3710399999999936,0.0,836.1699999999983,1.647618473378043,2,9,10,0,2208,52,1052,2.355072463768116
2026-01-25 19:04:26.550714,0.3527259666666666,52,25,27,48.07692307692308,185.51999999999975,1405.25,1219.73,56.21,45.175185185185185,3.567692307692303,1.1520992350766153,78.76,-86.24,50000.0,50185.52,50750.22,0.3710399999999936,0.0,836.1699999999983,1.647618473378043,2,9,10,0,2210,52,1053,2.3529411764705883
2026-01-25 19:04:26.568044,0.3530148,52,25,27,48.07692307692308,185.51999999999975,1405.25,1219.73,56.21,45.175185185185185,3.567692307692303,1.1520992350766153,78.76,-86.24,50000.0,50185.52,50750.22,0.3710399999999936,0.0,836.1699999999983,1.647618473378043,2,9,10,0,2212,52,1054,2.3508137432188065
2026-01-25 19:04:26.585089,0.3532988833333333,52,25,27,48.07692307692308,185.51999999999975,1405.25,1219.73,56.21,45.175185185185185,3.567692307692303,1.1520992350766153,78.76,-86.24,50000.0,50185.52,50750.22,0.3710399999999936,0.0,836.1699999999983,1.647618473378043,2,9,10,0,2214,52,1055,2.3486901535682025
2026-01-25 19:04:26.602745,0.35359315,52,25,27,48.07692307692308,185.51999999999975,1405.25,1219.73,56.21,45.175185185185185,3.567692307692303,1.1520992350766153,78.76,-86.24,50000.0,50185.52,50750.22,0.3710399999999936,0.0,836.1699999999983,1.647618473378043,2,9,10,0,2216,52,1056,2.3465703971119134
2026-01-25 19:04:26.620228,0.3538845333333333,52,25,27,48.07692307692308,185.51999999999975,1405.25,1219.73,56.21,45.175185185185185,3.567692307692303,1.1520992350766153,78.76,-86.24,50000.0,50185.52,50750.22,0.3710399999999936,0.0,836.1699999999983,1.647618473378043,2,9,10,0,2218,52,1057,2.3444544634806133
2026-01-25 19:04:26.637410,0.3541709,52,25,27,48.07692307692308,185.51999999999975,1405.25,1219.73,56.21,45.175185185185185,3.567692307692303,1.1520992350766153,78.76,-86.24,50000.0,50185.52,50750.22,0.3710399999999936,0.0,836.1699999999983,1.647618473378043,2,9,10,0,2220,52,1058,2.3423423423423424
2026-01-25 19:04:26.654589,0.3544572166666667,52,25,27,48.07692307692308,185.51999999999975,1405.25,1219.73,56.21,45.175185185185185,3.567692307692303,1.1520992350766153,78.76,-86.24,50000.0,50185.52,50750.22,0.3710399999999936,0.0,836.1699999999983,1.647618473378043,2,9,10,0,2222,52,1059,2.34023402340234
2026-01-25 19:04:26.672836,0.3547613333333333,52,25,27,48.07692307692308,185.51999999999975,1405.25,1219.73,56.21,45.175185185185185,3.567692307692303,1.1520992350766153,78.76,-86.24,50000.0,50185.52,50750.22,0.3710399999999936,0.0,836.1699999999983,1.647618473378043,2,9,10,0,2224,52,1060,2.338129496402878
2026-01-25 19:04:26.690638,0.3550580333333333,52,25,27,48.07692307692308,185.51999999999975,1405.25,1219.73,56.21,45.175185185185185,3.567692307692303,1.1520992350766153,78.76,-86.24,50000.0,50185.52,50750.22,0.3710399999999936,0.0,836.1699999999983,1.647618473378043,2,9,10,0,2226,52,1061,2.336028751123091
2026-01-25 19:04:26.708325,0.3553528333333333,52,25,27,48.07692307692308,185.51999999999975,1405.25,1219.73,56.21,45.175185185185185,3.567692307692303,1.1520992350766153,78.76,-86.24,50000.0,50185.52,50750.22,0.3710399999999936,0.0,836.1699999999983,1.647618473378043,2,9,10,0,2228,52,1062,2.333931777378815
2026-01-25 19:04:26.724998,0.3556307166666667,52,25,27,48.07692307692308,185.51999999999975,1405.25,1219.73,56.21,45.175185185185185,3.567692307692303,1.1520992350766153,78.76,-86.24,50000.0,50185.52,50750.22,0.3710399999999936,0.0,836.1699999999983,1.647618473378043,2,9,10,0,2230,52,1063,2.3318385650224216
2026-01-25 19:04:26.742439,0.35592138333333334,52,25,27,48.07692307692308,185.51999999999975,1405.25,1219.73,56.21,45.175185185185185,3.567692307692303,1.1520992350766153,78.76,-86.24,50000.0,50185.52,50750.22,0.3710399999999936,0.0,836.1699999999983,1.647618473378043,2,9,10,0,2232,52,1064,2.3297491039426523
2026-01-25 19:04:26.759729,0.35620955,52,25,27,48.07692307692308,185.51999999999975,1405.25,1219.73,56.21,45.175185185185185,3.567692307692303,1.1520992350766153,78.76,-86.24,50000.0,50185.52,50750.22,0.3710399999999936,0.0,836.1699999999983,1.647618473378043,2,9,10,0,2234,52,1065,2.3276633840644583
2026-01-25 19:04:26.777544,0.3565064666666667,52,25,27,48.07692307692308,185.51999999999975,1405.25,1219.73,56.21,45.175185185185185,3.567692307692303,1.1520992350766153,78.76,-86.24,50000.0,50185.52,50750.22,0.3710399999999936,0.0,836.1699999999983,1.647618473378043,2,9,10,0,2236,52,1066,2.3255813953488373
2026-01-25 19:04:26.796308,0.3568192,52,25,27,48.07692307692308,185.51999999999975,1405.25,1219.73,56.21,45.175185185185185,3.567692307692303,1.1520992350766153,78.76,-86.24,50000.0,50185.52,50750.22,0.3710399999999936,0.0,836.1699999999983,1.647618473378043,2,9,10,0,2238,52,1067,2.323503127792672
2026-01-25 19:04:26.821002,0.35723076666666664,52,25,27,48.07692307692308,185.51999999999975,1405.25,1219.73,56.21,45.175185185185185,3.567692307692303,1.1520992350766153,78.76,-86.24,50000.0,50185.52,50750.22,0.3710399999999936,0.0,836.1699999999983,1.647618473378043,2,9,10,0,2240,52,1068,2.3214285714285716
2026-01-25 19:04:26.898219,0.35851771666666665,52,25,27,48.07692307692308,185.51999999999975,1405.25,1219.73,56.21,45.175185185185185,3.567692307692303,1.1520992350766153,78.76,-86.24,50000.0,50185.52,50750.22,0.3710399999999936,0.0,836.1699999999983,1.647618473378043,2,9,10,0,2242,52,1069,2.31935771632471
2026-01-25 19:04:26.997890,0.3601789166666666,52,25,27,48.07692307692308,185.51999999999975,1405.25,1219.73,56.21,45.175185185185185,3.567692307692303,1.1520992350766153,78.76,-86.24,50000.0,50185.52,50750.22,0.3710399999999936,0.0,836.1699999999983,1.647618473378043,2,9,10,0,2244,52,1070,2.3172905525846703
2026-01-25 19:04:27.037793,0.3608439666666667,52,25,27,48.07692307692308,185.51999999999975,1405.25,1219.73,56.21,45.175185185185185,3.567692307692303,1.1520992350766153,78.76,-86.24,50000.0,50185.52,50750.22,0.3710399999999936,0.0,836.1699999999983,1.647618473378043,2,9,10,0,2246,52,1071,2.315227070347284
2026-01-25 19:04:27.057822,0.3611777666666667,52,25,27,48.07692307692308,185.51999999999975,1405.25,1219.73,56.21,45.175185185185185,3.567692307692303,1.1520992350766153,78.76,-86.24,50000.0,50185.52,50750.22,0.3710399999999936,0.0,836.1699999999983,1.647618473378043,2,9,10,0,2248,52,1072,2.3131672597864767
2026-01-25 19:04:27.085687,0.3616421833333333,52,25,27,48.07692307692308,185.51999999999975,1405.25,1219.73,56.21,45.175185185185185,3.567692307692303,1.1520992350766153,78.76,-86.24,50000.0,50185.52,50750.22,0.3710399999999936,0.0,836.1699999999983,1.647618473378043,2,9,10,0,2250,52,1073,2.311111111111111
2026-01-25 19:04:27.119164,0.36220098333333334,52,25,27,48.07692307692308,185.51999999999975,1405.25,1219.73,56.21,45.175185185185185,3.567692307692303,1.1520992350766153,78.76,-86.24,50000.0,50185.52,50750.22,0.3710399999999936,0.0,836.1699999999983,1.647618473378043,2,9,10,0,2252,52,1074,2.3090586145648313
2026-01-25 19:04:27.173442,0.3631047666666667,52,25,27,48.07692307692308,185.51999999999975,1405.25,1219.73,56.21,45.175185185185185,3.567692307692303,1.1520992350766153,78.76,-86.24,50000.0,50185.52,50750.22,0.3710399999999936,0.0,836.1699999999983,1.647618473378043,2,9,10,0,2254,52,1075,2.3070097604259097
2026-01-25 19:04:27.223953,0.36394676666666664,52,25,27,48.07692307692308,185.51999999999975,1405.25,1219.73,56.21,45.175185185185185,3.567692307692303,1.1520992350766153,78.76,-86.24,50000.0,50185.52,50750.22,0.3710399999999936,0.0,836.1699999999983,1.647618473378043,2,9,10,0,2256,52,1076,2.304964539007092
2026-01-25 19:04:27.244796,0.364294,52,25,27,48.07692307692308,185.51999999999975,1405.25,1219.73,56.21,45.175185185185185,3.567692307692303,1.1520992350766153,78.76,-86.24,50000.0,50185.52,50750.22,0.3710399999999936,0.0,836.1699999999983,1.647618473378043,2,9,10,0,2258,52,1077,2.3029229406554474
2026-01-25 19:04:27.267681,0.36467543333333335,52,25,27,48.07692307692308,185.51999999999975,1405.25,1219.73,56.21,45.175185185185185,3.567692307692303,1.1520992350766153,78.76,-86.24,50000.0,50185.52,50750.22,0.3710399999999936,0.0,836.1699999999983,1.647618473378043,2,9,10,0,2260,52,1078,2.3008849557522124
2026-01-25 19:04:27.294501,0.36512243333333333,52,25,27,48.07692307692308,185.51999999999975,1405.25,1219.73,56.21,45.175185185185185,3.567692307692303,1.1520992350766153,78.76,-86.24,50000.0,50185.52,50750.22,0.3710399999999936,0.0,836.1699999999983,1.647618473378043,2,9,10,0,2262,52,1079,2.2988505747126435
2026-01-25 19:04:27.318980,0.36553044999999995,52,25,27,48.07692307692308,185.51999999999975,1405.25,1219.73,56.21,45.175185185185185,3.567692307692303,1.1520992350766153,78.76,-86.24,50000.0,50185.52,50750.22,0.3710399999999936,0.0,836.1699999999983,1.647618473378043,2,9,10,0,2264,52,1080,2.2968197879858656
2026-01-25 19:04:27.339062,0.3658651,52,25,27,48.07692307692308,185.51999999999975,1405.25,1219.73,56.21,45.175185185185185,3.567692307692303,1.1520992350766153,78.76,-86.24,50000.0,50185.52,50750.22,0.3710399999999936,0.0,836.1699999999983,1.647618473378043,2,9,10,0,2266,52,1081,2.2947925860547222
2026-01-25 19:04:27.357193,0.36616728333333337,52,25,27,48.07692307692308,185.51999999999975,1405.25,1219.73,56.21,45.175185185185185,3.567692307692303,1.1520992350766153,78.76,-86.24,50000.0,50185.52,50750.22,0.3710399999999936,0.0,836.1699999999983,1.647618473378043,2,9,10,0,2268,52,1082,2.2927689594356258
2026-01-25 19:04:27.376968,0.36649688333333336,52,25,27,48.07692307692308,185.51999999999975,1405.25,1219.73,56.21,45.175185185185185,3.567692307692303,1.1520992350766153,78.76,-86.24,50000.0,50185.52,50750.22,0.3710399999999936,0.0,836.1699999999983,1.647618473378043,2,9,10,0,2270,52,1083,2.290748898678414
2026-01-25 19:04:27.396695,0.36682565,52,25,27,48.07692307692308,185.51999999999975,1405.25,1219.73,56.21,45.175185185185185,3.567692307692303,1.1520992350766153,78.76,-86.24,50000.0,50185.52,50750.22,0.3710399999999936,0.0,836.1699999999983,1.647618473378043,2,9,10,0,2272,52,1084,2.2887323943661975
2026-01-25 19:04:27.415608,0.3671408666666667,52,25,27,48.07692307692308,185.51999999999975,1405.25,1219.73,56.21,45.175185185185185,3.567692307692303,1.1520992350766153,78.76,-86.24,50000.0,50185.52,50750.22,0.3710399999999936,0.0,836.1699999999983,1.647618473378043,2,9,10,0,2274,52,1085,2.2867194371152153
2026-01-25 19:04:27.435089,0.3674655666666667,52,25,27,48.07692307692308,185.51999999999975,1405.25,1219.73,56.21,45.175185185185185,3.567692307692303,1.1520992350766153,78.76,-86.24,50000.0,50185.52,50750.22,0.3710399999999936,0.0,836.1699999999983,1.647618473378043,2,9,10,0,2276,52,1086,2.2847100175746924
2026-01-25 19:04:27.453249,0.36776821666666665,52,25,27,48.07692307692308,185.51999999999975,1405.25,1219.73,56.21,45.175185185185185,3.567692307692303,1.1520992350766153,78.76,-86.24,50000.0,50185.52,50750.22,0.3710399999999936,0.0,836.1699999999983,1.647618473378043,2,9,10,0,2278,52,1087,2.28270412642669
2026-01-25 19:04:27.472655,0.36809165,52,25,27,48.07692307692308,185.51999999999975,1405.25,1219.73,56.21,45.175185185185185,3.567692307692303,1.1520992350766153,78.76,-86.24,50000.0,50185.52,50750.22,0.3710399999999936,0.0,836.1699999999983,1.647618473378043,2,9,10,0,2280,52,1088,2.280701754385965
2026-01-25 19:04:27.491478,0.36840538333333334,52,25,27,48.07692307692308,185.51999999999975,1405.25,1219.73,56.21,45.175185185185185,3.567692307692303,1.1520992350766153,78.76,-86.24,50000.0,50185.52,50750.22,0.3710399999999936,0.0,836.1699999999983,1.647618473378043,2,9,10,0,2282,52,1089,2.2787028921998247
2026-01-25 19:04:27.510599,0.36872405,52,25,27,48.07692307692308,185.51999999999975,1405.25,1219.73,56.21,45.175185185185185,3.567692307692303,1.1520992350766153,78.76,-86.24,50000.0,50185.52,50750.22,0.3710399999999936,0.0,836.1699999999983,1.647618473378043,2,9,10,0,2284,52,1090,2.276707530647986
2026-01-25 19:04:27.530185,0.3690504833333333,52,25,27,48.07692307692308,185.51999999999975,1405.25,1219.73,56.21,45.175185185185185,3.567692307692303,1.1520992350766153,78.76,-86.24,50000.0,50185.52,50750.22,0.3710399999999936,0.0,836.1699999999983,1.647618473378043,2,9,10,0,2286,52,1091,2.2747156605424323
2026-01-25 19:04:27.548752,0.36935993333333333,52,25,27,48.07692307692308,185.51999999999975,1405.25,1219.73,56.21,45.175185185185185,3.567692307692303,1.1520992350766153,78.76,-86.24,50000.0,50185.52,50750.22,0.3710399999999936,0.0,836.1699999999983,1.647618473378043,2,9,10,0,2288,52,1092,2.272727272727273
2026-01-25 19:04:27.567674,0.3696753,52,25,27,48.07692307692308,185.51999999999975,1405.25,1219.73,56.21,45.175185185185185,3.567692307692303,1.1520992350766153,78.76,-86.24,50000.0,50185.52,50750.22,0.3710399999999936,0.0,836.1699999999983,1.647618473378043,2,9,10,0,2290,52,1093,2.2707423580786026
2026-01-25 19:04:27.586910,0.3699959,52,25,27,48.07692307692308,185.51999999999975,1405.25,1219.73,56.21,45.175185185185185,3.567692307692303,1.1520992350766153,78.76,-86.24,50000.0,50185.52,50750.22,0.3710399999999936,0.0,836.1699999999983,1.647618473378043,2,9,10,0,2292,52,1094,2.2687609075043627
2026-01-25 19:04:27.606310,0.3703195166666667,52,25,27,48.07692307692308,185.51999999999975,1405.25,1219.73,56.21,45.175185185185185,3.567692307692303,1.1520992350766153,78.76,-86.24,50000.0,50185.52,50750.22,0.3710399999999936,0.0,836.1699999999983,1.647618473378043,2,9,10,0,2294,52,1095,2.2667829119442024
2026-01-25 19:04:27.636179,0.3708170333333333,52,25,27,48.07692307692308,185.51999999999975,1405.25,1219.73,56.21,45.175185185185185,3.567692307692303,1.1520992350766153,78.76,-86.24,50000.0,50185.52,50750.22,0.3710399999999936,0.0,836.1699999999983,1.647618473378043,2,9,10,0,2296,52,1096,2.264808362369338
2026-01-25 19:04:27.674553,0.37145661666666663,52,25,27,48.07692307692308,185.51999999999975,1405.25,1219.73,56.21,45.175185185185185,3.567692307692303,1.1520992350766153,78.76,-86.24,50000.0,50185.52,50750.22,0.3710399999999936,0.0,836.1699999999983,1.647618473378043,2,9,10,0,2298,52,1097,2.2628372497824194
2026-01-25 19:04:27.696888,0.37182886666666665,52,25,27,48.07692307692308,185.51999999999975,1405.25,1219.73,56.21,45.175185185185185,3.567692307692303,1.1520992350766153,78.76,-86.24,50000.0,50185.52,50750.22,0.3710399999999936,0.0,836.1699999999983,1.647618473378043,2,9,10,0,2300,52,1098,2.2608695652173916
2026-01-25 19:04:27.714687,0.37212551666666666,52,25,27,48.07692307692308,185.51999999999975,1405.25,1219.73,56.21,45.175185185185185,3.567692307692303,1.1520992350766153,78.76,-86.24,50000.0,50185.52,50750.22,0.3710399999999936,0.0,836.1699999999983,1.647618473378043,2,9,10,0,2302,52,1099,2.2589052997393573
2026-01-25 19:04:27.733059,0.37243173333333335,52,25,27,48.07692307692308,185.51999999999975,1405.25,1219.73,56.21,45.175185185185185,3.567692307692303,1.1520992350766153,78.76,-86.24,50000.0,50185.52,50750.22,0.3710399999999936,0.0,836.1699999999983,1.647618473378043,2,9,10,0,2304,52,1100,2.256944444444444
2026-01-25 19:04:27.751072,0.3727319333333333,52,25,27,48.07692307692308,185.51999999999975,1405.25,1219.73,56.21,45.175185185185185,3.567692307692303,1.1520992350766153,78.76,-86.24,50000.0,50185.52,50750.22,0.3710399999999936,0.0,836.1699999999983,1.647618473378043,2,9,10,0,2306,52,1101,2.2549869904596704
2026-01-25 19:04:27.769260,0.3730350666666667,52,25,27,48.07692307692308,185.51999999999975,1405.25,1219.73,56.21,45.175185185185185,3.567692307692303,1.1520992350766153,78.76,-86.24,50000.0,50185.52,50750.22,0.3710399999999936,0.0,836.1699999999983,1.647618473378043,2,9,10,0,2308,52,1102,2.2530329289428077
2026-01-25 19:04:27.786134,0.3733163,52,25,27,48.07692307692308,185.51999999999975,1405.25,1219.73,56.21,45.175185185185185,3.567692307692303,1.1520992350766153,78.76,-86.24,50000.0,50185.52,50750.22,0.3710399999999936,0.0,836.1699999999983,1.647618473378043,2,9,10,0,2310,52,1103,2.2510822510822512
2026-01-25 19:04:27.803882,0.3736121166666667,52,25,27,48.07692307692308,185.51999999999975,1405.25,1219.73,56.21,45.175185185185185,3.567692307692303,1.1520992350766153,78.76,-86.24,50000.0,50185.52,50750.22,0.3710399999999936,0.0,836.1699999999983,1.647618473378043,2,9,10,0,2312,52,1104,2.249134948096886
2026-01-25 19:04:27.821676,0.3739086833333333,52,25,27,48.07692307692308,185.51999999999975,1405.25,1219.73,56.21,45.175185185185185,3.567692307692303,1.1520992350766153,78.76,-86.24,50000.0,50185.52,50750.22,0.3710399999999936,0.0,836.1699999999983,1.647618473378043,2,9,10,0,2314,52,1105,2.247191011235955
2026-01-25 19:04:27.839690,0.37420891666666667,52,25,27,48.07692307692308,185.51999999999975,1405.25,1219.73,56.21,45.175185185185185,3.567692307692303,1.1520992350766153,78.76,-86.24,50000.0,50185.52,50750.22,0.3710399999999936,0.0,836.1699999999983,1.647618473378043,2,9,10,0,2316,52,1106,2.2452504317789295
2026-01-25 19:04:27.857399,0.3745040666666667,52,25,27,48.07692307692308,185.51999999999975,1405.25,1219.73,56.21,45.175185185185185,3.567692307692303,1.1520992350766153,78.76,-86.24,50000.0,50185.52,50750.22,0.3710399999999936,0.0,836.1699999999983,1.647618473378043,2,9,10,0,2318,52,1107,2.2433132010353756
2026-01-25 19:04:27.877000,0.37483079999999996,52,25,27,48.07692307692308,185.51999999999975,1405.25,1219.73,56.21,45.175185185185185,3.567692307692303,1.1520992350766153,78.76,-86.24,50000.0,50185.52,50750.22,0.3710399999999936,0.0,836.1699999999983,1.647618473378043,2,9,10,0,2320,52,1108,2.2413793103448274
2026-01-25 19:04:27.895187,0.37513385,52,25,27,48.07692307692308,185.51999999999975,1405.25,1219.73,56.21,45.175185185185185,3.567692307692303,1.1520992350766153,78.76,-86.24,50000.0,50185.52,50750.22,0.3710399999999936,0.0,836.1699999999983,1.647618473378043,2,9,10,0,2322,52,1109,2.239448751076658
2026-01-25 19:04:27.912439,0.37542139999999996,52,25,27,48.07692307692308,185.51999999999975,1405.25,1219.73,56.21,45.175185185185185,3.567692307692303,1.1520992350766153,78.76,-86.24,50000.0,50185.52,50750.22,0.3710399999999936,0.0,836.1699999999983,1.647618473378043,2,9,10,0,2324,52,1110,2.2375215146299485
2026-01-25 19:04:27.930139,0.37571636666666663,52,25,27,48.07692307692308,185.51999999999975,1405.25,1219.73,56.21,45.175185185185185,3.567692307692303,1.1520992350766153,78.76,-86.24,50000.0,50185.52,50750.22,0.3710399999999936,0.0,836.1699999999983,1.647618473378043,2,9,10,0,2326,52,1111,2.235597592433362
2026-01-25 19:04:27.947755,0.37600998333333335,52,25,27,48.07692307692308,185.51999999999975,1405.25,1219.73,56.21,45.175185185185185,3.567692307692303,1.1520992350766153,78.76,-86.24,50000.0,50185.52,50750.22,0.3710399999999936,0.0,836.1699999999983,1.647618473378043,2,9,10,0,2328,52,1112,2.2336769759450172
2026-01-25 19:04:27.965278,0.37630203333333334,52,25,27,48.07692307692308,185.51999999999975,1405.25,1219.73,56.21,45.175185185185185,3.567692307692303,1.1520992350766153,78.76,-86.24,50000.0,50185.52,50750.22,0.3710399999999936,0.0,836.1699999999983,1.647618473378043,2,9,10,0,2330,52,1113,2.2317596566523603
2026-01-25 19:04:27.983193,0.37660061666666667,52,25,27,48.07692307692308,185.51999999999975,1405.25,1219.73,56.21,45.175185185185185,3.567692307692303,1.1520992350766153,78.76,-86.24,50000.0,50185.52,50750.22,0.3710399999999936,0.0,836.1699999999983,1.647618473378043,2,9,10,0,2332,52,1114,2.2298456260720414
2026-01-25 19:04:28.000504,0.3768891333333333,52,25,27,48.07692307692308,185.51999999999975,1405.25,1219.73,56.21,45.175185185185185,3.567692307692303,1.1520992350766153,78.76,-86.24,50000.0,50185.52,50750.22,0.3710399999999936,0.0,836.1699999999983,1.647618473378043,2,9,10,0,2334,52,1115,2.227934875749786
2026-01-25 19:04:28.017968,0.37718019999999997,52,25,27,48.07692307692308,185.51999999999975,1405.25,1219.73,56.21,45.175185185185185,3.567692307692303,1.1520992350766153,78.76,-86.24,50000.0,50185.52,50750.22,0.3710399999999936,0.0,836.1699999999983,1.647618473378043,2,9,10,0,2336,52,1116,2.2260273972602738
2026-01-25 19:04:28.035476,0.37747201666666663,52,25,27,48.07692307692308,185.51999999999975,1405.25,1219.73,56.21,45.175185185185185,3.567692307692303,1.1520992350766153,78.76,-86.24,50000.0,50185.52,50750.22,0.3710399999999936,0.0,836.1699999999983,1.647618473378043,2,9,10,0,2338,52,1117,2.2241231822070144
2026-01-25 19:04:28.052621,0.37775775,52,25,27,48.07692307692308,185.51999999999975,1405.25,1219.73,56.21,45.175185185185185,3.567692307692303,1.1520992350766153,78.76,-86.24,50000.0,50185.52,50750.22,0.3710399999999936,0.0,836.1699999999983,1.647618473378043,2,9,10,0,2340,52,1118,2.2222222222222223
2026-01-25 19:04:28.070099,0.37804905000000005,52,25,27,48.07692307692308,185.51999999999975,1405.25,1219.73,56.21,45.175185185185185,3.567692307692303,1.1520992350766153,78.76,-86.24,50000.0,50185.52,50750.22,0.3710399999999936,0.0,836.1699999999983,1.647618473378043,2,9,10,0,2342,52,1119,2.220324508966695
2026-01-25 19:04:28.087717,0.3783426833333333,52,25,27,48.07692307692308,185.51999999999975,1405.25,1219.73,56.21,45.175185185185185,3.567692307692303,1.1520992350766153,78.76,-86.24,50000.0,50185.52,50750.22,0.3710399999999936,0.0,836.1699999999983,1.647618473378043,2,9,10,0,2344,52,1120,2.218430034129693
2026-01-25 19:04:28.106056,0.37864833333333336,52,25,27,48.07692307692308,185.51999999999975,1405.25,1219.73,56.21,45.175185185185185,3.567692307692303,1.1520992350766153,78.76,-86.24,50000.0,50185.52,50750.22,0.3710399999999936,0.0,836.1699999999983,1.647618473378043,2,9,10,0,2346,52,1121,2.2165387894288147
2026-01-25 19:04:28.123341,0.37893641666666666,52,25,27,48.07692307692308,185.51999999999975,1405.25,1219.73,56.21,45.175185185185185,3.567692307692303,1.1520992350766153,78.76,-86.24,50000.0,50185.52,50750.22,0.3710399999999936,0.0,836.1699999999983,1.647618473378043,2,9,10,0,2348,52,1122,2.2146507666098807
2026-01-25 19:04:28.140526,0.37922283333333334,52,25,27,48.07692307692308,185.51999999999975,1405.25,1219.73,56.21,45.175185185185185,3.567692307692303,1.1520992350766153,78.76,-86.24,50000.0,50185.52,50750.22,0.3710399999999936,0.0,836.1699999999983,1.647618473378043,2,9,10,0,2350,52,1123,2.2127659574468086
2026-01-25 19:04:28.157908,0.37951253333333335,52,25,27,48.07692307692308,185.51999999999975,1405.25,1219.73,56.21,45.175185185185185,3.567692307692303,1.1520992350766153,78.76,-86.24,50000.0,50185.52,50750.22,0.3710399999999936,0.0,836.1699999999983,1.647618473378043,2,9,10,0,2352,52,1124,2.2108843537414966
2026-01-25 19:04:28.175613,0.3798076166666667,52,25,27,48.07692307692308,185.51999999999975,1405.25,1219.73,56.21,45.175185185185185,3.567692307692303,1.1520992350766153,78.76,-86.24,50000.0,50185.52,50750.22,0.3710399999999936,0.0,836.1699999999983,1.647618473378043,2,9,10,0,2354,52,1125,2.2090059473237043
2026-01-25 19:04:28.192821,0.3800944333333333,52,25,27,48.07692307692308,185.51999999999975,1405.25,1219.73,56.21,45.175185185185185,3.567692307692303,1.1520992350766153,78.76,-86.24,50000.0,50185.52,50750.22,0.3710399999999936,0.0,836.1699999999983,1.647618473378043,2,9,10,0,2356,52,1126,2.2071307300509337
2026-01-25 19:04:28.210061,0.38038174999999996,52,25,27,48.07692307692308,185.51999999999975,1405.25,1219.73,56.21,45.175185185185185,3.567692307692303,1.1520992350766153,78.76,-86.24,50000.0,50185.52,50750.22,0.3710399999999936,0.0,836.1699999999983,1.647618473378043,2,9,10,0,2358,52,1127,2.205258693808312
2026-01-25 19:04:28.227317,0.38066934999999996,52,25,27,48.07692307692308,185.51999999999975,1405.25,1219.73,56.21,45.175185185185185,3.567692307692303,1.1520992350766153,78.76,-86.24,50000.0,50185.52,50750.22,0.3710399999999936,0.0,836.1699999999983,1.647618473378043,2,9,10,0,2360,52,1128,2.2033898305084745
2026-01-25 19:04:28.244216,0.380951,52,25,27,48.07692307692308,185.51999999999975,1405.25,1219.73,56.21,45.175185185185185,3.567692307692303,1.1520992350766153,78.76,-86.24,50000.0,50185.52,50750.22,0.3710399999999936,0.0,836.1699999999983,1.647618473378043,2,9,10,0,2362,52,1129,2.201524132091448
2026-01-25 19:04:28.264917,0.3812960166666667,52,25,27,48.07692307692308,185.51999999999975,1405.25,1219.73,56.21,45.175185185185185,3.567692307692303,1.1520992350766153,78.76,-86.24,50000.0,50185.52,50750.22,0.3710399999999936,0.0,836.1699999999983,1.647618473378043,2,9,10,0,2364,52,1130,2.199661590524535
2026-01-25 19:04:28.283362,0.3816034333333333,52,25,27,48.07692307692308,185.51999999999975,1405.25,1219.73,56.21,45.175185185185185,3.567692307692303,1.1520992350766153,78.76,-86.24,50000.0,50185.52,50750.22,0.3710399999999936,0.0,836.1699999999983,1.647618473378043,2,9,10,0,2366,52,1131,2.197802197802198
2026-01-25 19:04:28.300780,0.3818937333333333,52,25,27,48.07692307692308,185.51999999999975,1405.25,1219.73,56.21,45.175185185185185,3.567692307692303,1.1520992350766153,78.76,-86.24,50000.0,50185.52,50750.22,0.3710399999999936,0.0,836.1699999999983,1.647618473378043,2,9,10,0,2368,52,1132,2.195945945945946
2026-01-25 19:04:28.317819,0.38217771666666667,52,25,27,48.07692307692308,185.51999999999975,1405.25,1219.73,56.21,45.175185185185185,3.567692307692303,1.1520992350766153,78.76,-86.24,50000.0,50185.52,50750.22,0.3710399999999936,0.0,836.1699999999983,1.647618473378043,2,9,10,1,2370,53,1132,2.2362869198312234
2026-01-25 19:04:28.335072,0.38246526666666664,52,25,27,48.07692307692308,185.51999999999975,1405.25,1219.73,56.21,45.175185185185185,3.567692307692303,1.1520992350766153,78.76,-86.24,50000.0,50173.02,50750.22,0.3460399999999936,-12.5,836.1699999999983,1.647618473378043,2,9,10,1,2372,53,1133,2.2344013490725128
2026-01-25 19:04:28.351919,0.38274605,52,25,27,48.07692307692308,185.51999999999975,1405.25,1219.73,56.21,45.175185185185185,3.567692307692303,1.1520992350766153,78.76,-86.24,50000.0,50185.52,50750.22,0.3710399999999936,0.0,836.1699999999983,1.647618473378043,2,9,10,1,2374,53,1134,2.232518955349621
2026-01-25 19:04:28.369377,0.3830370166666667,52,25,27,48.07692307692308,185.51999999999975,1405.25,1219.73,56.21,45.175185185185185,3.567692307692303,1.1520992350766153,78.76,-86.24,50000.0,50195.52,50750.22,0.3910399999999936,10.0,836.1699999999983,1.647618473378043,2,9,10,1,2376,53,1135,2.2306397306397305
2026-01-25 19:04:28.388683,0.38335878333333334,52,25,27,48.07692307692308,185.51999999999975,1405.25,1219.73,56.21,45.175185185185185,3.567692307692303,1.1520992350766153,78.76,-86.24,50000.0,50204.27,50750.22,0.40853999999999363,18.75,836.1699999999983,1.647618473378043,2,9,10,2,2378,54,1135,2.2708158116063917
2026-01-25 19:04:28.407526,0.38367283333333335,52,25,27,48.07692307692308,185.51999999999975,1405.25,1219.73,56.21,45.175185185185185,3.567692307692303,1.1520992350766153,78.76,-86.24,50000.0,50226.77,50750.22,0.4535399999999936,41.25,836.1699999999983,1.647618473378043,2,9,10,2,2380,54,1136,2.26890756302521
2026-01-25 19:04:28.425485,0.3839721666666666,52,25,27,48.07692307692308,185.51999999999975,1405.25,1219.73,56.21,45.175185185185185,3.567692307692303,1.1520992350766153,78.76,-86.24,50000.0,50226.77,50750.22,0.4535399999999936,41.25,836.1699999999983,1.647618473378043,2,9,10,2,2382,54,1137,2.2670025188916876
2026-01-25 19:04:28.442687,0.38425886666666664,52,25,27,48.07692307692308,185.51999999999975,1405.25,1219.73,56.21,45.175185185185185,3.567692307692303,1.1520992350766153,78.76,-86.24,50000.0,50211.77,50750.22,0.4235399999999936,26.25,836.1699999999983,1.647618473378043,2,9,10,2,2384,54,1138,2.2651006711409396
2026-01-25 19:04:28.460271,0.3845519166666667,52,25,27,48.07692307692308,185.51999999999975,1405.25,1219.73,56.21,45.175185185185185,3.567692307692303,1.1520992350766153,78.76,-86.24,50000.0,50221.77,50750.22,0.44353999999999355,36.25,836.1699999999983,1.647618473378043,2,9,10,2,2386,54,1139,2.2632020117351215
2026-01-25 19:04:28.477427,0.38483786666666664,52,25,27,48.07692307692308,185.51999999999975,1405.25,1219.73,56.21,45.175185185185185,3.567692307692303,1.1520992350766153,78.76,-86.24,50000.0,50251.77,50750.22,0.5035399999999935,66.25,836.1699999999983,1.647618473378043,2,9,10,2,2388,54,1140,2.261306532663317
2026-01-25 19:04:28.495174,0.38513363333333334,52,25,27,48.07692307692308,185.51999999999975,1405.25,1219.73,56.21,45.175185185185185,3.567692307692303,1.1520992350766153,78.76,-86.24,50000.0,50259.27,50750.22,0.5185399999999936,73.75,836.1699999999983,1.647618473378043,2,9,10,2,2390,54,1141,2.259414225941423
2026-01-25 19:04:28.512037,0.3854146833333333,52,25,27,48.07692307692308,185.51999999999975,1405.25,1219.73,56.21,45.175185185185185,3.567692307692303,1.1520992350766153,78.76,-86.24,50000.0,50281.77,50750.22,0.5635399999999936,96.25,836.1699999999983,1.647618473378043,2,9,10,2,2392,54,1142,2.25752508361204
2026-01-25 19:04:28.529884,0.3857121333333334,52,25,27,48.07692307692308,185.51999999999975,1405.25,1219.73,56.21,45.175185185185185,3.567692307692303,1.1520992350766153,78.76,-86.24,50000.0,50289.27,50750.22,0.5785399999999936,103.75,836.1699999999983,1.647618473378043,2,9,10,2,2394,54,1143,2.2556390977443606
2026-01-25 19:04:28.547281,0.38600208333333336,52,25,27,48.07692307692308,185.51999999999975,1405.25,1219.73,56.21,45.175185185185185,3.567692307692303,1.1520992350766153,78.76,-86.24,50000.0,50264.27,50750.22,0.5285399999999936,78.75,836.1699999999983,1.647618473378043,2,9,10,2,2396,54,1144,2.2537562604340566
2026-01-25 19:04:28.564209,0.3862842166666667,52,25,27,48.07692307692308,185.51999999999975,1405.25,1219.73,56.21,45.175185185185185,3.567692307692303,1.1520992350766153,78.76,-86.24,50000.0,50269.27,50750.22,0.5385399999999936,83.75,836.1699999999983,1.647618473378043,2,9,10,2,2398,54,1145,2.2518765638031693
2026-01-25 19:04:28.581586,0.38657383333333334,52,25,27,48.07692307692308,185.51999999999975,1405.25,1219.73,56.21,45.175185185185185,3.567692307692303,1.1520992350766153,78.76,-86.24,50000.0,50234.27,50750.22,0.4685399999999936,48.75,836.1699999999983,1.647618473378043,2,9,10,2,2400,54,1146,2.25
2026-01-25 19:04:28.598616,0.38685766666666666,52,25,27,48.07692307692308,185.51999999999975,1405.25,1219.73,56.21,45.175185185185185,3.567692307692303,1.1520992350766153,78.76,-86.24,50000.0,50184.27,50750.22,0.3685399999999936,-1.25,836.1699999999983,1.647618473378043,2,9,10,2,2402,54,1147,2.2481265611990007
2026-01-25 19:04:28.616021,0.38714774999999996,52,25,27,48.07692307692308,185.51999999999975,1405.25,1219.73,56.21,45.175185185185185,3.567692307692303,1.1520992350766153,78.76,-86.24,50000.0,50219.27,50750.22,0.4385399999999936,33.75,836.1699999999983,1.647618473378043,2,9,10,2,2404,54,1148,2.246256239600666
2026-01-25 19:04:28.633619,0.3874412166666667,52,25,27,48.07692307692308,185.51999999999975,1405.25,1219.73,56.21,45.175185185185185,3.567692307692303,1.1520992350766153,78.76,-86.24,50000.0,50239.27,50750.22,0.47853999999999364,53.75,836.1699999999983,1.647618473378043,2,9,10,3,2406,55,1148,2.28595178719867
2026-01-25 19:04:28.650858,0.38772836666666666,52,25,27,48.07692307692308,185.51999999999975,1405.25,1219.73,56.21,45.175185185185185,3.567692307692303,1.1520992350766153,78.76,-86.24,50000.0,50231.77,50750.22,0.4635399999999936,46.25,836.1699999999983,1.647618473378043,2,9,10,3,2408,55,1149,2.2840531561461797
2026-01-25 19:04:28.667548,0.3880065333333333,52,25,27,48.07692307692308,185.51999999999975,1405.25,1219.73,56.21,45.175185185185185,3.567692307692303,1.1520992350766153,78.76,-86.24,50000.0,50246.77,50750.22,0.4935399999999936,61.25,836.1699999999983,1.647618473378043,2,9,10,3,2410,55,1150,2.2821576763485476
2026-01-25 19:04:28.684667,0.38829183333333334,52,25,27,48.07692307692308,185.51999999999975,1405.25,1219.73,56.21,45.175185185185185,3.567692307692303,1.1520992350766153,78.76,-86.24,50000.0,50273.02,50750.22,0.5460399999999935,87.5,836.1699999999983,1.647618473378043,2,9,10,3,2412,55,1151,2.2802653399668324
2026-01-25 19:04:28.701839,0.38857806666666667,52,25,27,48.07692307692308,185.51999999999975,1405.25,1219.73,56.21,45.175185185185185,3.567692307692303,1.1520992350766153,78.76,-86.24,50000.0,50254.27,50750.22,0.5085399999999937,68.75,836.1699999999983,1.647618473378043,2,9,10,3,2414,55,1152,2.2783761391880697
2026-01-25 19:04:28.718998,0.38886403333333336,52,25,27,48.07692307692308,185.51999999999975,1405.25,1219.73,56.21,45.175185185185185,3.567692307692303,1.1520992350766153,78.76,-86.24,50000.0,50265.52,50750.22,0.5310399999999935,80.0,836.1699999999983,1.647618473378043,2,9,10,3,2416,55,1153,2.2764900662251653
2026-01-25 19:04:28.736223,0.3891511166666667,52,25,27,48.07692307692308,185.51999999999975,1405.25,1219.73,56.21,45.175185185185185,3.567692307692303,1.1520992350766153,78.76,-86.24,50000.0,50254.27,50750.22,0.5085399999999937,68.75,836.1699999999983,1.647618473378043,2,9,10,3,2418,55,1154,2.2746071133167907
2026-01-25 19:04:28.753335,0.38943631666666667,52,25,27,48.07692307692308,185.51999999999975,1405.25,1219.73,56.21,45.175185185185185,3.567692307692303,1.1520992350766153,78.76,-86.24,50000.0,50295.52,50750.22,0.5910399999999937,110.0,836.1699999999983,1.647618473378043,2,9,10,3,2420,55,1155,2.272727272727273
2026-01-25 19:04:28.770184,0.3897171333333333,52,25,27,48.07692307692308,185.51999999999975,1405.25,1219.73,56.21,45.175185185185185,3.567692307692303,1.1520992350766153,78.76,-86.24,50000.0,50321.77,50750.22,0.6435399999999936,136.25,836.1699999999983,1.647618473378043,2,9,10,3,2422,55,1156,2.2708505367464906
2026-01-25 19:04:28.787419,0.3900043833333333,52,25,27,48.07692307692308,185.51999999999975,1405.25,1219.73,56.21,45.175185185185185,3.567692307692303,1.1520992350766153,78.76,-86.24,50000.0,50318.02,50750.22,0.6360399999999936,132.5,836.1699999999983,1.647618473378043,2,9,10,3,2424,55,1157,2.268976897689769
2026-01-25 19:04:28.804626,0.3902911833333333,52,25,27,48.07692307692308,185.51999999999975,1405.25,1219.73,56.21,45.175185185185185,3.567692307692303,1.1520992350766153,78.76,-86.24,50000.0,50306.77,50750.22,0.6135399999999935,121.25,836.1699999999983,1.647618473378043,2,9,10,3,2426,55,1158,2.267106347897774
2026-01-25 19:04:28.822505,0.39058915,53,26,27,49.056603773584904,251.77999999999975,1471.51,1219.73,56.59653846153846,45.175185185185185,4.750566037735844,1.206422732899904,78.76,-86.24,50000.0,50321.78,50750.22,0.6435599999999977,136.26000000000204,836.1699999999983,1.647618473378043,3,9,10,2,2428,55,1159,2.2652388797364087
2026-01-25 19:04:28.840143,0.3908831166666667,53,26,27,49.056603773584904,251.77999999999975,1471.51,1219.73,56.59653846153846,45.175185185185185,4.750566037735844,1.206422732899904,78.76,-86.24,50000.0,50321.78,50750.22,0.6435599999999977,136.26000000000204,836.1699999999983,1.647618473378043,3,9,10,2,2430,55,1160,2.263374485596708
2026-01-25 19:04:28.857435,0.3911713166666667,53,26,27,49.056603773584904,251.77999999999975,1471.51,1219.73,56.59653846153846,45.175185185185185,4.750566037735844,1.206422732899904,78.76,-86.24,50000.0,50294.28,50750.22,0.5885599999999978,108.76000000000204,836.1699999999983,1.647618473378043,3,9,10,2,2432,55,1161,2.2615131578947367
2026-01-25 19:04:28.874555,0.39145665,53,26,27,49.056603773584904,251.77999999999975,1471.51,1219.73,56.59653846153846,45.175185185185185,4.750566037735844,1.206422732899904,78.76,-86.24,50000.0,50304.28,50750.22,0.6085599999999977,118.76000000000204,836.1699999999983,1.647618473378043,3,9,10,2,2434,55,1162,2.259654889071487
2026-01-25 19:04:28.892130,0.39174956666666666,53,26,27,49.056603773584904,251.77999999999975,1471.51,1219.73,56.59653846153846,45.175185185185185,4.750566037735844,1.206422732899904,78.76,-86.24,50000.0,50279.28,50750.22,0.5585599999999977,93.76000000000204,836.1699999999983,1.647618473378043,3,9,10,2,2436,55,1163,2.257799671592775
2026-01-25 19:04:28.909226,0.3920345,53,26,27,49.056603773584904,251.77999999999975,1471.51,1219.73,56.59653846153846,45.175185185185185,4.750566037735844,1.206422732899904,78.76,-86.24,50000.0,50291.78,50750.22,0.5835599999999976,106.26000000000204,836.1699999999983,1.647618473378043,3,9,10,2,2438,55,1164,2.2559474979491387
2026-01-25 19:04:28.926561,0.39232341666666665,53,26,27,49.056603773584904,251.77999999999975,1471.51,1219.73,56.59653846153846,45.175185185185185,4.750566037735844,1.206422732899904,78.76,-86.24,50000.0,50256.78,50750.22,0.5135599999999976,71.26000000000204,836.1699999999983,1.647618473378043,3,9,10,2,2440,55,1165,2.2540983606557377
2026-01-25 19:04:28.943584,0.39260713333333336,53,26,27,49.056603773584904,251.77999999999975,1471.51,1219.73,56.59653846153846,45.175185185185185,4.750566037735844,1.206422732899904,78.76,-86.24,50000.0,50234.28,50750.22,0.46855999999999765,48.76000000000204,836.1699999999983,1.647618473378043,3,9,10,2,2442,55,1166,2.2522522522522523
2026-01-25 19:04:28.961077,0.39289868333333333,53,26,27,49.056603773584904,251.77999999999975,1471.51,1219.73,56.59653846153846,45.175185185185185,4.750566037735844,1.206422732899904,78.76,-86.24,50000.0,50231.78,50750.22,0.4635599999999977,46.26000000000204,836.1699999999983,1.647618473378043,3,9,10,3,2444,56,1166,2.2913256955810146
2026-01-25 19:04:28.978288,0.39318553333333334,53,26,27,49.056603773584904,251.77999999999975,1471.51,1219.73,56.59653846153846,45.175185185185185,4.750566037735844,1.206422732899904,78.76,-86.24,50000.0,50250.53,50750.22,0.5010599999999977,65.01000000000204,836.1699999999983,1.647618473378043,3,9,10,3,2446,56,1167,2.2894521668029433
2026-01-25 19:04:28.996111,0.39348258333333336,54,26,28,48.148148148148145,215.53999999999974,1471.51,1255.97,56.59653846153846,44.85607142857143,3.9914814814814767,1.1716123792765751,78.76,-86.24,50000.0,50199.29,50750.22,0.39858000000000177,13.770000000004075,836.1699999999983,1.647618473378043,-1,9,10,2,2448,56,1168,2.287581699346405
2026-01-25 19:04:29.012588,0.3937572,54,26,28,48.148148148148145,215.53999999999974,1471.51,1255.97,56.59653846153846,44.85607142857143,3.9914814814814767,1.1716123792765751,78.76,-86.24,50000.0,50199.29,50750.22,0.39858000000000177,13.770000000004075,836.1699999999983,1.647618473378043,-1,9,10,2,2450,56,1169,2.2857142857142856
2026-01-25 19:04:29.030272,0.3940519333333333,54,26,28,48.148148148148145,215.53999999999974,1471.51,1255.97,56.59653846153846,44.85607142857143,3.9914814814814767,1.1716123792765751,78.76,-86.24,50000.0,50209.29,50750.22,0.41858000000000173,23.770000000004075,836.1699999999983,1.647618473378043,-1,9,10,3,2452,57,1169,2.32463295269168
2026-01-25 19:04:29.047285,0.39433548333333335,54,26,28,48.148148148148145,215.53999999999974,1471.51,1255.97,56.59653846153846,44.85607142857143,3.9914814814814767,1.1716123792765751,78.76,-86.24,50000.0,50235.54,50750.22,0.4710800000000018,50.020000000004075,836.1699999999983,1.647618473378043,-1,9,10,3,2454,57,1170,2.3227383863080684
2026-01-25 19:04:29.098339,0.3951863833333333,54,26,28,48.148148148148145,215.53999999999974,1471.51,1255.97,56.59653846153846,44.85607142857143,3.9914814814814767,1.1716123792765751,78.76,-86.24,50000.0,50231.79,50750.22,0.4635800000000017,46.270000000004075,836.1699999999983,1.647618473378043,-1,9,10,3,2456,57,1171,2.320846905537459
2026-01-25 19:04:29.115548,0.39547319999999997,54,26,28,48.148148148148145,215.53999999999974,1471.51,1255.97,56.59653846153846,44.85607142857143,3.9914814814814767,1.1716123792765751,78.76,-86.24,50000.0,50216.79,50750.22,0.43358000000000174,31.270000000004075,836.1699999999983,1.647618473378043,-1,9,10,3,2458,57,1172,2.3189585028478437
2026-01-25 19:04:29.132805,0.3957608166666667,54,26,28,48.148148148148145,215.53999999999974,1471.51,1255.97,56.59653846153846,44.85607142857143,3.9914814814814767,1.1716123792765751,78.76,-86.24,50000.0,50254.29,50750.22,0.5085800000000017,68.77000000000407,836.1699999999983,1.647618473378043,-1,9,10,3,2460,57,1173,2.317073170731707
2026-01-25 19:04:29.150329,0.3960528833333333,54,26,28,48.148148148148145,215.53999999999974,1471.51,1255.97,56.59653846153846,44.85607142857143,3.9914814814814767,1.1716123792765751,78.76,-86.24,50000.0,50273.04,50750.22,0.5460800000000018,87.52000000000407,836.1699999999983,1.647618473378043,-1,9,10,3,2462,57,1174,2.3151909017059302
2026-01-25 19:04:29.167518,0.3963393666666667,54,26,28,48.148148148148145,215.53999999999974,1471.51,1255.97,56.59653846153846,44.85607142857143,3.9914814814814767,1.1716123792765751,78.76,-86.24,50000.0,50291.79,50750.22,0.5835800000000018,106.27000000000407,836.1699999999983,1.647618473378043,-1,9,10,3,2464,57,1175,2.313311688311688
2026-01-25 19:04:29.184698,0.3966257,54,26,28,48.148148148148145,215.53999999999974,1471.51,1255.97,56.59653846153846,44.85607142857143,3.9914814814814767,1.1716123792765751,78.76,-86.24,50000.0,50194.29,50750.22,0.38858000000000176,8.770000000004075,836.1699999999983,1.647618473378043,-1,9,10,4,2466,58,1175,2.3519870235198703
2026-01-25 19:04:29.201363,0.39690345,54,26,28,48.148148148148145,215.53999999999974,1471.51,1255.97,56.59653846153846,44.85607142857143,3.9914814814814767,1.1716123792765751,78.76,-86.24,50000.0,50239.29,50750.22,0.4785800000000017,53.770000000004075,836.1699999999983,1.647618473378043,-1,9,10,4,2468,58,1176,2.3500810372771475
2026-01-25 19:04:29.218696,0.3971923333333333,54,26,28,48.148148148148145,215.53999999999974,1471.51,1255.97,56.59653846153846,44.85607142857143,3.9914814814814767,1.1716123792765751,78.76,-86.24,50000.0,50244.29,50750.22,0.48858000000000174,58.770000000004075,836.1699999999983,1.647618473378043,-1,9,10,5,2470,59,1176,2.388663967611336
2026-01-25 19:04:29.235531,0.3974729166666667,54,26,28,48.148148148148145,215.53999999999974,1471.51,1255.97,56.59653846153846,44.85607142857143,3.9914814814814767,1.1716123792765751,78.76,-86.24,50000.0,50263.04,50750.22,0.5260800000000018,77.52000000000407,836.1699999999983,1.647618473378043,-1,9,10,5,2472,59,1177,2.3867313915857604
2026-01-25 19:04:29.252580,0.39775706666666666,54,26,28,48.148148148148145,215.53999999999974,1471.51,1255.97,56.59653846153846,44.85607142857143,3.9914814814814767,1.1716123792765751,78.76,-86.24,50000.0,50181.79,50750.22,0.36358000000000174,-3.7299999999959255,836.1699999999983,1.647618473378043,-1,9,10,5,2474,59,1178,2.3848019401778497
2026-01-25 19:04:29.269559,0.39804005,54,26,28,48.148148148148145,215.53999999999974,1471.51,1255.97,56.59653846153846,44.85607142857143,3.9914814814814767,1.1716123792765751,78.76,-86.24,50000.0,50219.29,50750.22,0.4385800000000018,33.770000000004075,836.1699999999983,1.647618473378043,-1,9,10,6,2476,60,1178,2.4232633279483036
2026-01-25 19:04:29.286505,0.39832248333333337,54,26,28,48.148148148148145,215.53999999999974,1471.51,1255.97,56.59653846153846,44.85607142857143,3.9914814814814767,1.1716123792765751,78.76,-86.24,50000.0,50264.29,50750.22,0.5285800000000017,78.77000000000407,836.1699999999983,1.647618473378043,-1,9,10,6,2478,60,1179,2.4213075060532687
2026-01-25 19:04:29.303359,0.39860338333333334,54,26,28,48.148148148148145,215.53999999999974,1471.51,1255.97,56.59653846153846,44.85607142857143,3.9914814814814767,1.1716123792765751,78.76,-86.24,50000.0,50271.79,50750.22,0.5435800000000017,86.27000000000407,836.1699999999983,1.647618473378043,-1,9,10,6,2480,60,1180,2.4193548387096775
2026-01-25 19:04:29.320254,0.3988849666666667,54,26,28,48.148148148148145,215.53999999999974,1471.51,1255.97,56.59653846153846,44.85607142857143,3.9914814814814767,1.1716123792765751,78.76,-86.24,50000.0,50436.79,50750.22,0.8735800000000018,251.27000000000407,836.1699999999983,1.647618473378043,-1,9,10,6,2482,60,1181,2.4174053182917
2026-01-25 19:04:29.339623,0.3992077666666667,54,26,28,48.148148148148145,215.53999999999974,1471.51,1255.97,56.59653846153846,44.85607142857143,3.9914814814814767,1.1716123792765751,78.76,-86.24,50000.0,50316.79,50750.22,0.6335800000000017,131.27000000000407,836.1699999999983,1.647618473378043,-1,9,10,6,2484,60,1182,2.4154589371980677
2026-01-25 19:04:29.356728,0.39949286666666667,54,26,28,48.148148148148145,215.53999999999974,1471.51,1255.97,56.59653846153846,44.85607142857143,3.9914814814814767,1.1716123792765751,78.76,-86.24,50000.0,50301.79,50750.22,0.6035800000000018,-15.0,836.1699999999983,1.647618473378043,-1,9,10,6,2486,60,1183,2.413515687851971
2026-01-25 19:04:29.373870,0.39977856666666667,54,26,28,48.148148148148145,215.53999999999974,1471.51,1255.97,56.59653846153846,44.85607142857143,3.9914814814814767,1.1716123792765751,78.76,-86.24,50000.0,50391.79,50750.22,0.7835800000000017,75.0,836.1699999999983,1.647618473378043,-1,9,10,6,2488,60,1184,2.4115755627009645
2026-01-25 19:04:29.390612,0.4000576,54,26,28,48.148148148148145,215.53999999999974,1471.51,1255.97,56.59653846153846,44.85607142857143,3.9914814814814767,1.1716123792765751,78.76,-86.24,50000.0,50346.79,50750.22,0.6935800000000018,30.0,836.1699999999983,1.647618473378043,-1,9,10,6,2490,60,1185,2.4096385542168677
2026-01-25 19:04:29.407951,0.40034658333333334,54,26,28,48.148148148148145,215.53999999999974,1471.51,1255.97,56.59653846153846,44.85607142857143,3.9914814814814767,1.1716123792765751,78.76,-86.24,50000.0,50264.29,50750.22,0.5285800000000017,-52.5,836.1699999999983,1.647618473378043,-1,9,10,6,2492,60,1186,2.4077046548956664
2026-01-25 19:04:29.425078,0.4006320333333333,54,26,28,48.148148148148145,215.53999999999974,1471.51,1255.97,56.59653846153846,44.85607142857143,3.9914814814814767,1.1716123792765751,78.76,-86.24,50000.0,50249.29,50750.22,0.49858000000000174,-67.5,836.1699999999983,1.647618473378043,-1,9,10,6,2494,60,1187,2.405773857257418
2026-01-25 19:04:29.442554,0.4009233,54,26,28,48.148148148148145,215.53999999999974,1471.51,1255.97,56.59653846153846,44.85607142857143,3.9914814814814767,1.1716123792765751,78.76,-86.24,50000.0,50271.79,50750.22,0.5435800000000017,-45.0,836.1699999999983,1.647618473378043,-1,9,10,6,2496,60,1188,2.403846153846154
2026-01-25 19:04:29.459654,0.4012083,54,26,28,48.148148148148145,215.53999999999974,1471.51,1255.97,56.59653846153846,44.85607142857143,3.9914814814814767,1.1716123792765751,78.76,-86.24,50000.0,50219.29,50750.22,0.4385800000000018,-97.5,836.1699999999983,1.647618473378043,-1,9,10,6,2498,60,1189,2.401921537229784
2026-01-25 19:04:29.476964,0.40149680000000004,54,26,28,48.148148148148145,215.53999999999974,1471.51,1255.97,56.59653846153846,44.85607142857143,3.9914814814814767,1.1716123792765751,78.76,-86.24,50000.0,50264.29,50750.22,0.5285800000000017,-52.5,836.1699999999983,1.647618473378043,-1,9,10,6,2500,60,1190,2.4
2026-01-25 19:04:29.494267,0.40178516666666664,54,26,28,48.148148148148145,215.53999999999974,1471.51,1255.97,56.59653846153846,44.85607142857143,3.9914814814814767,1.1716123792765751,78.76,-86.24,50000.0,50286.79,50750.22,0.5735800000000018,-30.0,836.1699999999983,1.647618473378043,-1,9,10,6,2502,60,1191,2.3980815347721824
2026-01-25 19:04:29.511378,0.4020703666666667,54,26,28,48.148148148148145,215.53999999999974,1471.51,1255.97,56.59653846153846,44.85607142857143,3.9914814814814767,1.1716123792765751,78.76,-86.24,50000.0,50181.79,50750.22,0.36358000000000174,-135.0,836.1699999999983,1.647618473378043,-1,9,10,6,2504,60,1192,2.3961661341853033
2026-01-25 19:04:29.530621,0.40239108333333334,54,26,28,48.148148148148145,215.53999999999974,1471.51,1255.97,56.59653846153846,44.85607142857143,3.9914814814814767,1.1716123792765751,78.76,-86.24,50000.0,50189.29,50750.22,0.37858000000000175,-127.5,836.1699999999983,1.647618473378043,-1,9,10,6,2506,60,1193,2.3942537909018355
2026-01-25 19:04:29.550239,0.40271805,54,26,28,48.148148148148145,215.53999999999974,1471.51,1255.97,56.59653846153846,44.85607142857143,3.9914814814814767,1.1716123792765751,78.76,-86.24,50000.0,50226.79,50750.22,0.45358000000000176,-90.0,836.1699999999983,1.647618473378043,-1,9,10,7,2508,61,1193,2.4322169059011167
2026-01-25 19:04:29.570944,0.4030631333333333,54,26,28,48.148148148148145,215.53999999999974,1471.51,1255.97,56.59653846153846,44.85607142857143,3.9914814814814767,1.1716123792765751,78.76,-86.24,50000.0,50113.04,50750.22,0.22608000000000178,-203.75,836.1699999999983,1.647618473378043,-1,9,10,7,2510,61,1194,2.4302788844621515
2026-01-25 19:04:29.588068,0.4033485666666667,54,26,28,48.148148148148145,215.53999999999974,1471.51,1255.97,56.59653846153846,44.85607142857143,3.9914814814814767,1.1716123792765751,78.76,-86.24,50000.0,50209.29,50750.22,0.41858000000000173,-107.5,836.1699999999983,1.647618473378043,-1,9,10,7,2512,61,1195,2.428343949044586
2026-01-25 19:04:29.606279,0.4036520666666667,54,26,28,48.148148148148145,215.53999999999974,1471.51,1255.97,56.59653846153846,44.85607142857143,3.9914814814814767,1.1716123792765751,78.76,-86.24,50000.0,50165.54,50750.22,0.33108000000000176,-151.25,836.1699999999983,1.647618473378043,-1,9,10,7,2514,61,1196,2.426412092283214
2026-01-25 19:04:29.624745,0.40395983333333335,54,26,28,48.148148148148145,215.53999999999974,1471.51,1255.97,56.59653846153846,44.85607142857143,3.9914814814814767,1.1716123792765751,78.76,-86.24,50000.0,50130.54,50750.22,0.26108000000000176,-186.25,836.1699999999983,1.647618473378043,-1,9,10,7,2516,61,1197,2.424483306836248
2026-01-25 19:04:29.648079,0.4043487333333333,58,26,32,44.827586206896555,93.0799999999997,1471.51,1378.43,56.59653846153846,43.0759375,1.6048275862068915,1.0675260985323882,78.76,-86.24,50000.0,50038.08,50750.22,0.07616000000000349,-278.7099999999991,836.1699999999983,1.647618473378043,-5,9,10,3,2518,61,1198,2.4225575853852264
2026-01-25 19:04:29.667170,0.4046669,58,26,32,44.827586206896555,93.0799999999997,1471.51,1378.43,56.59653846153846,43.0759375,1.6048275862068915,1.0675260985323882,78.76,-86.24,50000.0,50041.83,50750.22,0.0836600000000035,-274.9599999999991,836.1699999999983,1.647618473378043,-5,9,10,4,2520,62,1198,2.4603174603174605
2026-01-25 19:04:29.684944,0.40496313333333334,59,26,33,44.06779661016949,55.5899999999997,1471.51,1415.92,56.59653846153846,42.906666666666666,0.9422033898305033,1.0392606926945025,78.76,-86.24,50000.0,49994.34,50750.22,-0.011320000000006984,-322.45000000000437,836.1699999999983,1.647618473378043,-6,9,10,3,2522,62,1199,2.4583663758921492
2026-01-25 19:04:29.702206,0.40525083333333334,59,26,33,44.06779661016949,55.5899999999997,1471.51,1415.92,56.59653846153846,42.906666666666666,0.9422033898305033,1.0392606926945025,78.76,-86.24,50000.0,49983.09,50750.22,-0.03382000000000698,-333.70000000000437,836.1699999999983,1.647618473378043,-6,9,10,3,2524,62,1200,2.456418383518225
2026-01-25 19:04:29.719931,0.40554625000000005,62,26,36,41.935483870967744,-60.63000000000031,1471.51,1532.14,56.59653846153846,42.559444444444445,-0.9779032258064566,0.9604278982338428,78.76,-86.24,50000.0,49939.37,50750.22,-0.12125999999999476,-377.41999999999825,836.1699999999983,1.647618473378043,-9,9,10,0,2526,62,1201,2.454473475851148
2026-01-25 19:04:29.736593,0.40582396666666665,62,26,36,41.935483870967744,-60.63000000000031,1471.51,1532.14,56.59653846153846,42.559444444444445,-0.9779032258064566,0.9604278982338428,78.76,-86.24,50000.0,49939.37,50750.22,-0.12125999999999476,-377.41999999999825,836.1699999999983,1.647618473378043,-9,9,10,0,2528,62,1202,2.45253164556962
2026-01-25 19:04:29.753608,0.4061075333333333,62,26,36,41.935483870967744,-60.63000000000031,1471.51,1532.14,56.59653846153846,42.559444444444445,-0.9779032258064566,0.9604278982338428,78.76,-86.24,50000.0,49939.37,50750.22,-0.12125999999999476,-377.41999999999825,836.1699999999983,1.647618473378043,-9,9,10,0,2530,62,1203,2.450592885375494
2026-01-25 19:04:29.770328,0.40638621666666663,62,26,36,41.935483870967744,-60.63000000000031,1471.51,1532.14,56.59653846153846,42.559444444444445,-0.9779032258064566,0.9604278982338428,78.76,-86.24,50000.0,49939.37,50750.22,-0.12125999999999476,-377.41999999999825,836.1699999999983,1.647618473378043,-9,9,10,0,2532,62,1204,2.448657187993681
2026-01-25 19:04:29.790993,0.40673061666666666,62,26,36,41.935483870967744,-60.63000000000031,1471.51,1532.14,56.59653846153846,42.559444444444445,-0.9779032258064566,0.9604278982338428,78.76,-86.24,50000.0,49939.37,50750.22,-0.12125999999999476,-377.41999999999825,836.1699999999983,1.647618473378043,-9,9,10,0,2534,62,1205,2.44672454617206
2026-01-25 19:04:29.808478,0.40702205,62,26,36,41.935483870967744,-60.63000000000031,1471.51,1532.14,56.59653846153846,42.559444444444445,-0.9779032258064566,0.9604278982338428,78.76,-86.24,50000.0,49939.37,50750.22,-0.12125999999999476,-377.41999999999825,836.1699999999983,1.647618473378043,-9,9,10,0,2536,62,1206,2.444794952681388
2026-01-25 19:04:29.826137,0.40731635,62,26,36,41.935483870967744,-60.63000000000031,1471.51,1532.14,56.59653846153846,42.559444444444445,-0.9779032258064566,0.9604278982338428,78.76,-86.24,50000.0,49939.37,50750.22,-0.12125999999999476,-377.41999999999825,836.1699999999983,1.647618473378043,-9,9,10,0,2538,62,1207,2.442868400315209
2026-01-25 19:04:29.843770,0.4076102333333333,62,26,36,41.935483870967744,-60.63000000000031,1471.51,1532.14,56.59653846153846,42.559444444444445,-0.9779032258064566,0.9604278982338428,78.76,-86.24,50000.0,49939.37,50750.22,-0.12125999999999476,-377.41999999999825,836.1699999999983,1.647618473378043,-9,9,10,0,2540,62,1208,2.440944881889764
2026-01-25 19:04:29.861049,0.40789821666666665,62,26,36,41.935483870967744,-60.63000000000031,1471.51,1532.14,56.59653846153846,42.559444444444445,-0.9779032258064566,0.9604278982338428,78.76,-86.24,50000.0,49939.37,50750.22,-0.12125999999999476,-377.41999999999825,836.1699999999983,1.647618473378043,-9,9,10,0,2542,62,1209,2.4390243902439024
2026-01-25 19:04:29.878163,0.40818345,62,26,36,41.935483870967744,-60.63000000000031,1471.51,1532.14,56.59653846153846,42.559444444444445,-0.9779032258064566,0.9604278982338428,78.76,-86.24,50000.0,49939.37,50750.22,-0.12125999999999476,-377.41999999999825,836.1699999999983,1.647618473378043,-9,9,10,0,2544,62,1210,2.4371069182389937
2026-01-25 19:04:29.896946,0.40849653333333336,62,26,36,41.935483870967744,-60.63000000000031,1471.51,1532.14,56.59653846153846,42.559444444444445,-0.9779032258064566,0.9604278982338428,78.76,-86.24,50000.0,49939.37,50750.22,-0.12125999999999476,-377.41999999999825,836.1699999999983,1.647618473378043,-9,9,10,0,2546,62,1211,2.4351924587588374
2026-01-25 19:04:29.915202,0.40880076666666665,62,26,36,41.935483870967744,-60.63000000000031,1471.51,1532.14,56.59653846153846,42.559444444444445,-0.9779032258064566,0.9604278982338428,78.76,-86.24,50000.0,49939.37,50750.22,-0.12125999999999476,-377.41999999999825,836.1699999999983,1.647618473378043,-9,9,10,0,2548,62,1212,2.4332810047095763
2026-01-25 19:04:29.932333,0.4090862833333333,62,26,36,41.935483870967744,-60.63000000000031,1471.51,1532.14,56.59653846153846,42.559444444444445,-0.9779032258064566,0.9604278982338428,78.76,-86.24,50000.0,49939.37,50750.22,-0.12125999999999476,-377.41999999999825,836.1699999999983,1.647618473378043,-9,9,10,0,2550,62,1213,2.431372549019608
2026-01-25 19:04:29.949585,0.4093738333333333,62,26,36,41.935483870967744,-60.63000000000031,1471.51,1532.14,56.59653846153846,42.559444444444445,-0.9779032258064566,0.9604278982338428,78.76,-86.24,50000.0,49939.37,50750.22,-0.12125999999999476,-377.41999999999825,836.1699999999983,1.647618473378043,-9,9,10,0,2552,62,1214,2.4294670846394983
2026-01-25 19:04:29.967130,0.40966623333333335,62,26,36,41.935483870967744,-60.63000000000031,1471.51,1532.14,56.59653846153846,42.559444444444445,-0.9779032258064566,0.9604278982338428,78.76,-86.24,50000.0,49939.37,50750.22,-0.12125999999999476,-377.41999999999825,836.1699999999983,1.647618473378043,-9,9,10,0,2554,62,1215,2.427564604541895
2026-01-25 19:04:29.984349,0.4099532166666667,62,26,36,41.935483870967744,-60.63000000000031,1471.51,1532.14,56.59653846153846,42.559444444444445,-0.9779032258064566,0.9604278982338428,78.76,-86.24,50000.0,49939.37,50750.22,-0.12125999999999476,-377.41999999999825,836.1699999999983,1.647618473378043,-9,9,10,0,2556,62,1216,2.4256651017214397
2026-01-25 19:04:30.000957,0.41023003333333335,62,26,36,41.935483870967744,-60.63000000000031,1471.51,1532.14,56.59653846153846,42.559444444444445,-0.9779032258064566,0.9604278982338428,78.76,-86.24,50000.0,49939.37,50750.22,-0.12125999999999476,-377.41999999999825,836.1699999999983,1.647618473378043,-9,9,10,0,2558,62,1217,2.4237685691946833
2026-01-25 19:04:30.018266,0.4105185,62,26,36,41.935483870967744,-60.63000000000031,1471.51,1532.14,56.59653846153846,42.559444444444445,-0.9779032258064566,0.9604278982338428,78.76,-86.24,50000.0,49939.37,50750.22,-0.12125999999999476,-377.41999999999825,836.1699999999983,1.647618473378043,-9,9,10,0,2560,62,1218,2.421875
2026-01-25 19:04:30.035453,0.41080495,62,26,36,41.935483870967744,-60.63000000000031,1471.51,1532.14,56.59653846153846,42.559444444444445,-0.9779032258064566,0.9604278982338428,78.76,-86.24,50000.0,49939.37,50750.22,-0.12125999999999476,-377.41999999999825,836.1699999999983,1.647618473378043,-9,9,10,0,2562,62,1219,2.419984387197502
2026-01-25 19:04:30.051881,0.41107875,62,26,36,41.935483870967744,-60.63000000000031,1471.51,1532.14,56.59653846153846,42.559444444444445,-0.9779032258064566,0.9604278982338428,78.76,-86.24,50000.0,49939.37,50750.22,-0.12125999999999476,-377.41999999999825,836.1699999999983,1.647618473378043,-9,9,10,0,2564,62,1220,2.418096723868955
2026-01-25 19:04:30.068995,0.411364,62,26,36,41.935483870967744,-60.63000000000031,1471.51,1532.14,56.59653846153846,42.559444444444445,-0.9779032258064566,0.9604278982338428,78.76,-86.24,50000.0,49939.37,50750.22,-0.12125999999999476,-377.41999999999825,836.1699999999983,1.647618473378043,-9,9,10,0,2566,62,1221,2.4162120031176926
2026-01-25 19:04:30.088542,0.41168978333333334,62,26,36,41.935483870967744,-60.63000000000031,1471.51,1532.14,56.59653846153846,42.559444444444445,-0.9779032258064566,0.9604278982338428,78.76,-86.24,50000.0,49939.37,50750.22,-0.12125999999999476,-377.41999999999825,836.1699999999983,1.647618473378043,-9,9,10,0,2568,62,1222,2.4143302180685358
2026-01-25 19:04:30.108565,0.4120235,62,26,36,41.935483870967744,-60.63000000000031,1471.51,1532.14,56.59653846153846,42.559444444444445,-0.9779032258064566,0.9604278982338428,78.76,-86.24,50000.0,49939.37,50750.22,-0.12125999999999476,-377.41999999999825,836.1699999999983,1.647618473378043,-9,9,10,0,2570,62,1223,2.4124513618677046
2026-01-25 19:04:30.149730,0.41270961666666667,62,26,36,41.935483870967744,-60.63000000000031,1471.51,1532.14,56.59653846153846,42.559444444444445,-0.9779032258064566,0.9604278982338428,78.76,-86.24,50000.0,49939.37,50750.22,-0.12125999999999476,-377.41999999999825,836.1699999999983,1.647618473378043,-9,9,10,0,2572,62,1224,2.410575427682737
2026-01-25 19:04:30.226385,0.4139872,62,26,36,41.935483870967744,-60.63000000000031,1471.51,1532.14,56.59653846153846,42.559444444444445,-0.9779032258064566,0.9604278982338428,78.76,-86.24,50000.0,49939.37,50750.22,-0.12125999999999476,-377.41999999999825,836.1699999999983,1.647618473378043,-9,9,10,0,2574,62,1225,2.4087024087024087
2026-01-25 19:04:30.277536,0.4148396833333334,62,26,36,41.935483870967744,-60.63000000000031,1471.51,1532.14,56.59653846153846,42.559444444444445,-0.9779032258064566,0.9604278982338428,78.76,-86.24,50000.0,49939.37,50750.22,-0.12125999999999476,-377.41999999999825,836.1699999999983,1.647618473378043,-9,9,10,0,2576,62,1226,2.406832298136646
2026-01-25 19:04:30.315639,0.41547474999999995,62,26,36,41.935483870967744,-60.63000000000031,1471.51,1532.14,56.59653846153846,42.559444444444445,-0.9779032258064566,0.9604278982338428,78.76,-86.24,50000.0,49939.37,50750.22,-0.12125999999999476,-377.41999999999825,836.1699999999983,1.647618473378043,-9,9,10,0,2578,62,1227,2.404965089216447
2026-01-25 19:04:30.335396,0.41580399999999995,62,26,36,41.935483870967744,-60.63000000000031,1471.51,1532.14,56.59653846153846,42.559444444444445,-0.9779032258064566,0.9604278982338428,78.76,-86.24,50000.0,49939.37,50750.22,-0.12125999999999476,-377.41999999999825,836.1699999999983,1.647618473378043,-9,9,10,0,2580,62,1228,2.4031007751937983
2026-01-25 19:04:30.352962,0.4160967833333334,62,26,36,41.935483870967744,-60.63000000000031,1471.51,1532.14,56.59653846153846,42.559444444444445,-0.9779032258064566,0.9604278982338428,78.76,-86.24,50000.0,49939.37,50750.22,-0.12125999999999476,-377.41999999999825,836.1699999999983,1.647618473378043,-9,9,10,0,2582,62,1229,2.4012393493415956
2026-01-25 19:04:30.371127,0.41639956666666667,62,26,36,41.935483870967744,-60.63000000000031,1471.51,1532.14,56.59653846153846,42.559444444444445,-0.9779032258064566,0.9604278982338428,78.76,-86.24,50000.0,49939.37,50750.22,-0.12125999999999476,-377.41999999999825,836.1699999999983,1.647618473378043,-9,9,10,0,2584,62,1230,2.3993808049535605
2026-01-25 19:04:30.389572,0.41670695,62,26,36,41.935483870967744,-60.63000000000031,1471.51,1532.14,56.59653846153846,42.559444444444445,-0.9779032258064566,0.9604278982338428,78.76,-86.24,50000.0,49939.37,50750.22,-0.12125999999999476,-377.41999999999825,836.1699999999983,1.647618473378043,-9,9,10,0,2586,62,1231,2.3975251353441607
2026-01-25 19:04:30.408433,0.4170212833333334,62,26,36,41.935483870967744,-60.63000000000031,1471.51,1532.14,56.59653846153846,42.559444444444445,-0.9779032258064566,0.9604278982338428,78.76,-86.24,50000.0,49939.37,50750.22,-0.12125999999999476,-377.41999999999825,836.1699999999983,1.647618473378043,-9,9,10,0,2588,62,1232,2.3956723338485317
2026-01-25 19:04:30.426386,0.4173205166666667,62,26,36,41.935483870967744,-60.63000000000031,1471.51,1532.14,56.59653846153846,42.559444444444445,-0.9779032258064566,0.9604278982338428,78.76,-86.24,50000.0,49939.37,50750.22,-0.12125999999999476,-377.41999999999825,836.1699999999983,1.647618473378043,-9,9,10,0,2590,62,1233,2.393822393822394
2026-01-25 19:04:30.443814,0.41761098333333335,62,26,36,41.935483870967744,-60.63000000000031,1471.51,1532.14,56.59653846153846,42.559444444444445,-0.9779032258064566,0.9604278982338428,78.76,-86.24,50000.0,49939.37,50750.22,-0.12125999999999476,-377.41999999999825,836.1699999999983,1.647618473378043,-9,9,10,0,2592,62,1234,2.391975308641975
2026-01-25 19:04:30.462009,0.41791421666666667,62,26,36,41.935483870967744,-60.63000000000031,1471.51,1532.14,56.59653846153846,42.559444444444445,-0.9779032258064566,0.9604278982338428,78.76,-86.24,50000.0,49939.37,50750.22,-0.12125999999999476,-377.41999999999825,836.1699999999983,1.647618473378043,-9,9,10,0,2594,62,1235,2.3901310717039324
2026-01-25 19:04:30.479470,0.4182052333333333,62,26,36,41.935483870967744,-60.63000000000031,1471.51,1532.14,56.59653846153846,42.559444444444445,-0.9779032258064566,0.9604278982338428,78.76,-86.24,50000.0,49939.37,50750.22,-0.12125999999999476,-377.41999999999825,836.1699999999983,1.647618473378043,-9,9,10,0,2596,62,1236,2.3882896764252695
2026-01-25 19:04:30.496818,0.4184943666666667,62,26,36,41.935483870967744,-60.63000000000031,1471.51,1532.14,56.59653846153846,42.559444444444445,-0.9779032258064566,0.9604278982338428,78.76,-86.24,50000.0,49939.37,50750.22,-0.12125999999999476,-377.41999999999825,836.1699999999983,1.647618473378043,-9,9,10,0,2598,62,1237,2.386451116243264
2026-01-25 19:04:30.514242,0.41878476666666664,62,26,36,41.935483870967744,-60.63000000000031,1471.51,1532.14,56.59653846153846,42.559444444444445,-0.9779032258064566,0.9604278982338428,78.76,-86.24,50000.0,49939.37,50750.22,-0.12125999999999476,-377.41999999999825,836.1699999999983,1.647618473378043,-9,9,10,0,2600,62,1238,2.3846153846153846
2026-01-25 19:04:30.531799,0.4190774,62,26,36,41.935483870967744,-60.63000000000031,1471.51,1532.14,56.59653846153846,42.559444444444445,-0.9779032258064566,0.9604278982338428,78.76,-86.24,50000.0,49939.37,50750.22,-0.12125999999999476,-377.41999999999825,836.1699999999983,1.647618473378043,-9,9,10,0,2602,62,1239,2.382782475019216
2026-01-25 19:04:30.549099,0.4193657333333333,62,26,36,41.935483870967744,-60.63000000000031,1471.51,1532.14,56.59653846153846,42.559444444444445,-0.9779032258064566,0.9604278982338428,78.76,-86.24,50000.0,49939.37,50750.22,-0.12125999999999476,-377.41999999999825,836.1699999999983,1.647618473378043,-9,9,10,0,2604,62,1240,2.380952380952381
2026-01-25 19:04:30.566394,0.4196539666666667,62,26,36,41.935483870967744,-60.63000000000031,1471.51,1532.14,56.59653846153846,42.559444444444445,-0.9779032258064566,0.9604278982338428,78.76,-86.24,50000.0,49939.37,50750.22,-0.12125999999999476,-377.41999999999825,836.1699999999983,1.647618473378043,-9,9,10,0,2606,62,1241,2.379125095932464
2026-01-25 19:04:30.584465,0.41995515,62,26,36,41.935483870967744,-60.63000000000031,1471.51,1532.14,56.59653846153846,42.559444444444445,-0.9779032258064566,0.9604278982338428,78.76,-86.24,50000.0,49939.37,50750.22,-0.12125999999999476,-377.41999999999825,836.1699999999983,1.647618473378043,-9,9,10,0,2608,62,1242,2.377300613496933
2026-01-25 19:04:30.601860,0.42024506666666667,62,26,36,41.935483870967744,-60.63000000000031,1471.51,1532.14,56.59653846153846,42.559444444444445,-0.9779032258064566,0.9604278982338428,78.76,-86.24,50000.0,49939.37,50750.22,-0.12125999999999476,-377.41999999999825,836.1699999999983,1.647618473378043,-9,9,10,0,2610,62,1243,2.375478927203065
2026-01-25 19:04:30.619417,0.42053768333333336,62,26,36,41.935483870967744,-60.63000000000031,1471.51,1532.14,56.59653846153846,42.559444444444445,-0.9779032258064566,0.9604278982338428,78.76,-86.24,50000.0,49939.37,50750.22,-0.12125999999999476,-377.41999999999825,836.1699999999983,1.647618473378043,-9,9,10,0,2612,62,1244,2.3736600306278715
2026-01-25 19:04:30.637065,0.42083181666666664,62,26,36,41.935483870967744,-60.63000000000031,1471.51,1532.14,56.59653846153846,42.559444444444445,-0.9779032258064566,0.9604278982338428,78.76,-86.24,50000.0,49939.37,50750.22,-0.12125999999999476,-377.41999999999825,836.1699999999983,1.647618473378043,-9,9,10,0,2614,62,1245,2.371843917368018
2026-01-25 19:04:30.654562,0.42112343333333335,62,26,36,41.935483870967744,-60.63000000000031,1471.51,1532.14,56.59653846153846,42.559444444444445,-0.9779032258064566,0.9604278982338428,78.76,-86.24,50000.0,49939.37,50750.22,-0.12125999999999476,-377.41999999999825,836.1699999999983,1.647618473378043,-9,9,10,0,2616,62,1246,2.3700305810397553
2026-01-25 19:04:30.671849,0.42141155,62,26,36,41.935483870967744,-60.63000000000031,1471.51,1532.14,56.59653846153846,42.559444444444445,-0.9779032258064566,0.9604278982338428,78.76,-86.24,50000.0,49939.37,50750.22,-0.12125999999999476,-377.41999999999825,836.1699999999983,1.647618473378043,-9,9,10,0,2618,62,1247,2.3682200152788386
2026-01-25 19:04:30.689106,0.4216991666666667,62,26,36,41.935483870967744,-60.63000000000031,1471.51,1532.14,56.59653846153846,42.559444444444445,-0.9779032258064566,0.9604278982338428,78.76,-86.24,50000.0,49939.37,50750.22,-0.12125999999999476,-377.41999999999825,836.1699999999983,1.647618473378043,-9,9,10,0,2620,62,1248,2.366412213740458
2026-01-25 19:04:30.706967,0.42199685000000003,62,26,36,41.935483870967744,-60.63000000000031,1471.51,1532.14,56.59653846153846,42.559444444444445,-0.9779032258064566,0.9604278982338428,78.76,-86.24,50000.0,49939.37,50750.22,-0.12125999999999476,-377.41999999999825,836.1699999999983,1.647618473378043,-9,9,10,0,2622,62,1249,2.364607170099161
2026-01-25 19:04:30.724461,0.42228841666666667,62,26,36,41.935483870967744,-60.63000000000031,1471.51,1532.14,56.59653846153846,42.559444444444445,-0.9779032258064566,0.9604278982338428,78.76,-86.24,50000.0,49939.37,50750.22,-0.12125999999999476,-377.41999999999825,836.1699999999983,1.647618473378043,-9,9,10,0,2624,62,1250,2.3628048780487805
2026-01-25 19:04:30.742216,0.42258435,62,26,36,41.935483870967744,-60.63000000000031,1471.51,1532.14,56.59653846153846,42.559444444444445,-0.9779032258064566,0.9604278982338428,78.76,-86.24,50000.0,49939.37,50750.22,-0.12125999999999476,-377.41999999999825,836.1699999999983,1.647618473378043,-9,9,10,0,2626,62,1251,2.361005331302361
2026-01-25 19:04:30.759688,0.42287553333333333,62,26,36,41.935483870967744,-60.63000000000031,1471.51,1532.14,56.59653846153846,42.559444444444445,-0.9779032258064566,0.9604278982338428,78.76,-86.24,50000.0,49939.37,50750.22,-0.12125999999999476,-377.41999999999825,836.1699999999983,1.647618473378043,-9,9,10,0,2628,62,1252,2.359208523592085
2026-01-25 19:04:30.777579,0.42317371666666664,62,26,36,41.935483870967744,-60.63000000000031,1471.51,1532.14,56.59653846153846,42.559444444444445,-0.9779032258064566,0.9604278982338428,78.76,-86.24,50000.0,49939.37,50750.22,-0.12125999999999476,-377.41999999999825,836.1699999999983,1.647618473378043,-9,9,10,0,2630,62,1253,2.3574144486692017
2026-01-25 19:04:30.794976,0.4234636666666667,62,26,36,41.935483870967744,-60.63000000000031,1471.51,1532.14,56.59653846153846,42.559444444444445,-0.9779032258064566,0.9604278982338428,78.76,-86.24,50000.0,49939.37,50750.22,-0.12125999999999476,-377.41999999999825,836.1699999999983,1.647618473378043,-9,9,10,0,2632,62,1254,2.3556231003039514
2026-01-25 19:04:30.812253,0.4237516333333333,62,26,36,41.935483870967744,-60.63000000000031,1471.51,1532.14,56.59653846153846,42.559444444444445,-0.9779032258064566,0.9604278982338428,78.76,-86.24,50000.0,49939.37,50750.22,-0.12125999999999476,-377.41999999999825,836.1699999999983,1.647618473378043,-9,9,10,0,2634,62,1255,2.3538344722854974
2026-01-25 19:04:30.829571,0.42404025,62,26,36,41.935483870967744,-60.63000000000031,1471.51,1532.14,56.59653846153846,42.559444444444445,-0.9779032258064566,0.9604278982338428,78.76,-86.24,50000.0,49939.37,50750.22,-0.12125999999999476,-377.41999999999825,836.1699999999983,1.647618473378043,-9,9,10,0,2636,62,1256,2.3520485584218513
2026-01-25 19:04:30.847331,0.4243362666666667,62,26,36,41.935483870967744,-60.63000000000031,1471.51,1532.14,56.59653846153846,42.559444444444445,-0.9779032258064566,0.9604278982338428,78.76,-86.24,50000.0,49939.37,50750.22,-0.12125999999999476,-377.41999999999825,836.1699999999983,1.647618473378043,-9,9,10,0,2638,62,1257,2.350265352539803
2026-01-25 19:04:30.864499,0.42462239999999996,62,26,36,41.935483870967744,-60.63000000000031,1471.51,1532.14,56.59653846153846,42.559444444444445,-0.9779032258064566,0.9604278982338428,78.76,-86.24,50000.0,49939.37,50750.22,-0.12125999999999476,-377.41999999999825,836.1699999999983,1.647618473378043,-9,9,10,0,2640,62,1258,2.348484848484848
2026-01-25 19:04:30.881698,0.4249090333333333,62,26,36,41.935483870967744,-60.63000000000031,1471.51,1532.14,56.59653846153846,42.559444444444445,-0.9779032258064566,0.9604278982338428,78.76,-86.24,50000.0,49939.37,50750.22,-0.12125999999999476,0.0,836.1699999999983,1.647618473378043,-9,9,10,0,2642,62,1259,2.34670704012112
2026-01-25 19:04:30.899469,0.42520521666666666,62,26,36,41.935483870967744,-60.63000000000031,1471.51,1532.14,56.59653846153846,42.559444444444445,-0.9779032258064566,0.9604278982338428,78.76,-86.24,50000.0,49939.37,50750.22,-0.12125999999999476,0.0,836.1699999999983,1.647618473378043,-9,9,10,0,2644,62,1260,2.344931921331316
2026-01-25 19:04:30.917878,0.4255120333333334,62,26,36,41.935483870967744,-60.63000000000031,1471.51,1532.14,56.59653846153846,42.559444444444445,-0.9779032258064566,0.9604278982338428,78.76,-86.24,50000.0,49939.37,50750.22,-0.12125999999999476,0.0,836.1699999999983,1.647618473378043,-9,9,10,0,2646,62,1261,2.3431594860166287
2026-01-25 19:04:30.935183,0.42580045,62,26,36,41.935483870967744,-60.63000000000031,1471.51,1532.14,56.59653846153846,42.559444444444445,-0.9779032258064566,0.9604278982338428,78.76,-86.24,50000.0,49939.37,50750.22,-0.12125999999999476,0.0,836.1699999999983,1.647618473378043,-9,9,10,1,2648,63,1261,2.379154078549849
2026-01-25 19:04:30.952621,0.42609108333333334,62,26,36,41.935483870967744,-60.63000000000031,1471.51,1532.14,56.59653846153846,42.559444444444445,-0.9779032258064566,0.9604278982338428,78.76,-86.24,50000.0,49943.12,50750.22,-0.11375999999999477,3.75,836.1699999999983,1.647618473378043,-9,9,10,1,2650,63,1262,2.3773584905660377
2026-01-25 19:04:30.969681,0.4263754166666667,62,26,36,41.935483870967744,-60.63000000000031,1471.51,1532.14,56.59653846153846,42.559444444444445,-0.9779032258064566,0.9604278982338428,78.76,-86.24,50000.0,49946.87,50750.22,-0.10625999999999476,7.5,836.1699999999983,1.647618473378043,-9,9,10,1,2652,63,1263,2.3755656108597285
2026-01-25 19:04:30.987147,0.42666651666666666,62,26,36,41.935483870967744,-60.63000000000031,1471.51,1532.14,56.59653846153846,42.559444444444445,-0.9779032258064566,0.9604278982338428,78.76,-86.24,50000.0,49964.37,50750.22,-0.07125999999999476,25.0,836.1699999999983,1.647618473378043,-9,9,10,2,2654,64,1263,2.4114544084400906
2026-01-25 19:04:31.004398,0.42695403333333337,62,26,36,41.935483870967744,-60.63000000000031,1471.51,1532.14,56.59653846153846,42.559444444444445,-0.9779032258064566,0.9604278982338428,78.76,-86.24,50000.0,49924.37,50750.22,-0.15125999999999476,-15.0,836.1699999999983,1.647618473378043,-9,9,10,2,2656,64,1264,2.4096385542168677
2026-01-25 19:04:31.021555,0.4272399833333333,62,26,36,41.935483870967744,-60.63000000000031,1471.51,1532.14,56.59653846153846,42.559444444444445,-0.9779032258064566,0.9604278982338428,78.76,-86.24,50000.0,49921.87,50750.22,-0.15625999999999476,-17.5,836.1699999999983,1.647618473378043,-9,9,10,2,2658,64,1265,2.407825432656132
2026-01-25 19:04:31.038649,0.4275248833333333,62,26,36,41.935483870967744,-60.63000000000031,1471.51,1532.14,56.59653846153846,42.559444444444445,-0.9779032258064566,0.9604278982338428,78.76,-86.24,50000.0,49936.87,50750.22,-0.12625999999999477,-2.5,836.1699999999983,1.647618473378043,-9,9,10,2,2660,64,1266,2.4060150375939853
2026-01-25 19:04:31.055906,0.4278125,62,26,36,41.935483870967744,-60.63000000000031,1471.51,1532.14,56.59653846153846,42.559444444444445,-0.9779032258064566,0.9604278982338428,78.76,-86.24,50000.0,49966.87,50750.22,-0.06625999999999475,27.5,836.1699999999983,1.647618473378043,-9,9,10,2,2662,64,1267,2.404207362885049
2026-01-25 19:04:31.073102,0.4280991,62,26,36,41.935483870967744,-60.63000000000031,1471.51,1532.14,56.59653846153846,42.559444444444445,-0.9779032258064566,0.9604278982338428,78.76,-86.24,50000.0,49956.87,50750.22,-0.08625999999999476,17.5,836.1699999999983,1.647618473378043,-9,9,10,2,2664,64,1268,2.4024024024024024
2026-01-25 19:04:31.089912,0.4283792666666667,62,26,36,41.935483870967744,-60.63000000000031,1471.51,1532.14,56.59653846153846,42.559444444444445,-0.9779032258064566,0.9604278982338428,78.76,-86.24,50000.0,49966.87,50750.22,-0.06625999999999475,27.5,836.1699999999983,1.647618473378043,-9,9,10,2,2666,64,1269,2.4006001500375094
2026-01-25 19:04:31.107444,0.42867146666666667,62,26,36,41.935483870967744,-60.63000000000031,1471.51,1532.14,56.59653846153846,42.559444444444445,-0.9779032258064566,0.9604278982338428,78.76,-86.24,50000.0,49944.37,50750.22,-0.11125999999999475,5.0,836.1699999999983,1.647618473378043,-9,9,10,2,2668,64,1270,2.39880059970015
2026-01-25 19:04:31.124497,0.42895568333333334,62,26,36,41.935483870967744,-60.63000000000031,1471.51,1532.14,56.59653846153846,42.559444444444445,-0.9779032258064566,0.9604278982338428,78.76,-86.24,50000.0,49926.87,50750.22,-0.14625999999999476,-12.5,836.1699999999983,1.647618473378043,-9,9,10,2,2670,64,1271,2.397003745318352
2026-01-25 19:04:31.141397,0.4292373666666667,63,26,37,41.269841269841265,-96.87000000000032,1471.51,1568.38,56.59653846153846,42.388648648648655,-1.5376190476190525,0.938235631670896,78.76,-86.24,50000.0,49911.88,50750.22,-0.17624000000000523,-27.49000000000524,838.3400000000038,1.651894316911343,-10,9,10,1,2672,64,1272,2.3952095808383236
2026-01-25 19:04:31.159063,0.4295318,63,26,37,41.269841269841265,-96.87000000000032,1471.51,1568.38,56.59653846153846,42.388648648648655,-1.5376190476190525,0.938235631670896,78.76,-86.24,50000.0,49925.63,50750.22,-0.14874000000000523,-13.740000000005239,838.3400000000038,1.651894316911343,-10,9,10,1,2674,64,1273,2.393418100224383
2026-01-25 19:04:31.176653,0.42982495000000004,63,26,37,41.269841269841265,-96.87000000000032,1471.51,1568.38,56.59653846153846,42.388648648648655,-1.5376190476190525,0.938235631670896,78.76,-86.24,50000.0,49919.38,50750.22,-0.16124000000000524,-19.99000000000524,838.3400000000038,1.651894316911343,-10,9,10,1,2676,64,1274,2.391629297458894
2026-01-25 19:04:31.193604,0.43010746666666666,63,26,37,41.269841269841265,-96.87000000000032,1471.51,1568.38,56.59653846153846,42.388648648648655,-1.5376190476190525,0.938235631670896,78.76,-86.24,50000.0,49921.88,50750.22,-0.15624000000000524,-17.49000000000524,838.3400000000038,1.651894316911343,-10,9,10,1,2678,64,1275,2.389843166542196
2026-01-25 19:04:31.211948,0.4304132,63,26,37,41.269841269841265,-96.87000000000032,1471.51,1568.38,56.59653846153846,42.388648648648655,-1.5376190476190525,0.938235631670896,78.76,-86.24,50000.0,49913.13,50750.22,-0.17374000000000522,-26.24000000000524,838.3400000000038,1.651894316911343,-10,9,10,1,2680,64,1276,2.3880597014925375
2026-01-25 19:04:31.229184,0.43070046666666667,63,26,37,41.269841269841265,-96.87000000000032,1471.51,1568.38,56.59653846153846,42.388648648648655,-1.5376190476190525,0.938235631670896,78.76,-86.24,50000.0,49909.38,50750.22,-0.18124000000000523,-29.99000000000524,840.8400000000038,1.656820403931261,-10,9,10,1,2682,64,1277,2.38627889634601
2026-01-25 19:04:31.246552,0.43098991666666664,63,26,37,41.269841269841265,-96.87000000000032,1471.51,1568.38,56.59653846153846,42.388648648648655,-1.5376190476190525,0.938235631670896,78.76,-86.24,50000.0,49910.63,50750.22,-0.17874000000000526,-28.74000000000524,840.8400000000038,1.656820403931261,-10,9,10,1,2684,64,1278,2.384500745156483
2026-01-25 19:04:31.263860,0.4312784,63,26,37,41.269841269841265,-96.87000000000032,1471.51,1568.38,56.59653846153846,42.388648648648655,-1.5376190476190525,0.938235631670896,78.76,-86.24,50000.0,49900.63,50750.22,-0.19874000000000525,-38.74000000000524,849.5900000000038,1.6740617085009755,-10,9,10,1,2686,64,1279,2.3827252419955323
2026-01-25 19:04:31.281348,0.4315698666666667,63,26,37,41.269841269841265,-96.87000000000032,1471.51,1568.38,56.59653846153846,42.388648648648655,-1.5376190476190525,0.938235631670896,78.76,-86.24,50000.0,49911.88,50750.22,-0.17624000000000523,-27.49000000000524,849.5900000000038,1.6740617085009755,-10,9,10,1,2688,64,1280,2.380952380952381
2026-01-25 19:04:31.298098,0.43184905,63,26,37,41.269841269841265,-96.87000000000032,1471.51,1568.38,56.59653846153846,42.388648648648655,-1.5376190476190525,0.938235631670896,78.76,-86.24,50000.0,49905.63,50750.22,-0.18874000000000524,-33.74000000000524,849.5900000000038,1.6740617085009755,-10,9,10,1,2690,64,1281,2.379182156133829
2026-01-25 19:04:31.315609,0.43214088333333334,63,26,37,41.269841269841265,-96.87000000000032,1471.51,1568.38,56.59653846153846,42.388648648648655,-1.5376190476190525,0.938235631670896,78.76,-86.24,50000.0,49900.63,50750.22,-0.19874000000000525,-38.74000000000524,849.5900000000038,1.6740617085009755,-10,9,10,1,2692,64,1282,2.37741456166419
2026-01-25 19:04:31.332536,0.43242301666666666,63,26,37,41.269841269841265,-96.87000000000032,1471.51,1568.38,56.59653846153846,42.388648648648655,-1.5376190476190525,0.938235631670896,78.76,-86.24,50000.0,49899.38,50750.22,-0.20124000000000525,-39.99000000000524,850.8400000000038,1.6765247520109345,-10,9,10,1,2694,64,1283,2.3756495916852263
2026-01-25 19:04:31.350853,0.43272828333333335,63,26,37,41.269841269841265,-96.87000000000032,1471.51,1568.38,56.59653846153846,42.388648648648655,-1.5376190476190525,0.938235631670896,78.76,-86.24,50000.0,49896.88,50750.22,-0.20624000000000522,-42.49000000000524,853.3400000000038,1.6814508390308531,-10,9,10,2,2696,65,1283,2.4109792284866467
2026-01-25 19:04:31.368260,0.43301839999999997,63,26,37,41.269841269841265,-96.87000000000032,1471.51,1568.38,56.59653846153846,42.388648648648655,-1.5376190476190525,0.938235631670896,78.76,-86.24,50000.0,49916.88,50750.22,-0.16624000000000524,-22.49000000000524,853.3400000000038,1.6814508390308531,-10,9,10,2,2698,65,1284,2.409191994069681
2026-01-25 19:04:31.385651,0.43330824999999995,63,26,37,41.269841269841265,-96.87000000000032,1471.51,1568.38,56.59653846153846,42.388648648648655,-1.5376190476190525,0.938235631670896,78.76,-86.24,50000.0,49921.88,50750.22,-0.15624000000000524,-17.49000000000524,853.3400000000038,1.6814508390308531,-10,9,10,2,2700,65,1285,2.4074074074074074
2026-01-25 19:04:31.403346,0.4336031666666667,63,26,37,41.269841269841265,-96.87000000000032,1471.51,1568.38,56.59653846153846,42.388648648648655,-1.5376190476190525,0.938235631670896,78.76,-86.24,50000.0,49921.88,50750.22,-0.15624000000000524,-17.49000000000524,853.3400000000038,1.6814508390308531,-10,9,10,2,2702,65,1286,2.4056254626202813
2026-01-25 19:04:31.420470,0.4338885666666667,63,26,37,41.269841269841265,-96.87000000000032,1471.51,1568.38,56.59653846153846,42.388648648648655,-1.5376190476190525,0.938235631670896,78.76,-86.24,50000.0,49924.38,50750.22,-0.15124000000000523,-14.990000000005239,853.3400000000038,1.6814508390308531,-10,9,10,2,2704,65,1287,2.403846153846154
2026-01-25 19:04:31.437581,0.43417375,63,26,37,41.269841269841265,-96.87000000000032,1471.51,1568.38,56.59653846153846,42.388648648648655,-1.5376190476190525,0.938235631670896,78.76,-86.24,50000.0,49921.88,50750.22,-0.15624000000000524,-17.49000000000524,853.3400000000038,1.6814508390308531,-10,9,10,2,2706,65,1288,2.402069475240207
2026-01-25 19:04:31.454564,0.4344568166666667,63,26,37,41.269841269841265,-96.87000000000032,1471.51,1568.38,56.59653846153846,42.388648648648655,-1.5376190476190525,0.938235631670896,78.76,-86.24,50000.0,49914.38,50750.22,-0.17124000000000525,-24.99000000000524,853.3400000000038,1.6814508390308531,-10,9,10,2,2708,65,1289,2.400295420974889
2026-01-25 19:04:31.471907,0.43474585,63,26,37,41.269841269841265,-96.87000000000032,1471.51,1568.38,56.59653846153846,42.388648648648655,-1.5376190476190525,0.938235631670896,78.76,-86.24,50000.0,49906.88,50750.22,-0.18624000000000523,-32.49000000000524,853.3400000000038,1.6814508390308531,-10,9,10,2,2710,65,1290,2.3985239852398523
2026-01-25 19:04:31.488617,0.43502435,63,26,37,41.269841269841265,-96.87000000000032,1471.51,1568.38,56.59653846153846,42.388648648648655,-1.5376190476190525,0.938235631670896,78.76,-86.24,50000.0,49884.38,50750.22,-0.23124000000000525,-54.99000000000524,865.8400000000038,1.7060812741304447,-10,9,10,2,2712,65,1291,2.396755162241888
2026-01-25 19:04:31.506240,0.43531806666666667,63,26,37,41.269841269841265,-96.87000000000032,1471.51,1568.38,56.59653846153846,42.388648648648655,-1.5376190476190525,0.938235631670896,78.76,-86.24,50000.0,49896.88,50750.22,-0.20624000000000522,-42.49000000000524,865.8400000000038,1.7060812741304447,-10,9,10,2,2714,65,1292,2.394988946204864
2026-01-25 19:04:31.522808,0.4355942,63,26,37,41.269841269841265,-96.87000000000032,1471.51,1568.38,56.59653846153846,42.388648648648655,-1.5376190476190525,0.938235631670896,78.76,-86.24,50000.0,49891.88,50750.22,-0.21624000000000526,-47.49000000000524,865.8400000000038,1.7060812741304447,-10,9,10,2,2716,65,1293,2.3932253313696616
2026-01-25 19:04:31.539817,0.4358777,63,26,37,41.269841269841265,-96.87000000000032,1471.51,1568.38,56.59653846153846,42.388648648648655,-1.5376190476190525,0.938235631670896,78.76,-86.24,50000.0,49869.38,50750.22,-0.26124000000000525,-69.99000000000524,880.8400000000038,1.7356377962499547,-10,9,10,2,2718,65,1294,2.3914643119941132
2026-01-25 19:04:31.556880,0.4361620666666666,63,26,37,41.269841269841265,-96.87000000000032,1471.51,1568.38,56.59653846153846,42.388648648648655,-1.5376190476190525,0.938235631670896,78.76,-86.24,50000.0,49871.88,50750.22,-0.25624000000000524,-67.49000000000524,880.8400000000038,1.7356377962499547,-10,9,10,2,2720,65,1295,2.389705882352941
2026-01-25 19:04:31.574501,0.43645575000000003,63,26,37,41.269841269841265,-96.87000000000032,1471.51,1568.38,56.59653846153846,42.388648648648655,-1.5376190476190525,0.938235631670896,78.76,-86.24,50000.0,49864.38,50750.22,-0.27124000000000525,-74.99000000000524,885.8400000000038,1.7454899702897912,-10,9,10,2,2722,65,1296,2.387950036737693
2026-01-25 19:04:31.592077,0.4367487,65,26,39,40.0,-160.60000000000034,1471.51,1632.1100000000001,56.59653846153846,41.84897435897436,-2.470769230769236,0.9015997696233709,78.76,-86.24,50000.0,49839.4,50750.22,-0.3211999999999971,-99.97000000000116,910.8199999999997,1.7947114317928072,-12,9,12,0,2724,65,1297,2.3861967694566815
2026-01-25 19:04:31.609536,0.4370396833333333,65,26,39,40.0,-160.60000000000034,1471.51,1632.1100000000001,56.59653846153846,41.84897435897436,-2.470769230769236,0.9015997696233709,78.76,-86.24,50000.0,49839.4,50750.22,-0.3211999999999971,-99.97000000000116,910.8199999999997,1.7947114317928072,-12,9,12,0,2726,65,1298,2.384446074834923
2026-01-25 19:04:31.626451,0.4373215833333333,65,26,39,40.0,-160.60000000000034,1471.51,1632.1100000000001,56.59653846153846,41.84897435897436,-2.470769230769236,0.9015997696233709,78.76,-86.24,50000.0,49839.4,50750.22,-0.3211999999999971,-99.97000000000116,910.8199999999997,1.7947114317928072,-12,9,12,0,2728,65,1299,2.3826979472140764
2026-01-25 19:04:31.643675,0.43760865,65,26,39,40.0,-160.60000000000034,1471.51,1632.1100000000001,56.59653846153846,41.84897435897436,-2.470769230769236,0.9015997696233709,78.76,-86.24,50000.0,49839.4,50750.22,-0.3211999999999971,-99.97000000000116,910.8199999999997,1.7947114317928072,-12,9,12,0,2730,65,1300,2.380952380952381
2026-01-25 19:04:31.661082,0.43789876666666666,65,26,39,40.0,-160.60000000000034,1471.51,1632.1100000000001,56.59653846153846,41.84897435897436,-2.470769230769236,0.9015997696233709,78.76,-86.24,50000.0,49839.4,50750.22,-0.3211999999999971,-99.97000000000116,910.8199999999997,1.7947114317928072,-12,9,12,0,2732,65,1301,2.3792093704245976
2026-01-25 19:04:31.678646,0.43819151666666667,65,26,39,40.0,-160.60000000000034,1471.51,1632.1100000000001,56.59653846153846,41.84897435897436,-2.470769230769236,0.9015997696233709,78.76,-86.24,50000.0,49839.4,50750.22,-0.3211999999999971,-99.97000000000116,910.8199999999997,1.7947114317928072,-12,9,12,0,2734,65,1302,2.377468910021946
2026-01-25 19:04:31.695870,0.4384785666666666,65,26,39,40.0,-160.60000000000034,1471.51,1632.1100000000001,56.59653846153846,41.84897435897436,-2.470769230769236,0.9015997696233709,78.76,-86.24,50000.0,49839.4,50750.22,-0.3211999999999971,-99.97000000000116,910.8199999999997,1.7947114317928072,-12,9,12,0,2736,65,1303,2.375730994152047
2026-01-25 19:04:31.713083,0.43876546666666666,65,26,39,40.0,-160.60000000000034,1471.51,1632.1100000000001,56.59653846153846,41.84897435897436,-2.470769230769236,0.9015997696233709,78.76,-86.24,50000.0,49839.4,50750.22,-0.3211999999999971,-99.97000000000116,910.8199999999997,1.7947114317928072,-12,9,12,0,2738,65,1304,2.3739956172388608
2026-01-25 19:04:31.729640,0.43904139999999997,65,26,39,40.0,-160.60000000000034,1471.51,1632.1100000000001,56.59653846153846,41.84897435897436,-2.470769230769236,0.9015997696233709,78.76,-86.24,50000.0,49839.4,50750.22,-0.3211999999999971,-99.97000000000116,910.8199999999997,1.7947114317928072,-12,9,12,0,2740,65,1305,2.3722627737226274
2026-01-25 19:04:31.746645,0.4393248166666667,65,26,39,40.0,-160.60000000000034,1471.51,1632.1100000000001,56.59653846153846,41.84897435897436,-2.470769230769236,0.9015997696233709,78.76,-86.24,50000.0,49839.4,50750.22,-0.3211999999999971,-99.97000000000116,910.8199999999997,1.7947114317928072,-12,9,12,0,2742,65,1306,2.3705324580598104
2026-01-25 19:04:31.764067,0.4396151833333333,65,26,39,40.0,-160.60000000000034,1471.51,1632.1100000000001,56.59653846153846,41.84897435897436,-2.470769230769236,0.9015997696233709,78.76,-86.24,50000.0,49839.4,50750.22,-0.3211999999999971,-99.97000000000116,910.8199999999997,1.7947114317928072,-12,9,12,0,2744,65,1307,2.368804664723032
2026-01-25 19:04:31.780473,0.4398886166666667,65,26,39,40.0,-160.60000000000034,1471.51,1632.1100000000001,56.59653846153846,41.84897435897436,-2.470769230769236,0.9015997696233709,78.76,-86.24,50000.0,49839.4,50750.22,-0.3211999999999971,-99.97000000000116,910.8199999999997,1.7947114317928072,-12,9,12,0,2746,65,1308,2.3670793882010197
2026-01-25 19:04:31.797338,0.4401697,65,26,39,40.0,-160.60000000000034,1471.51,1632.1100000000001,56.59653846153846,41.84897435897436,-2.470769230769236,0.9015997696233709,78.76,-86.24,50000.0,49839.4,50750.22,-0.3211999999999971,-99.97000000000116,910.8199999999997,1.7947114317928072,-12,9,12,0,2748,65,1309,2.3653566229985445
2026-01-25 19:04:31.813777,0.44044368333333334,65,26,39,40.0,-160.60000000000034,1471.51,1632.1100000000001,56.59653846153846,41.84897435897436,-2.470769230769236,0.9015997696233709,78.76,-86.24,50000.0,49839.4,50750.22,-0.3211999999999971,-99.97000000000116,910.8199999999997,1.7947114317928072,-12,9,12,1,2750,66,1309,2.4
2026-01-25 19:04:31.831426,0.44073785,65,26,39,40.0,-160.60000000000034,1471.51,1632.1100000000001,56.59653846153846,41.84897435897436,-2.470769230769236,0.9015997696233709,78.76,-86.24,50000.0,49838.15,50750.22,-0.3236999999999971,-101.22000000000116,912.0699999999997,1.7971744753027665,-12,9,12,2,2752,67,1309,2.434593023255814
2026-01-25 19:04:31.848260,0.4410184,65,26,39,40.0,-160.60000000000034,1471.51,1632.1100000000001,56.59653846153846,41.84897435897436,-2.470769230769236,0.9015997696233709,78.76,-86.24,50000.0,49845.65,50750.22,-0.3086999999999971,-93.72000000000116,912.0699999999997,1.7971744753027665,-12,9,12,2,2754,67,1310,2.4328249818445897
2026-01-25 19:04:31.866017,0.44131434999999997,65,26,39,40.0,-160.60000000000034,1471.51,1632.1100000000001,56.59653846153846,41.84897435897436,-2.470769230769236,0.9015997696233709,78.76,-86.24,50000.0,49870.65,50750.22,-0.2586999999999971,-68.72000000000116,912.0699999999997,1.7971744753027665,-12,9,12,2,2756,67,1311,2.4310595065312044
2026-01-25 19:04:31.882974,0.44159696666666665,65,26,39,40.0,-160.60000000000034,1471.51,1632.1100000000001,56.59653846153846,41.84897435897436,-2.470769230769236,0.9015997696233709,78.76,-86.24,50000.0,49880.65,50750.22,-0.23869999999999708,-58.720000000001164,912.0699999999997,1.7971744753027665,-12,9,12,2,2758,67,1312,2.4292965917331397
2026-01-25 19:04:31.899595,0.44187398333333333,65,26,39,40.0,-160.60000000000034,1471.51,1632.1100000000001,56.59653846153846,41.84897435897436,-2.470769230769236,0.9015997696233709,78.76,-86.24,50000.0,49873.15,50750.22,-0.2536999999999971,-66.22000000000116,912.0699999999997,1.7971744753027665,-12,9,12,2,2760,67,1313,2.427536231884058
2026-01-25 19:04:31.917053,0.44216494999999995,65,26,39,40.0,-160.60000000000034,1471.51,1632.1100000000001,56.59653846153846,41.84897435897436,-2.470769230769236,0.9015997696233709,78.76,-86.24,50000.0,49903.15,50750.22,-0.1936999999999971,-36.220000000001164,912.0699999999997,1.7971744753027665,-12,9,12,2,2762,67,1314,2.4257784214337437
2026-01-25 19:04:31.933900,0.4424457333333333,65,26,39,40.0,-160.60000000000034,1471.51,1632.1100000000001,56.59653846153846,41.84897435897436,-2.470769230769236,0.9015997696233709,78.76,-86.24,50000.0,49900.65,50750.22,-0.1986999999999971,-38.720000000001164,912.0699999999997,1.7971744753027665,-12,9,12,2,2764,67,1315,2.4240231548480464
2026-01-25 19:04:31.951072,0.4427319333333333,65,26,39,40.0,-160.60000000000034,1471.51,1632.1100000000001,56.59653846153846,41.84897435897436,-2.470769230769236,0.9015997696233709,78.76,-86.24,50000.0,49895.65,50750.22,-0.20869999999999708,-43.720000000001164,912.0699999999997,1.7971744753027665,-12,9,12,2,2766,67,1316,2.4222704266088213
2026-01-25 19:04:31.968583,0.44302378333333337,65,26,39,40.0,-160.60000000000034,1471.51,1632.1100000000001,56.59653846153846,41.84897435897436,-2.470769230769236,0.9015997696233709,78.76,-86.24,50000.0,49888.15,50750.22,-0.22369999999999707,-51.220000000001164,912.0699999999997,1.7971744753027665,-12,9,12,2,2768,67,1317,2.4205202312138727
2026-01-25 19:04:31.985858,0.4433117,65,26,39,40.0,-160.60000000000034,1471.51,1632.1100000000001,56.59653846153846,41.84897435897436,-2.470769230769236,0.9015997696233709,78.76,-86.24,50000.0,49868.15,50750.22,-0.2636999999999971,-71.22000000000116,912.0699999999997,1.7971744753027665,-12,9,12,2,2770,67,1318,2.4187725631768955
2026-01-25 19:04:32.003115,0.4435993166666667,65,26,39,40.0,-160.60000000000034,1471.51,1632.1100000000001,56.59653846153846,41.84897435897436,-2.470769230769236,0.9015997696233709,78.76,-86.24,50000.0,49903.15,50750.22,-0.1936999999999971,-36.220000000001164,912.0699999999997,1.7971744753027665,-12,9,12,2,2772,67,1319,2.417027417027417
2026-01-25 19:04:32.020409,0.44388755,67,28,39,41.7910447761194,-85.58000000000035,1546.53,1632.1100000000001,55.23321428571428,41.84897435897436,-1.2773134328358262,0.9475648087445085,78.76,-86.24,50000.0,49914.42,50750.22,-0.17116000000000348,-24.950000000004366,912.0699999999997,1.7971744753027665,2,9,12,0,2774,67,1320,2.4152847873107426
2026-01-25 19:04:32.037731,0.44417625,67,28,39,41.7910447761194,-85.58000000000035,1546.53,1632.1100000000001,55.23321428571428,41.84897435897436,-1.2773134328358262,0.9475648087445085,78.76,-86.24,50000.0,49914.42,50750.22,-0.17116000000000348,-24.950000000004366,912.0699999999997,1.7971744753027665,2,9,12,0,2776,67,1321,2.413544668587896
2026-01-25 19:04:32.054998,0.44446403333333334,67,28,39,41.7910447761194,-85.58000000000035,1546.53,1632.1100000000001,55.23321428571428,41.84897435897436,-1.2773134328358262,0.9475648087445085,78.76,-86.24,50000.0,49914.42,50750.22,-0.17116000000000348,-24.950000000004366,912.0699999999997,1.7971744753027665,2,9,12,0,2778,67,1322,2.411807055435565
2026-01-25 19:04:32.071562,0.4447401166666667,67,28,39,41.7910447761194,-85.58000000000035,1546.53,1632.1100000000001,55.23321428571428,41.84897435897436,-1.2773134328358262,0.9475648087445085,78.76,-86.24,50000.0,49914.42,50750.22,-0.17116000000000348,-24.950000000004366,912.0699999999997,1.7971744753027665,2,9,12,0,2780,67,1323,2.4100719424460433
2026-01-25 19:04:32.088862,0.44502843333333336,67,28,39,41.7910447761194,-85.58000000000035,1546.53,1632.1100000000001,55.23321428571428,41.84897435897436,-1.2773134328358262,0.9475648087445085,78.76,-86.24,50000.0,49914.42,50750.22,-0.17116000000000348,-24.950000000004366,912.0699999999997,1.7971744753027665,2,9,12,0,2782,67,1324,2.4083393242271747
2026-01-25 19:04:32.106234,0.4453179666666667,67,28,39,41.7910447761194,-85.58000000000035,1546.53,1632.1100000000001,55.23321428571428,41.84897435897436,-1.2773134328358262,0.9475648087445085,78.76,-86.24,50000.0,49914.42,50750.22,-0.17116000000000348,-24.950000000004366,912.0699999999997,1.7971744753027665,2,9,12,0,2784,67,1325,2.406609195402299
2026-01-25 19:04:32.123478,0.44560536666666667,67,28,39,41.7910447761194,-85.58000000000035,1546.53,1632.1100000000001,55.23321428571428,41.84897435897436,-1.2773134328358262,0.9475648087445085,78.76,-86.24,50000.0,49914.42,50750.22,-0.17116000000000348,-24.950000000004366,912.0699999999997,1.7971744753027665,2,9,12,0,2786,67,1326,2.404881550610194
2026-01-25 19:04:32.140308,0.4458858666666667,67,28,39,41.7910447761194,-85.58000000000035,1546.53,1632.1100000000001,55.23321428571428,41.84897435897436,-1.2773134328358262,0.9475648087445085,78.76,-86.24,50000.0,49914.42,50750.22,-0.17116000000000348,-24.950000000004366,912.0699999999997,1.7971744753027665,2,9,12,0,2788,67,1327,2.4031563845050217
2026-01-25 19:04:32.156727,0.44615953333333336,67,28,39,41.7910447761194,-85.58000000000035,1546.53,1632.1100000000001,55.23321428571428,41.84897435897436,-1.2773134328358262,0.9475648087445085,78.76,-86.24,50000.0,49914.42,50750.22,-0.17116000000000348,-24.950000000004366,912.0699999999997,1.7971744753027665,2,9,12,0,2790,67,1328,2.4014336917562726
2026-01-25 19:04:32.174245,0.44645148333333334,67,28,39,41.7910447761194,-85.58000000000035,1546.53,1632.1100000000001,55.23321428571428,41.84897435897436,-1.2773134328358262,0.9475648087445085,78.76,-86.24,50000.0,49914.42,50750.22,-0.17116000000000348,-24.950000000004366,912.0699999999997,1.7971744753027665,2,9,12,0,2792,67,1329,2.3997134670487106
2026-01-25 19:04:32.191441,0.4467380833333333,67,28,39,41.7910447761194,-85.58000000000035,1546.53,1632.1100000000001,55.23321428571428,41.84897435897436,-1.2773134328358262,0.9475648087445085,78.76,-86.24,50000.0,49914.42,50750.22,-0.17116000000000348,-24.950000000004366,912.0699999999997,1.7971744753027665,2,9,12,0,2794,67,1330,2.397995705082319
2026-01-25 19:04:32.208208,0.4470175333333334,67,28,39,41.7910447761194,-85.58000000000035,1546.53,1632.1100000000001,55.23321428571428,41.84897435897436,-1.2773134328358262,0.9475648087445085,78.76,-86.24,50000.0,49914.42,50750.22,-0.17116000000000348,-24.950000000004366,912.0699999999997,1.7971744753027665,2,9,12,0,2796,67,1331,2.396280400572246
2026-01-25 19:04:32.226010,0.44731423333333337,67,28,39,41.7910447761194,-85.58000000000035,1546.53,1632.1100000000001,55.23321428571428,41.84897435897436,-1.2773134328358262,0.9475648087445085,78.76,-86.24,50000.0,49914.42,50750.22,-0.17116000000000348,0.0,912.0699999999997,1.7971744753027665,2,9,12,0,2798,67,1332,2.394567548248749
2026-01-25 19:04:32.242462,0.4475884333333333,67,28,39,41.7910447761194,-85.58000000000035,1546.53,1632.1100000000001,55.23321428571428,41.84897435897436,-1.2773134328358262,0.9475648087445085,78.76,-86.24,50000.0,49914.42,50750.22,-0.17116000000000348,0.0,912.0699999999997,1.7971744753027665,2,9,12,0,2800,67,1333,2.392857142857143
2026-01-25 19:04:32.259810,0.44787756666666667,67,28,39,41.7910447761194,-85.58000000000035,1546.53,1632.1100000000001,55.23321428571428,41.84897435897436,-1.2773134328358262,0.9475648087445085,78.76,-86.24,50000.0,49914.42,50750.22,-0.17116000000000348,0.0,912.0699999999997,1.7971744753027665,2,9,12,0,2802,67,1334,2.3911491791577446
2026-01-25 19:04:32.276963,0.44816345,67,28,39,41.7910447761194,-85.58000000000035,1546.53,1632.1100000000001,55.23321428571428,41.84897435897436,-1.2773134328358262,0.9475648087445085,78.76,-86.24,50000.0,49914.42,50750.22,-0.17116000000000348,0.0,912.0699999999997,1.7971744753027665,2,9,12,0,2804,67,1335,2.3894436519258204
2026-01-25 19:04:32.294206,0.44845083333333335,67,28,39,41.7910447761194,-85.58000000000035,1546.53,1632.1100000000001,55.23321428571428,41.84897435897436,-1.2773134328358262,0.9475648087445085,78.76,-86.24,50000.0,49914.42,50750.22,-0.17116000000000348,0.0,912.0699999999997,1.7971744753027665,2,9,12,0,2806,67,1336,2.3877405559515323
2026-01-25 19:04:32.311386,0.44873715000000003,67,28,39,41.7910447761194,-85.58000000000035,1546.53,1632.1100000000001,55.23321428571428,41.84897435897436,-1.2773134328358262,0.9475648087445085,78.76,-86.24,50000.0,49914.42,50750.22,-0.17116000000000348,0.0,912.0699999999997,1.7971744753027665,2,9,12,0,2808,67,1337,2.386039886039886
2026-01-25 19:04:32.329379,0.44903705,67,28,39,41.7910447761194,-85.58000000000035,1546.53,1632.1100000000001,55.23321428571428,41.84897435897436,-1.2773134328358262,0.9475648087445085,78.76,-86.24,50000.0,49914.42,50750.22,-0.17116000000000348,0.0,912.0699999999997,1.7971744753027665,2,9,12,0,2810,67,1338,2.3843416370106763
2026-01-25 19:04:32.348474,0.44935531666666667,67,28,39,41.7910447761194,-85.58000000000035,1546.53,1632.1100000000001,55.23321428571428,41.84897435897436,-1.2773134328358262,0.9475648087445085,78.76,-86.24,50000.0,49914.42,50750.22,-0.17116000000000348,0.0,912.0699999999997,1.7971744753027665,2,9,12,0,2812,67,1339,2.382645803698435
2026-01-25 19:04:32.365735,0.44964298333333336,67,28,39,41.7910447761194,-85.58000000000035,1546.53,1632.1100000000001,55.23321428571428,41.84897435897436,-1.2773134328358262,0.9475648087445085,78.76,-86.24,50000.0,49914.42,50750.22,-0.17116000000000348,0.0,912.0699999999997,1.7971744753027665,2,9,12,0,2814,67,1340,2.380952380952381
2026-01-25 19:04:32.382999,0.4499307166666667,67,28,39,41.7910447761194,-85.58000000000035,1546.53,1632.1100000000001,55.23321428571428,41.84897435897436,-1.2773134328358262,0.9475648087445085,78.76,-86.24,50000.0,49914.42,50750.22,-0.17116000000000348,0.0,912.0699999999997,1.7971744753027665,2,9,12,0,2816,67,1341,2.3792613636363638
2026-01-25 19:04:32.399723,0.45020946666666667,67,28,39,41.7910447761194,-85.58000000000035,1546.53,1632.1100000000001,55.23321428571428,41.84897435897436,-1.2773134328358262,0.9475648087445085,78.76,-86.24,50000.0,49914.42,50750.22,-0.17116000000000348,0.0,912.0699999999997,1.7971744753027665,2,9,12,0,2818,67,1342,2.3775727466288146
2026-01-25 19:04:32.416367,0.45048685,67,28,39,41.7910447761194,-85.58000000000035,1546.53,1632.1100000000001,55.23321428571428,41.84897435897436,-1.2773134328358262,0.9475648087445085,78.76,-86.24,50000.0,49914.42,50750.22,-0.17116000000000348,0.0,912.0699999999997,1.7971744753027665,2,9,12,0,2820,67,1343,2.375886524822695
2026-01-25 19:04:32.433749,0.45077656666666666,67,28,39,41.7910447761194,-85.58000000000035,1546.53,1632.1100000000001,55.23321428571428,41.84897435897436,-1.2773134328358262,0.9475648087445085,78.76,-86.24,50000.0,49914.42,50750.22,-0.17116000000000348,0.0,912.0699999999997,1.7971744753027665,2,9,12,0,2822,67,1344,2.374202693125443
2026-01-25 19:04:32.450843,0.45106146666666663,67,28,39,41.7910447761194,-85.58000000000035,1546.53,1632.1100000000001,55.23321428571428,41.84897435897436,-1.2773134328358262,0.9475648087445085,78.76,-86.24,50000.0,49914.42,50750.22,-0.17116000000000348,0.0,912.0699999999997,1.7971744753027665,2,9,12,0,2824,67,1345,2.3725212464589234
2026-01-25 19:04:32.468426,0.4513545,67,28,39,41.7910447761194,-85.58000000000035,1546.53,1632.1100000000001,55.23321428571428,41.84897435897436,-1.2773134328358262,0.9475648087445085,78.76,-86.24,50000.0,49914.42,50750.22,-0.17116000000000348,0.0,912.0699999999997,1.7971744753027665,2,9,12,0,2826,67,1346,2.3708421797593773
2026-01-25 19:04:32.485606,0.4516408333333333,67,28,39,41.7910447761194,-85.58000000000035,1546.53,1632.1100000000001,55.23321428571428,41.84897435897436,-1.2773134328358262,0.9475648087445085,78.76,-86.24,50000.0,49914.42,50750.22,-0.17116000000000348,0.0,912.0699999999997,1.7971744753027665,2,9,12,0,2828,67,1347,2.369165487977369
2026-01-25 19:04:32.503034,0.4519313,67,28,39,41.7910447761194,-85.58000000000035,1546.53,1632.1100000000001,55.23321428571428,41.84897435897436,-1.2773134328358262,0.9475648087445085,78.76,-86.24,50000.0,49914.42,50750.22,-0.17116000000000348,0.0,912.0699999999997,1.7971744753027665,2,9,12,0,2830,67,1348,2.3674911660777385
2026-01-25 19:04:32.520086,0.45221550000000005,67,28,39,41.7910447761194,-85.58000000000035,1546.53,1632.1100000000001,55.23321428571428,41.84897435897436,-1.2773134328358262,0.9475648087445085,78.76,-86.24,50000.0,49914.42,50750.22,-0.17116000000000348,0.0,912.0699999999997,1.7971744753027665,2,9,12,0,2832,67,1349,2.365819209039548
2026-01-25 19:04:32.537680,0.45250873333333336,67,28,39,41.7910447761194,-85.58000000000035,1546.53,1632.1100000000001,55.23321428571428,41.84897435897436,-1.2773134328358262,0.9475648087445085,78.76,-86.24,50000.0,49914.42,50750.22,-0.17116000000000348,0.0,912.0699999999997,1.7971744753027665,2,9,12,0,2834,67,1350,2.364149611856034
2026-01-25 19:04:32.554929,0.4527962166666667,67,28,39,41.7910447761194,-85.58000000000035,1546.53,1632.1100000000001,55.23321428571428,41.84897435897436,-1.2773134328358262,0.9475648087445085,78.76,-86.24,50000.0,49914.42,50750.22,-0.17116000000000348,0.0,912.0699999999997,1.7971744753027665,2,9,12,0,2836,67,1351,2.362482369534556
2026-01-25 19:04:32.571462,0.45307176666666665,67,28,39,41.7910447761194,-85.58000000000035,1546.53,1632.1100000000001,55.23321428571428,41.84897435897436,-1.2773134328358262,0.9475648087445085,78.76,-86.24,50000.0,49914.42,50750.22,-0.17116000000000348,0.0,912.0699999999997,1.7971744753027665,2,9,12,0,2838,67,1352,2.3608174770965467
2026-01-25 19:04:32.588903,0.45336246666666663,67,28,39,41.7910447761194,-85.58000000000035,1546.53,1632.1100000000001,55.23321428571428,41.84897435897436,-1.2773134328358262,0.9475648087445085,78.76,-86.24,50000.0,49914.42,50750.22,-0.17116000000000348,0.0,912.0699999999997,1.7971744753027665,2,9,12,0,2840,67,1353,2.359154929577465
2026-01-25 19:04:32.606051,0.45364825,67,28,39,41.7910447761194,-85.58000000000035,1546.53,1632.1100000000001,55.23321428571428,41.84897435897436,-1.2773134328358262,0.9475648087445085,78.76,-86.24,50000.0,49914.42,50750.22,-0.17116000000000348,0.0,912.0699999999997,1.7971744753027665,2,9,12,0,2842,67,1354,2.357494722026742
2026-01-25 19:04:32.624090,0.45394890000000004,67,28,39,41.7910447761194,-85.58000000000035,1546.53,1632.1100000000001,55.23321428571428,41.84897435897436,-1.2773134328358262,0.9475648087445085,78.76,-86.24,50000.0,49914.42,50750.22,-0.17116000000000348,0.0,912.0699999999997,1.7971744753027665,2,9,12,0,2844,67,1355,2.3558368495077358
2026-01-25 19:04:32.641656,0.45424168333333337,67,28,39,41.7910447761194,-85.58000000000035,1546.53,1632.1100000000001,55.23321428571428,41.84897435897436,-1.2773134328358262,0.9475648087445085,78.76,-86.24,50000.0,49914.42,50750.22,-0.17116000000000348,0.0,912.0699999999997,1.7971744753027665,2,9,12,0,2846,67,1356,2.354181307097681
2026-01-25 19:04:32.659274,0.4545353,67,28,39,41.7910447761194,-85.58000000000035,1546.53,1632.1100000000001,55.23321428571428,41.84897435897436,-1.2773134328358262,0.9475648087445085,78.76,-86.24,50000.0,49914.42,50750.22,-0.17116000000000348,0.0,912.0699999999997,1.7971744753027665,2,9,12,0,2848,67,1357,2.3525280898876404
2026-01-25 19:04:32.677267,0.45483518333333334,67,28,39,41.7910447761194,-85.58000000000035,1546.53,1632.1100000000001,55.23321428571428,41.84897435897436,-1.2773134328358262,0.9475648087445085,78.76,-86.24,50000.0,49914.42,50750.22,-0.17116000000000348,0.0,912.0699999999997,1.7971744753027665,2,9,12,0,2850,67,1358,2.3508771929824563
2026-01-25 19:04:32.695119,0.45513271666666666,67,28,39,41.7910447761194,-85.58000000000035,1546.53,1632.1100000000001,55.23321428571428,41.84897435897436,-1.2773134328358262,0.9475648087445085,78.76,-86.24,50000.0,49914.42,50750.22,-0.17116000000000348,0.0,912.0699999999997,1.7971744753027665,2,9,12,0,2852,67,1359,2.3492286115007013
2026-01-25 19:04:32.712826,0.4554278333333333,67,28,39,41.7910447761194,-85.58000000000035,1546.53,1632.1100000000001,55.23321428571428,41.84897435897436,-1.2773134328358262,0.9475648087445085,78.76,-86.24,50000.0,49914.42,50750.22,-0.17116000000000348,0.0,912.0699999999997,1.7971744753027665,2,9,12,0,2854,67,1360,2.347582340574632
2026-01-25 19:04:32.730056,0.455715,67,28,39,41.7910447761194,-85.58000000000035,1546.53,1632.1100000000001,55.23321428571428,41.84897435897436,-1.2773134328358262,0.9475648087445085,78.76,-86.24,50000.0,49914.42,50750.22,-0.17116000000000348,0.0,912.0699999999997,1.7971744753027665,2,9,12,0,2856,67,1361,2.34593837535014
2026-01-25 19:04:32.746495,0.4559889833333333,67,28,39,41.7910447761194,-85.58000000000035,1546.53,1632.1100000000001,55.23321428571428,41.84897435897436,-1.2773134328358262,0.9475648087445085,78.76,-86.24,50000.0,49914.42,50750.22,-0.17116000000000348,0.0,912.0699999999997,1.7971744753027665,2,9,12,0,2858,67,1362,2.344296710986704
2026-01-25 19:04:32.764206,0.45628416666666666,67,28,39,41.7910447761194,-85.58000000000035,1546.53,1632.1100000000001,55.23321428571428,41.84897435897436,-1.2773134328358262,0.9475648087445085,78.76,-86.24,50000.0,49914.42,50750.22,-0.17116000000000348,0.0,912.0699999999997,1.7971744753027665,2,9,12,0,2860,67,1363,2.3426573426573425
2026-01-25 19:04:32.780910,0.45656256666666667,67,28,39,41.7910447761194,-85.58000000000035,1546.53,1632.1100000000001,55.23321428571428,41.84897435897436,-1.2773134328358262,0.9475648087445085,78.76,-86.24,50000.0,49914.42,50750.22,-0.17116000000000348,0.0,912.0699999999997,1.7971744753027665,2,9,12,0,2862,67,1364,2.3410202655485675
2026-01-25 19:04:32.797940,0.4568464,67,28,39,41.7910447761194,-85.58000000000035,1546.53,1632.1100000000001,55.23321428571428,41.84897435897436,-1.2773134328358262,0.9475648087445085,78.76,-86.24,50000.0,49914.42,50750.22,-0.17116000000000348,0.0,912.0699999999997,1.7971744753027665,2,9,12,0,2864,67,1365,2.339385474860335
2026-01-25 19:04:32.814948,0.45712986666666666,67,28,39,41.7910447761194,-85.58000000000035,1546.53,1632.1100000000001,55.23321428571428,41.84897435897436,-1.2773134328358262,0.9475648087445085,78.76,-86.24,50000.0,49914.42,50750.22,-0.17116000000000348,0.0,912.0699999999997,1.7971744753027665,2,9,12,0,2866,67,1366,2.3377529658060014
2026-01-25 19:04:32.831484,0.45740546666666665,67,28,39,41.7910447761194,-85.58000000000035,1546.53,1632.1100000000001,55.23321428571428,41.84897435897436,-1.2773134328358262,0.9475648087445085,78.76,-86.24,50000.0,49914.42,50750.22,-0.17116000000000348,0.0,912.0699999999997,1.7971744753027665,2,9,12,0,2868,67,1367,2.336122733612273
2026-01-25 19:04:32.848719,0.4576927166666667,67,28,39,41.7910447761194,-85.58000000000035,1546.53,1632.1100000000001,55.23321428571428,41.84897435897436,-1.2773134328358262,0.9475648087445085,78.76,-86.24,50000.0,49914.42,50750.22,-0.17116000000000348,0.0,912.0699999999997,1.7971744753027665,2,9,12,0,2870,67,1368,2.3344947735191637
2026-01-25 19:04:32.865846,0.4579781666666667,67,28,39,41.7910447761194,-85.58000000000035,1546.53,1632.1100000000001,55.23321428571428,41.84897435897436,-1.2773134328358262,0.9475648087445085,78.76,-86.24,50000.0,49914.42,50750.22,-0.17116000000000348,0.0,912.0699999999997,1.7971744753027665,2,9,12,0,2872,67,1369,2.3328690807799446
2026-01-25 19:04:32.882708,0.4582592,67,28,39,41.7910447761194,-85.58000000000035,1546.53,1632.1100000000001,55.23321428571428,41.84897435897436,-1.2773134328358262,0.9475648087445085,78.76,-86.24,50000.0,49914.42,50750.22,-0.17116000000000348,0.0,912.0699999999997,1.7971744753027665,2,9,12,1,2874,68,1369,2.3660403618649966
2026-01-25 19:04:32.900142,0.4585497666666667,67,28,39,41.7910447761194,-85.58000000000035,1546.53,1632.1100000000001,55.23321428571428,41.84897435897436,-1.2773134328358262,0.9475648087445085,78.76,-86.24,50000.0,49928.17,50750.22,-0.1436600000000035,13.75,912.0699999999997,1.7971744753027665,2,9,12,1,2876,68,1370,2.364394993045897
2026-01-25 19:04:32.917172,0.4588336,67,28,39,41.7910447761194,-85.58000000000035,1546.53,1632.1100000000001,55.23321428571428,41.84897435897436,-1.2773134328358262,0.9475648087445085,78.76,-86.24,50000.0,49935.67,50750.22,-0.1286600000000035,21.25,912.0699999999997,1.7971744753027665,2,9,12,1,2878,68,1371,2.36275191104934
2026-01-25 19:04:32.934055,0.45911498333333334,67,28,39,41.7910447761194,-85.58000000000035,1546.53,1632.1100000000001,55.23321428571428,41.84897435897436,-1.2773134328358262,0.9475648087445085,78.76,-86.24,50000.0,49934.42,50750.22,-0.1311600000000035,20.0,912.0699999999997,1.7971744753027665,2,9,12,1,2880,68,1372,2.361111111111111
2026-01-25 19:04:32.951116,0.4593993333333334,67,28,39,41.7910447761194,-85.58000000000035,1546.53,1632.1100000000001,55.23321428571428,41.84897435897436,-1.2773134328358262,0.9475648087445085,78.76,-86.24,50000.0,49925.67,50750.22,-0.14866000000000348,11.25,912.0699999999997,1.7971744753027665,2,9,12,1,2882,68,1373,2.359472588480222
2026-01-25 19:04:32.968166,0.45968349999999997,67,28,39,41.7910447761194,-85.58000000000035,1546.53,1632.1100000000001,55.23321428571428,41.84897435897436,-1.2773134328358262,0.9475648087445085,78.76,-86.24,50000.0,49920.67,50750.22,-0.1586600000000035,6.25,912.0699999999997,1.7971744753027665,2,9,12,1,2884,68,1374,2.3578363384188625
2026-01-25 19:04:32.985528,0.4599728666666667,67,28,39,41.7910447761194,-85.58000000000035,1546.53,1632.1100000000001,55.23321428571428,41.84897435897436,-1.2773134328358262,0.9475648087445085,78.76,-86.24,50000.0,49916.92,50750.22,-0.1661600000000035,2.5,912.0699999999997,1.7971744753027665,2,9,12,1,2886,68,1375,2.356202356202356
2026-01-25 19:04:33.002585,0.46025715,67,28,39,41.7910447761194,-85.58000000000035,1546.53,1632.1100000000001,55.23321428571428,41.84897435897436,-1.2773134328358262,0.9475648087445085,78.76,-86.24,50000.0,49933.17,50750.22,-0.1336600000000035,18.75,912.0699999999997,1.7971744753027665,2,9,12,1,2888,68,1376,2.3545706371191137
2026-01-25 19:04:33.019838,0.4605447166666667,67,28,39,41.7910447761194,-85.58000000000035,1546.53,1632.1100000000001,55.23321428571428,41.84897435897436,-1.2773134328358262,0.9475648087445085,78.76,-86.24,50000.0,49943.17,50750.22,-0.1136600000000035,28.75,912.0699999999997,1.7971744753027665,2,9,12,1,2890,68,1377,2.3529411764705883
2026-01-25 19:04:33.036721,0.4608260833333333,68,29,39,42.64705882352941,-50.570000000000356,1581.54,1632.1100000000001,54.535862068965514,41.84897435897436,-0.7436764705882405,0.9690155688035732,78.76,-86.24,50000.0,49949.43,50750.22,-0.10113999999999941,35.01000000000204,912.0699999999997,1.7971744753027665,3,9,12,0,2892,68,1378,2.351313969571231
2026-01-25 19:04:33.054089,0.46111555,68,29,39,42.64705882352941,-50.570000000000356,1581.54,1632.1100000000001,54.535862068965514,41.84897435897436,-0.7436764705882405,0.9690155688035732,78.76,-86.24,50000.0,49949.43,50750.22,-0.10113999999999941,35.01000000000204,912.0699999999997,1.7971744753027665,3,9,12,0,2894,68,1379,2.349689011748445
2026-01-25 19:04:33.071142,0.46139976666666666,68,29,39,42.64705882352941,-50.570000000000356,1581.54,1632.1100000000001,54.535862068965514,41.84897435897436,-0.7436764705882405,0.9690155688035732,78.76,-86.24,50000.0,49949.43,50750.22,-0.10113999999999941,35.01000000000204,912.0699999999997,1.7971744753027665,3,9,12,0,2896,68,1380,2.3480662983425415
2026-01-25 19:04:33.088234,0.46168465,68,29,39,42.64705882352941,-50.570000000000356,1581.54,1632.1100000000001,54.535862068965514,41.84897435897436,-0.7436764705882405,0.9690155688035732,78.76,-86.24,50000.0,49949.43,50750.22,-0.10113999999999941,35.01000000000204,912.0699999999997,1.7971744753027665,3,9,12,0,2898,68,1381,2.346445824706694
2026-01-25 19:04:33.105782,0.46197710000000003,68,29,39,42.64705882352941,-50.570000000000356,1581.54,1632.1100000000001,54.535862068965514,41.84897435897436,-0.7436764705882405,0.9690155688035732,78.76,-86.24,50000.0,49949.43,50750.22,-0.10113999999999941,35.01000000000204,912.0699999999997,1.7971744753027665,3,9,12,0,2900,68,1382,2.344827586206897
2026-01-25 19:04:33.122884,0.4622621333333334,68,29,39,42.64705882352941,-50.570000000000356,1581.54,1632.1100000000001,54.535862068965514,41.84897435897436,-0.7436764705882405,0.9690155688035732,78.76,-86.24,50000.0,49949.43,50750.22,-0.10113999999999941,35.01000000000204,912.0699999999997,1.7971744753027665,3,9,12,0,2902,68,1383,2.3432115782219163
2026-01-25 19:04:33.139840,0.4625447333333333,68,29,39,42.64705882352941,-50.570000000000356,1581.54,1632.1100000000001,54.535862068965514,41.84897435897436,-0.7436764705882405,0.9690155688035732,78.76,-86.24,50000.0,49949.43,50750.22,-0.10113999999999941,35.01000000000204,912.0699999999997,1.7971744753027665,3,9,12,0,2904,68,1384,2.3415977961432506
2026-01-25 19:04:33.157212,0.46283426666666666,68,29,39,42.64705882352941,-50.570000000000356,1581.54,1632.1100000000001,54.535862068965514,41.84897435897436,-0.7436764705882405,0.9690155688035732,78.76,-86.24,50000.0,49949.43,50750.22,-0.10113999999999941,35.01000000000204,912.0699999999997,1.7971744753027665,3,9,12,0,2906,68,1385,2.3399862353750858
2026-01-25 19:04:33.174553,0.4631232833333333,68,29,39,42.64705882352941,-50.570000000000356,1581.54,1632.1100000000001,54.535862068965514,41.84897435897436,-0.7436764705882405,0.9690155688035732,78.76,-86.24,50000.0,49949.43,50750.22,-0.10113999999999941,35.01000000000204,912.0699999999997,1.7971744753027665,3,9,12,0,2908,68,1386,2.3383768913342506
2026-01-25 19:04:33.191040,0.46339806666666666,68,29,39,42.64705882352941,-50.570000000000356,1581.54,1632.1100000000001,54.535862068965514,41.84897435897436,-0.7436764705882405,0.9690155688035732,78.76,-86.24,50000.0,49949.43,50750.22,-0.10113999999999941,35.01000000000204,912.0699999999997,1.7971744753027665,3,9,12,0,2910,68,1387,2.336769759450172
2026-01-25 19:04:33.208376,0.46368726666666665,68,29,39,42.64705882352941,-50.570000000000356,1581.54,1632.1100000000001,54.535862068965514,41.84897435897436,-0.7436764705882405,0.9690155688035732,78.76,-86.24,50000.0,49949.43,50750.22,-0.10113999999999941,35.01000000000204,912.0699999999997,1.7971744753027665,3,9,12,0,2912,68,1388,2.3351648351648353
2026-01-25 19:04:33.225693,0.46397561666666665,68,29,39,42.64705882352941,-50.570000000000356,1581.54,1632.1100000000001,54.535862068965514,41.84897435897436,-0.7436764705882405,0.9690155688035732,78.76,-86.24,50000.0,49949.43,50750.22,-0.10113999999999941,35.01000000000204,912.0699999999997,1.7971744753027665,3,9,12,0,2914,68,1389,2.3335621139327385
2026-01-25 19:04:33.243036,0.46426465,68,29,39,42.64705882352941,-50.570000000000356,1581.54,1632.1100000000001,54.535862068965514,41.84897435897436,-0.7436764705882405,0.9690155688035732,78.76,-86.24,50000.0,49949.43,50750.22,-0.10113999999999941,35.01000000000204,912.0699999999997,1.7971744753027665,3,9,12,0,2916,68,1390,2.3319615912208507
2026-01-25 19:04:33.260321,0.46455275,68,29,39,42.64705882352941,-50.570000000000356,1581.54,1632.1100000000001,54.535862068965514,41.84897435897436,-0.7436764705882405,0.9690155688035732,78.76,-86.24,50000.0,49949.43,50750.22,-0.10113999999999941,35.01000000000204,912.0699999999997,1.7971744753027665,3,9,12,0,2918,68,1391,2.3303632625085675
2026-01-25 19:04:33.277483,0.46483878333333334,68,29,39,42.64705882352941,-50.570000000000356,1581.54,1632.1100000000001,54.535862068965514,41.84897435897436,-0.7436764705882405,0.9690155688035732,78.76,-86.24,50000.0,49949.43,50750.22,-0.10113999999999941,35.01000000000204,912.0699999999997,1.7971744753027665,3,9,12,0,2920,68,1392,2.328767123287671
2026-01-25 19:04:33.294928,0.46512953333333334,68,29,39,42.64705882352941,-50.570000000000356,1581.54,1632.1100000000001,54.535862068965514,41.84897435897436,-0.7436764705882405,0.9690155688035732,78.76,-86.24,50000.0,49949.43,50750.22,-0.10113999999999941,35.01000000000204,912.0699999999997,1.7971744753027665,3,9,12,0,2922,68,1393,2.327173169062286
2026-01-25 19:04:33.335695,0.4658089833333333,68,29,39,42.64705882352941,-50.570000000000356,1581.54,1632.1100000000001,54.535862068965514,41.84897435897436,-0.7436764705882405,0.9690155688035732,78.76,-86.24,50000.0,49949.43,50750.22,-0.10113999999999941,35.01000000000204,912.0699999999997,1.7971744753027665,3,9,12,0,2924,68,1394,2.3255813953488373
2026-01-25 19:04:33.352634,0.46609130000000004,68,29,39,42.64705882352941,-50.570000000000356,1581.54,1632.1100000000001,54.535862068965514,41.84897435897436,-0.7436764705882405,0.9690155688035732,78.76,-86.24,50000.0,49949.43,50750.22,-0.10113999999999941,35.01000000000204,912.0699999999997,1.7971744753027665,3,9,12,0,2926,68,1395,2.3239917976760083
2026-01-25 19:04:33.369928,0.4663795333333333,68,29,39,42.64705882352941,-50.570000000000356,1581.54,1632.1100000000001,54.535862068965514,41.84897435897436,-0.7436764705882405,0.9690155688035732,78.76,-86.24,50000.0,49949.43,50750.22,-0.10113999999999941,35.01000000000204,912.0699999999997,1.7971744753027665,3,9,12,0,2928,68,1396,2.3224043715846996
2026-01-25 19:04:33.387317,0.46666935,68,29,39,42.64705882352941,-50.570000000000356,1581.54,1632.1100000000001,54.535862068965514,41.84897435897436,-0.7436764705882405,0.9690155688035732,78.76,-86.24,50000.0,49949.43,50750.22,-0.10113999999999941,35.01000000000204,912.0699999999997,1.7971744753027665,3,9,12,0,2930,68,1397,2.3208191126279862
2026-01-25 19:04:33.404186,0.4669505,68,29,39,42.64705882352941,-50.570000000000356,1581.54,1632.1100000000001,54.535862068965514,41.84897435897436,-0.7436764705882405,0.9690155688035732,78.76,-86.24,50000.0,49949.43,50750.22,-0.10113999999999941,35.01000000000204,912.0699999999997,1.7971744753027665,3,9,12,0,2932,68,1398,2.3192360163710775
2026-01-25 19:04:33.421549,0.4672398833333334,68,29,39,42.64705882352941,-50.570000000000356,1581.54,1632.1100000000001,54.535862068965514,41.84897435897436,-0.7436764705882405,0.9690155688035732,78.76,-86.24,50000.0,49949.43,50750.22,-0.10113999999999941,35.01000000000204,912.0699999999997,1.7971744753027665,3,9,12,0,2934,68,1399,2.3176550783912746
2026-01-25 19:04:33.438939,0.46752971666666665,68,29,39,42.64705882352941,-50.570000000000356,1581.54,1632.1100000000001,54.535862068965514,41.84897435897436,-0.7436764705882405,0.9690155688035732,78.76,-86.24,50000.0,49949.43,50750.22,-0.10113999999999941,35.01000000000204,912.0699999999997,1.7971744753027665,3,9,12,0,2936,68,1400,2.316076294277929
2026-01-25 19:04:33.456020,0.46781438333333336,68,29,39,42.64705882352941,-50.570000000000356,1581.54,1632.1100000000001,54.535862068965514,41.84897435897436,-0.7436764705882405,0.9690155688035732,78.76,-86.24,50000.0,49949.43,50750.22,-0.10113999999999941,35.01000000000204,912.0699999999997,1.7971744753027665,3,9,12,0,2938,68,1401,2.314499659632403
2026-01-25 19:04:33.473061,0.4680984166666667,68,29,39,42.64705882352941,-50.570000000000356,1581.54,1632.1100000000001,54.535862068965514,41.84897435897436,-0.7436764705882405,0.9690155688035732,78.76,-86.24,50000.0,49949.43,50750.22,-0.10113999999999941,35.01000000000204,912.0699999999997,1.7971744753027665,3,9,12,0,2940,68,1402,2.312925170068027
2026-01-25 19:04:33.490269,0.46838521666666666,68,29,39,42.64705882352941,-50.570000000000356,1581.54,1632.1100000000001,54.535862068965514,41.84897435897436,-0.7436764705882405,0.9690155688035732,78.76,-86.24,50000.0,49949.43,50750.22,-0.10113999999999941,35.01000000000204,912.0699999999997,1.7971744753027665,3,9,12,0,2942,68,1403,2.311352821210061
2026-01-25 19:04:33.507652,0.46867495,68,29,39,42.64705882352941,-50.570000000000356,1581.54,1632.1100000000001,54.535862068965514,41.84897435897436,-0.7436764705882405,0.9690155688035732,78.76,-86.24,50000.0,49949.43,50750.22,-0.10113999999999941,35.01000000000204,912.0699999999997,1.7971744753027665,3,9,12,0,2944,68,1404,2.309782608695652
2026-01-25 19:04:33.525535,0.4689729833333333,68,29,39,42.64705882352941,-50.570000000000356,1581.54,1632.1100000000001,54.535862068965514,41.84897435897436,-0.7436764705882405,0.9690155688035732,78.76,-86.24,50000.0,49949.43,50750.22,-0.10113999999999941,35.01000000000204,912.0699999999997,1.7971744753027665,3,9,12,0,2946,68,1405,2.308214528173795
2026-01-25 19:04:33.542646,0.4692581666666667,68,29,39,42.64705882352941,-50.570000000000356,1581.54,1632.1100000000001,54.535862068965514,41.84897435897436,-0.7436764705882405,0.9690155688035732,78.76,-86.24,50000.0,49949.43,50750.22,-0.10113999999999941,35.01000000000204,912.0699999999997,1.7971744753027665,3,9,12,0,2948,68,1406,2.3066485753052914
2026-01-25 19:04:33.560248,0.46955155000000004,68,29,39,42.64705882352941,-50.570000000000356,1581.54,1632.1100000000001,54.535862068965514,41.84897435897436,-0.7436764705882405,0.9690155688035732,78.76,-86.24,50000.0,49949.43,50750.22,-0.10113999999999941,35.01000000000204,912.0699999999997,1.7971744753027665,3,9,12,0,2950,68,1407,2.305084745762712
2026-01-25 19:04:33.577484,0.4698388,68,29,39,42.64705882352941,-50.570000000000356,1581.54,1632.1100000000001,54.535862068965514,41.84897435897436,-0.7436764705882405,0.9690155688035732,78.76,-86.24,50000.0,49949.43,50750.22,-0.10113999999999941,35.01000000000204,912.0699999999997,1.7971744753027665,3,9,12,0,2952,68,1408,2.303523035230352
2026-01-25 19:04:33.594679,0.47012539999999997,68,29,39,42.64705882352941,-50.570000000000356,1581.54,1632.1100000000001,54.535862068965514,41.84897435897436,-0.7436764705882405,0.9690155688035732,78.76,-86.24,50000.0,49949.43,50750.22,-0.10113999999999941,0.0,912.0699999999997,1.7971744753027665,3,9,12,0,2954,68,1409,2.3019634394041977
2026-01-25 19:04:33.611931,0.4704129166666667,68,29,39,42.64705882352941,-50.570000000000356,1581.54,1632.1100000000001,54.535862068965514,41.84897435897436,-0.7436764705882405,0.9690155688035732,78.76,-86.24,50000.0,49949.43,50750.22,-0.10113999999999941,0.0,912.0699999999997,1.7971744753027665,3,9,12,0,2956,68,1410,2.3004059539918806
2026-01-25 19:04:33.629232,0.47070128333333333,68,29,39,42.64705882352941,-50.570000000000356,1581.54,1632.1100000000001,54.535862068965514,41.84897435897436,-0.7436764705882405,0.9690155688035732,78.76,-86.24,50000.0,49949.43,50750.22,-0.10113999999999941,0.0,912.0699999999997,1.7971744753027665,3,9,12,0,2958,68,1411,2.2988505747126435
2026-01-25 19:04:33.646852,0.47099493333333337,68,29,39,42.64705882352941,-50.570000000000356,1581.54,1632.1100000000001,54.535862068965514,41.84897435897436,-0.7436764705882405,0.9690155688035732,78.76,-86.24,50000.0,49949.43,50750.22,-0.10113999999999941,0.0,912.0699999999997,1.7971744753027665,3,9,12,0,2960,68,1412,2.2972972972972974
2026-01-25 19:04:33.663900,0.4712790666666667,68,29,39,42.64705882352941,-50.570000000000356,1581.54,1632.1100000000001,54.535862068965514,41.84897435897436,-0.7436764705882405,0.9690155688035732,78.76,-86.24,50000.0,49949.43,50750.22,-0.10113999999999941,0.0,912.0699999999997,1.7971744753027665,3,9,12,0,2962,68,1413,2.2957461174881835
2026-01-25 19:04:33.681260,0.4715684,68,29,39,42.64705882352941,-50.570000000000356,1581.54,1632.1100000000001,54.535862068965514,41.84897435897436,-0.7436764705882405,0.9690155688035732,78.76,-86.24,50000.0,49949.43,50750.22,-0.10113999999999941,0.0,912.0699999999997,1.7971744753027665,3,9,12,0,2964,68,1414,2.2941970310391366
2026-01-25 19:04:33.698558,0.4718567,68,29,39,42.64705882352941,-50.570000000000356,1581.54,1632.1100000000001,54.535862068965514,41.84897435897436,-0.7436764705882405,0.9690155688035732,78.76,-86.24,50000.0,49949.43,50750.22,-0.10113999999999941,0.0,912.0699999999997,1.7971744753027665,3,9,12,0,2966,68,1415,2.2926500337154416
2026-01-25 19:04:33.715429,0.47213788333333334,68,29,39,42.64705882352941,-50.570000000000356,1581.54,1632.1100000000001,54.535862068965514,41.84897435897436,-0.7436764705882405,0.9690155688035732,78.76,-86.24,50000.0,49949.43,50750.22,-0.10113999999999941,0.0,912.0699999999997,1.7971744753027665,3,9,12,0,2968,68,1416,2.2911051212938007
2026-01-25 19:04:33.732451,0.47242158333333334,68,29,39,42.64705882352941,-50.570000000000356,1581.54,1632.1100000000001,54.535862068965514,41.84897435897436,-0.7436764705882405,0.9690155688035732,78.76,-86.24,50000.0,49949.43,50750.22,-0.10113999999999941,0.0,912.0699999999997,1.7971744753027665,3,9,12,0,2970,68,1417,2.28956228956229
2026-01-25 19:04:33.749657,0.47270835000000005,68,29,39,42.64705882352941,-50.570000000000356,1581.54,1632.1100000000001,54.535862068965514,41.84897435897436,-0.7436764705882405,0.9690155688035732,78.76,-86.24,50000.0,49949.43,50750.22,-0.10113999999999941,0.0,912.0699999999997,1.7971744753027665,3,9,12,0,2972,68,1418,2.2880215343203227
2026-01-25 19:04:33.767334,0.4730029833333333,68,29,39,42.64705882352941,-50.570000000000356,1581.54,1632.1100000000001,54.535862068965514,41.84897435897436,-0.7436764705882405,0.9690155688035732,78.76,-86.24,50000.0,49949.43,50750.22,-0.10113999999999941,0.0,912.0699999999997,1.7971744753027665,3,9,12,0,2974,68,1419,2.2864828513786146
2026-01-25 19:04:33.784906,0.47329585,68,29,39,42.64705882352941,-50.570000000000356,1581.54,1632.1100000000001,54.535862068965514,41.84897435897436,-0.7436764705882405,0.9690155688035732,78.76,-86.24,50000.0,49949.43,50750.22,-0.10113999999999941,0.0,912.0699999999997,1.7971744753027665,3,9,12,0,2976,68,1420,2.28494623655914
2026-01-25 19:04:33.802108,0.47358253333333333,68,29,39,42.64705882352941,-50.570000000000356,1581.54,1632.1100000000001,54.535862068965514,41.84897435897436,-0.7436764705882405,0.9690155688035732,78.76,-86.24,50000.0,49949.43,50750.22,-0.10113999999999941,0.0,912.0699999999997,1.7971744753027665,3,9,12,0,2978,68,1421,2.2834116856950972
2026-01-25 19:04:33.819435,0.4738713333333333,68,29,39,42.64705882352941,-50.570000000000356,1581.54,1632.1100000000001,54.535862068965514,41.84897435897436,-0.7436764705882405,0.9690155688035732,78.76,-86.24,50000.0,49949.43,50750.22,-0.10113999999999941,0.0,912.0699999999997,1.7971744753027665,3,9,12,0,2980,68,1422,2.2818791946308723
2026-01-25 19:04:33.836626,0.47415783333333333,68,29,39,42.64705882352941,-50.570000000000356,1581.54,1632.1100000000001,54.535862068965514,41.84897435897436,-0.7436764705882405,0.9690155688035732,78.76,-86.24,50000.0,49949.43,50750.22,-0.10113999999999941,0.0,912.0699999999997,1.7971744753027665,3,9,12,0,2982,68,1423,2.2803487592219986
2026-01-25 19:04:33.854115,0.4744493166666667,68,29,39,42.64705882352941,-50.570000000000356,1581.54,1632.1100000000001,54.535862068965514,41.84897435897436,-0.7436764705882405,0.9690155688035732,78.76,-86.24,50000.0,49949.43,50750.22,-0.10113999999999941,0.0,912.0699999999997,1.7971744753027665,3,9,12,0,2984,68,1424,2.278820375335121
2026-01-25 19:04:33.871315,0.4747359833333333,68,29,39,42.64705882352941,-50.570000000000356,1581.54,1632.1100000000001,54.535862068965514,41.84897435897436,-0.7436764705882405,0.9690155688035732,78.76,-86.24,50000.0,49949.43,50750.22,-0.10113999999999941,0.0,912.0699999999997,1.7971744753027665,3,9,12,0,2986,68,1425,2.277294038847957
2026-01-25 19:04:33.888503,0.47502245,68,29,39,42.64705882352941,-50.570000000000356,1581.54,1632.1100000000001,54.535862068965514,41.84897435897436,-0.7436764705882405,0.9690155688035732,78.76,-86.24,50000.0,49949.43,50750.22,-0.10113999999999941,0.0,912.0699999999997,1.7971744753027665,3,9,12,0,2988,68,1426,2.2757697456492636
2026-01-25 19:04:33.905746,0.4753098333333333,68,29,39,42.64705882352941,-50.570000000000356,1581.54,1632.1100000000001,54.535862068965514,41.84897435897436,-0.7436764705882405,0.9690155688035732,78.76,-86.24,50000.0,49949.43,50750.22,-0.10113999999999941,0.0,912.0699999999997,1.7971744753027665,3,9,12,0,2990,68,1427,2.2742474916387962
2026-01-25 19:04:33.923190,0.47560056666666667,68,29,39,42.64705882352941,-50.570000000000356,1581.54,1632.1100000000001,54.535862068965514,41.84897435897436,-0.7436764705882405,0.9690155688035732,78.76,-86.24,50000.0,49949.43,50750.22,-0.10113999999999941,0.0,912.0699999999997,1.7971744753027665,3,9,12,0,2992,68,1428,2.272727272727273
2026-01-25 19:04:33.939775,0.47587698333333334,68,29,39,42.64705882352941,-50.570000000000356,1581.54,1632.1100000000001,54.535862068965514,41.84897435897436,-0.7436764705882405,0.9690155688035732,78.76,-86.24,50000.0,49949.43,50750.22,-0.10113999999999941,0.0,912.0699999999997,1.7971744753027665,3,9,12,0,2994,68,1429,2.2712090848363395
2026-01-25 19:04:33.957344,0.47616981666666663,68,29,39,42.64705882352941,-50.570000000000356,1581.54,1632.1100000000001,54.535862068965514,41.84897435897436,-0.7436764705882405,0.9690155688035732,78.76,-86.24,50000.0,49949.43,50750.22,-0.10113999999999941,0.0,912.0699999999997,1.7971744753027665,3,9,12,0,2996,68,1430,2.2696929238985315
2026-01-25 19:04:33.974545,0.47645648333333335,68,29,39,42.64705882352941,-50.570000000000356,1581.54,1632.1100000000001,54.535862068965514,41.84897435897436,-0.7436764705882405,0.9690155688035732,78.76,-86.24,50000.0,49949.43,50750.22,-0.10113999999999941,0.0,912.0699999999997,1.7971744753027665,3,9,12,0,2998,68,1431,2.268178785857238
2026-01-25 19:04:33.992140,0.47674974999999997,68,29,39,42.64705882352941,-50.570000000000356,1581.54,1632.1100000000001,54.535862068965514,41.84897435897436,-0.7436764705882405,0.9690155688035732,78.76,-86.24,50000.0,49949.43,50750.22,-0.10113999999999941,0.0,912.0699999999997,1.7971744753027665,3,9,12,0,3000,68,1432,2.2666666666666666
2026-01-25 19:04:34.009129,0.4770328833333333,68,29,39,42.64705882352941,-50.570000000000356,1581.54,1632.1100000000001,54.535862068965514,41.84897435897436,-0.7436764705882405,0.9690155688035732,78.76,-86.24,50000.0,49949.43,50750.22,-0.10113999999999941,0.0,912.0699999999997,1.7971744753027665,3,9,12,0,3002,68,1433,2.2651565622918057
2026-01-25 19:04:34.026786,0.4773271666666667,68,29,39,42.64705882352941,-50.570000000000356,1581.54,1632.1100000000001,54.535862068965514,41.84897435897436,-0.7436764705882405,0.9690155688035732,78.76,-86.24,50000.0,49949.43,50750.22,-0.10113999999999941,0.0,912.0699999999997,1.7971744753027665,3,9,12,0,3004,68,1434,2.263648468708389
2026-01-25 19:04:34.043813,0.47761095,68,29,39,42.64705882352941,-50.570000000000356,1581.54,1632.1100000000001,54.535862068965514,41.84897435897436,-0.7436764705882405,0.9690155688035732,78.76,-86.24,50000.0,49949.43,50750.22,-0.10113999999999941,0.0,912.0699999999997,1.7971744753027665,3,9,12,1,3006,69,1434,2.2954091816367264
2026-01-25 19:04:34.061663,0.47790845,68,29,39,42.64705882352941,-50.570000000000356,1581.54,1632.1100000000001,54.535862068965514,41.84897435897436,-0.7436764705882405,0.9690155688035732,78.76,-86.24,50000.0,49965.68,50750.22,-0.06863999999999941,16.25,912.0699999999997,1.7971744753027665,3,9,12,2,3008,70,1434,2.327127659574468
2026-01-25 19:04:34.079220,0.4782010666666666,68,29,39,42.64705882352941,-50.570000000000356,1581.54,1632.1100000000001,54.535862068965514,41.84897435897436,-0.7436764705882405,0.9690155688035732,78.76,-86.24,50000.0,50018.18,50750.22,0.03636000000000058,68.75,912.0699999999997,1.7971744753027665,3,9,12,3,3010,71,1434,2.3588039867109636
2026-01-25 19:04:34.096763,0.47849345,68,29,39,42.64705882352941,-50.570000000000356,1581.54,1632.1100000000001,54.535862068965514,41.84897435897436,-0.7436764705882405,0.9690155688035732,78.76,-86.24,50000.0,50044.43,50750.22,0.08886000000000058,95.0,912.0699999999997,1.7971744753027665,3,9,12,4,3012,72,1434,2.3904382470119523
2026-01-25 19:04:34.114413,0.4787876166666667,68,29,39,42.64705882352941,-50.570000000000356,1581.54,1632.1100000000001,54.535862068965514,41.84897435897436,-0.7436764705882405,0.9690155688035732,78.76,-86.24,50000.0,50049.43,50750.22,0.09886000000000059,100.0,912.0699999999997,1.7971744753027665,3,9,12,5,3014,73,1434,2.4220305242203053
2026-01-25 19:04:34.131802,0.47907745,69,30,39,43.47826086956522,15.68999999999965,1647.8,1632.1100000000001,54.92666666666666,41.84897435897436,0.227391304347821,1.00961332263144,78.76,-86.24,50000.0,50133.19,50750.22,0.26638000000000467,183.76000000000204,912.0699999999997,1.7971744753027665,4,9,12,4,3016,73,1435,2.420424403183024
2026-01-25 19:04:34.149247,0.47936818333333336,69,30,39,43.47826086956522,15.68999999999965,1647.8,1632.1100000000001,54.92666666666666,41.84897435897436,0.227391304347821,1.00961332263144,78.76,-86.24,50000.0,50098.19,50750.22,0.19638000000000466,148.76000000000204,912.0699999999997,1.7971744753027665,4,9,12,4,3018,73,1436,2.4188204108681246
2026-01-25 19:04:34.166395,0.479654,69,30,39,43.47826086956522,15.68999999999965,1647.8,1632.1100000000001,54.92666666666666,41.84897435897436,0.227391304347821,1.00961332263144,78.76,-86.24,50000.0,50143.19,50750.22,0.28638000000000463,193.76000000000204,912.0699999999997,1.7971744753027665,4,9,12,4,3020,73,1437,2.4172185430463577
2026-01-25 19:04:34.183811,0.47994425,69,30,39,43.47826086956522,15.68999999999965,1647.8,1632.1100000000001,54.92666666666666,41.84897435897436,0.227391304347821,1.00961332263144,78.76,-86.24,50000.0,50148.19,50750.22,0.2963800000000047,198.76000000000204,912.0699999999997,1.7971744753027665,4,9,12,4,3022,73,1438,2.415618795499669
2026-01-25 19:04:34.201339,0.48023638333333335,69,30,39,43.47826086956522,15.68999999999965,1647.8,1632.1100000000001,54.92666666666666,41.84897435897436,0.227391304347821,1.00961332263144,78.76,-86.24,50000.0,50103.19,50750.22,0.20638000000000467,153.76000000000204,912.0699999999997,1.7971744753027665,4,9,12,5,3024,74,1438,2.447089947089947
2026-01-25 19:04:34.218192,0.48051726666666666,69,30,39,43.47826086956522,15.68999999999965,1647.8,1632.1100000000001,54.92666666666666,41.84897435897436,0.227391304347821,1.00961332263144,78.76,-86.24,50000.0,50071.94,50750.22,0.14388000000000464,122.51000000000204,912.0699999999997,1.7971744753027665,4,9,12,5,3026,74,1439,2.4454725710508924
2026-01-25 19:04:34.235707,0.48080918333333333,69,30,39,43.47826086956522,15.68999999999965,1647.8,1632.1100000000001,54.92666666666666,41.84897435897436,0.227391304347821,1.00961332263144,78.76,-86.24,50000.0,50084.44,50750.22,0.16888000000000464,135.01000000000204,912.0699999999997,1.7971744753027665,4,9,12,6,3028,75,1439,2.476882430647292
2026-01-25 19:04:34.252674,0.4810919666666667,69,30,39,43.47826086956522,15.68999999999965,1647.8,1632.1100000000001,54.92666666666666,41.84897435897436,0.227391304347821,1.00961332263144,78.76,-86.24,50000.0,50151.94,50750.22,0.3038800000000047,202.51000000000204,912.0699999999997,1.7971744753027665,4,9,12,6,3030,75,1440,2.4752475247524752
2026-01-25 19:04:34.270036,0.4813813333333333,69,30,39,43.47826086956522,15.68999999999965,1647.8,1632.1100000000001,54.92666666666666,41.84897435897436,0.227391304347821,1.00961332263144,78.76,-86.24,50000.0,50151.94,50750.22,0.3038800000000047,202.51000000000204,912.0699999999997,1.7971744753027665,4,9,12,6,3032,75,1441,2.4736147757255935
2026-01-25 19:04:34.287520,0.48167275000000004,69,30,39,43.47826086956522,15.68999999999965,1647.8,1632.1100000000001,54.92666666666666,41.84897435897436,0.227391304347821,1.00961332263144,78.76,-86.24,50000.0,50219.44,50750.22,0.4388800000000047,270.01000000000204,912.0699999999997,1.7971744753027665,4,9,12,6,3034,75,1442,2.4719841793012525
2026-01-25 19:04:34.304815,0.4819609833333333,70,31,39,44.285714285714285,85.69999999999965,1717.81,1632.1100000000001,55.413225806451614,41.84897435897436,1.2242857142857093,1.0525087157115633,78.76,-86.24,50000.0,50274.45,50750.22,0.5488999999999942,325.0199999999968,912.0699999999997,1.7971744753027665,5,9,12,5,3036,75,1443,2.4703557312252964
2026-01-25 19:04:34.322233,0.48225128333333334,70,31,39,44.285714285714285,85.69999999999965,1717.81,1632.1100000000001,55.413225806451614,41.84897435897436,1.2242857142857093,1.0525087157115633,78.76,-86.24,50000.0,50274.45,50750.22,0.5488999999999942,325.0199999999968,912.0699999999997,1.7971744753027665,5,9,12,5,3038,75,1444,2.468729427254773
2026-01-25 19:04:34.339137,0.482533,70,31,39,44.285714285714285,85.69999999999965,1717.81,1632.1100000000001,55.413225806451614,41.84897435897436,1.2242857142857093,1.0525087157115633,78.76,-86.24,50000.0,50311.95,50750.22,0.6238999999999941,362.5199999999968,912.0699999999997,1.7971744753027665,5,9,12,5,3040,75,1445,2.4671052631578947
2026-01-25 19:04:34.358265,0.48285181666666666,70,31,39,44.285714285714285,85.69999999999965,1717.81,1632.1100000000001,55.413225806451614,41.84897435897436,1.2242857142857093,1.0525087157115633,78.76,-86.24,50000.0,50361.95,50750.22,0.7238999999999942,412.5199999999968,912.0699999999997,1.7971744753027665,5,9,12,5,3042,75,1446,2.465483234714004
2026-01-25 19:04:34.376145,0.4831498166666667,70,31,39,44.285714285714285,85.69999999999965,1717.81,1632.1100000000001,55.413225806451614,41.84897435897436,1.2242857142857093,1.0525087157115633,78.76,-86.24,50000.0,50361.95,50750.22,0.7238999999999942,412.5199999999968,912.0699999999997,1.7971744753027665,5,9,12,5,3044,75,1447,2.463863337713535
2026-01-25 19:04:34.393467,0.48343851666666665,70,31,39,44.285714285714285,85.69999999999965,1717.81,1632.1100000000001,55.413225806451614,41.84897435897436,1.2242857142857093,1.0525087157115633,78.76,-86.24,50000.0,50361.95,50750.22,0.7238999999999942,412.5199999999968,912.0699999999997,1.7971744753027665,5,9,12,5,3046,75,1448,2.4622455679579778
2026-01-25 19:04:34.410513,0.48372261666666666,70,31,39,44.285714285714285,85.69999999999965,1717.81,1632.1100000000001,55.413225806451614,41.84897435897436,1.2242857142857093,1.0525087157115633,78.76,-86.24,50000.0,50355.7,50750.22,0.7113999999999941,406.2699999999968,912.0699999999997,1.7971744753027665,5,9,12,5,3048,75,1449,2.4606299212598426
2026-01-25 19:04:34.427887,0.48401218333333335,70,31,39,44.285714285714285,85.69999999999965,1717.81,1632.1100000000001,55.413225806451614,41.84897435897436,1.2242857142857093,1.0525087157115633,78.76,-86.24,50000.0,50368.2,50750.22,0.7363999999999942,418.7699999999968,912.0699999999997,1.7971744753027665,5,9,12,5,3050,75,1450,2.459016393442623
2026-01-25 19:04:34.445008,0.48429753333333336,70,31,39,44.285714285714285,85.69999999999965,1717.81,1632.1100000000001,55.413225806451614,41.84897435897436,1.2242857142857093,1.0525087157115633,78.76,-86.24,50000.0,50393.2,50750.22,0.7863999999999942,443.7699999999968,912.0699999999997,1.7971744753027665,5,9,12,5,3052,75,1451,2.45740498034076
2026-01-25 19:04:34.462482,0.48458876666666667,70,31,39,44.285714285714285,85.69999999999965,1717.81,1632.1100000000001,55.413225806451614,41.84897435897436,1.2242857142857093,1.0525087157115633,78.76,-86.24,50000.0,50349.45,50750.22,0.6988999999999942,400.0199999999968,912.0699999999997,1.7971744753027665,5,9,12,5,3054,75,1452,2.455795677799607
2026-01-25 19:04:34.479753,0.4848766333333333,70,31,39,44.285714285714285,85.69999999999965,1717.81,1632.1100000000001,55.413225806451614,41.84897435897436,1.2242857142857093,1.0525087157115633,78.76,-86.24,50000.0,50361.95,50750.22,0.7238999999999942,412.5199999999968,912.0699999999997,1.7971744753027665,5,9,12,5,3056,75,1453,2.4541884816753927
2026-01-25 19:04:34.497310,0.48516923333333334,70,31,39,44.285714285714285,85.69999999999965,1717.81,1632.1100000000001,55.413225806451614,41.84897435897436,1.2242857142857093,1.0525087157115633,78.76,-86.24,50000.0,50374.45,50750.22,0.7488999999999942,425.0199999999968,912.0699999999997,1.7971744753027665,5,9,12,5,3058,75,1454,2.4525833878351864
2026-01-25 19:04:34.515274,0.48546865,72,33,39,45.83333333333333,224.46999999999963,1856.58,1632.1100000000001,56.26,41.84897435897436,3.1176388888888837,1.137533622121058,78.76,-86.24,50000.0,50408.22,50750.22,0.8164400000000023,458.7900000000009,912.0699999999997,1.7971744753027665,7,9,12,3,3060,75,1455,2.450980392156863
2026-01-25 19:04:34.534301,0.48578574999999996,72,33,39,45.83333333333333,224.46999999999963,1856.58,1632.1100000000001,56.26,41.84897435897436,3.1176388888888837,1.137533622121058,78.76,-86.24,50000.0,50389.47,50750.22,0.7789400000000024,440.0400000000009,912.0699999999997,1.7971744753027665,7,9,12,3,3062,75,1456,2.4493794905290662
2026-01-25 19:04:34.552601,0.4860907666666667,72,33,39,45.83333333333333,224.46999999999963,1856.58,1632.1100000000001,56.26,41.84897435897436,3.1176388888888837,1.137533622121058,78.76,-86.24,50000.0,50366.97,50750.22,0.7339400000000024,417.5400000000009,912.0699999999997,1.7971744753027665,7,9,12,3,3064,75,1457,2.447780678851175
2026-01-25 19:04:34.571427,0.4864045166666667,72,33,39,45.83333333333333,224.46999999999963,1856.58,1632.1100000000001,56.26,41.84897435897436,3.1176388888888837,1.137533622121058,78.76,-86.24,50000.0,50400.72,50750.22,0.8014400000000024,451.2900000000009,912.0699999999997,1.7971744753027665,7,9,12,3,3066,75,1458,2.446183953033268
2026-01-25 19:04:34.589356,0.4867033333333334,72,33,39,45.83333333333333,224.46999999999963,1856.58,1632.1100000000001,56.26,41.84897435897436,3.1176388888888837,1.137533622121058,78.76,-86.24,50000.0,50419.47,50750.22,0.8389400000000022,470.0400000000009,912.0699999999997,1.7971744753027665,7,9,12,3,3068,75,1459,2.4445893089960884
2026-01-25 19:04:34.609139,0.4870330666666666,75,36,39,48.0,429.4999999999996,2061.61,1632.1100000000001,57.26694444444445,41.84897435897436,5.726666666666661,1.2631562823584195,78.76,-86.24,50000.0,50429.5,50750.22,0.859,480.0699999999997,912.0699999999997,1.7971744753027665,10,10,12,0,3070,75,1460,2.44299674267101
2026-01-25 19:04:34.627738,0.48734303333333334,75,36,39,48.0,429.4999999999996,2061.61,1632.1100000000001,57.26694444444445,41.84897435897436,5.726666666666661,1.2631562823584195,78.76,-86.24,50000.0,50429.5,50750.22,0.859,480.0699999999997,912.0699999999997,1.7971744753027665,10,10,12,0,3072,75,1461,2.44140625
2026-01-25 19:04:34.646324,0.4876528,75,36,39,48.0,429.4999999999996,2061.61,1632.1100000000001,57.26694444444445,41.84897435897436,5.726666666666661,1.2631562823584195,78.76,-86.24,50000.0,50429.5,50750.22,0.859,480.0699999999997,912.0699999999997,1.7971744753027665,10,10,12,0,3074,75,1462,2.4398178269355886
2026-01-25 19:04:34.665224,0.48796781666666666,75,36,39,48.0,429.4999999999996,2061.61,1632.1100000000001,57.26694444444445,41.84897435897436,5.726666666666661,1.2631562823584195,78.76,-86.24,50000.0,50429.5,50750.22,0.859,480.0699999999997,912.0699999999997,1.7971744753027665,10,10,12,0,3076,75,1463,2.438231469440832
2026-01-25 19:04:34.682610,0.48825758333333336,75,36,39,48.0,429.4999999999996,2061.61,1632.1100000000001,57.26694444444445,41.84897435897436,5.726666666666661,1.2631562823584195,78.76,-86.24,50000.0,50429.5,50750.22,0.859,480.0699999999997,912.0699999999997,1.7971744753027665,10,10,12,0,3078,75,1464,2.4366471734892787
2026-01-25 19:04:34.700040,0.48854806666666667,75,36,39,48.0,429.4999999999996,2061.61,1632.1100000000001,57.26694444444445,41.84897435897436,5.726666666666661,1.2631562823584195,78.76,-86.24,50000.0,50429.5,50750.22,0.859,480.0699999999997,912.0699999999997,1.7971744753027665,10,10,12,0,3080,75,1465,2.4350649350649354
2026-01-25 19:04:34.717197,0.4888340166666667,75,36,39,48.0,429.4999999999996,2061.61,1632.1100000000001,57.26694444444445,41.84897435897436,5.726666666666661,1.2631562823584195,78.76,-86.24,50000.0,50429.5,50750.22,0.859,480.0699999999997,912.0699999999997,1.7971744753027665,10,10,12,0,3082,75,1466,2.4334847501622323
2026-01-25 19:04:34.734369,0.4891202333333334,75,36,39,48.0,429.4999999999996,2061.61,1632.1100000000001,57.26694444444445,41.84897435897436,5.726666666666661,1.2631562823584195,78.76,-86.24,50000.0,50429.5,50750.22,0.859,480.0699999999997,912.0699999999997,1.7971744753027665,10,10,12,0,3084,75,1467,2.4319066147859925
2026-01-25 19:04:34.751874,0.48941198333333336,75,36,39,48.0,429.4999999999996,2061.61,1632.1100000000001,57.26694444444445,41.84897435897436,5.726666666666661,1.2631562823584195,78.76,-86.24,50000.0,50429.5,50750.22,0.859,480.0699999999997,912.0699999999997,1.7971744753027665,10,10,12,0,3086,75,1468,2.4303305249513936
2026-01-25 19:04:34.769212,0.4897009333333333,75,36,39,48.0,429.4999999999996,2061.61,1632.1100000000001,57.26694444444445,41.84897435897436,5.726666666666661,1.2631562823584195,78.76,-86.24,50000.0,50429.5,50750.22,0.859,480.0699999999997,912.0699999999997,1.7971744753027665,10,10,12,0,3088,75,1469,2.4287564766839376
2026-01-25 19:04:34.786309,0.4899858833333333,75,36,39,48.0,429.4999999999996,2061.61,1632.1100000000001,57.26694444444445,41.84897435897436,5.726666666666661,1.2631562823584195,78.76,-86.24,50000.0,50429.5,50750.22,0.859,480.0699999999997,912.0699999999997,1.7971744753027665,10,10,12,0,3090,75,1470,2.4271844660194173
2026-01-25 19:04:34.803734,0.4902763,75,36,39,48.0,429.4999999999996,2061.61,1632.1100000000001,57.26694444444445,41.84897435897436,5.726666666666661,1.2631562823584195,78.76,-86.24,50000.0,50429.5,50750.22,0.859,480.0699999999997,912.0699999999997,1.7971744753027665,10,10,12,0,3092,75,1471,2.425614489003881
2026-01-25 19:04:34.820639,0.49055804999999997,75,36,39,48.0,429.4999999999996,2061.61,1632.1100000000001,57.26694444444445,41.84897435897436,5.726666666666661,1.2631562823584195,78.76,-86.24,50000.0,50429.5,50750.22,0.859,480.0699999999997,912.0699999999997,1.7971744753027665,10,10,12,0,3094,75,1472,2.424046541693601
2026-01-25 19:04:34.837836,0.49084466666666665,75,36,39,48.0,429.4999999999996,2061.61,1632.1100000000001,57.26694444444445,41.84897435897436,5.726666666666661,1.2631562823584195,78.76,-86.24,50000.0,50429.5,50750.22,0.859,480.0699999999997,912.0699999999997,1.7971744753027665,10,10,12,0,3096,75,1473,2.422480620155039
2026-01-25 19:04:34.854844,0.4911281333333333,75,36,39,48.0,429.4999999999996,2061.61,1632.1100000000001,57.26694444444445,41.84897435897436,5.726666666666661,1.2631562823584195,78.76,-86.24,50000.0,50429.5,50750.22,0.859,480.0699999999997,912.0699999999997,1.7971744753027665,10,10,12,0,3098,75,1474,2.420916720464816
2026-01-25 19:04:34.872424,0.49142113333333337,75,36,39,48.0,429.4999999999996,2061.61,1632.1100000000001,57.26694444444445,41.84897435897436,5.726666666666661,1.2631562823584195,78.76,-86.24,50000.0,50429.5,50750.22,0.859,480.0699999999997,912.0699999999997,1.7971744753027665,10,10,12,0,3100,75,1475,2.4193548387096775
2026-01-25 19:04:34.889562,0.4917067666666667,75,36,39,48.0,429.4999999999996,2061.61,1632.1100000000001,57.26694444444445,41.84897435897436,5.726666666666661,1.2631562823584195,78.76,-86.24,50000.0,50429.5,50750.22,0.859,480.0699999999997,912.0699999999997,1.7971744753027665,10,10,12,0,3102,75,1476,2.4177949709864603
2026-01-25 19:04:34.906118,0.49198271666666665,75,36,39,48.0,429.4999999999996,2061.61,1632.1100000000001,57.26694444444445,41.84897435897436,5.726666666666661,1.2631562823584195,78.76,-86.24,50000.0,50429.5,50750.22,0.859,480.0699999999997,912.0699999999997,1.7971744753027665,10,10,12,0,3104,75,1477,2.416237113402062
2026-01-25 19:04:34.923229,0.4922678833333333,75,36,39,48.0,429.4999999999996,2061.61,1632.1100000000001,57.26694444444445,41.84897435897436,5.726666666666661,1.2631562823584195,78.76,-86.24,50000.0,50429.5,50750.22,0.859,480.0699999999997,912.0699999999997,1.7971744753027665,10,10,12,0,3106,75,1478,2.414681262073406
2026-01-25 19:04:34.940364,0.4925534666666667,75,36,39,48.0,429.4999999999996,2061.61,1632.1100000000001,57.26694444444445,41.84897435897436,5.726666666666661,1.2631562823584195,78.76,-86.24,50000.0,50429.5,50750.22,0.859,480.0699999999997,912.0699999999997,1.7971744753027665,10,10,12,0,3108,75,1479,2.413127413127413
2026-01-25 19:04:34.956979,0.49283038333333334,75,36,39,48.0,429.4999999999996,2061.61,1632.1100000000001,57.26694444444445,41.84897435897436,5.726666666666661,1.2631562823584195,78.76,-86.24,50000.0,50429.5,50750.22,0.859,0.0,912.0699999999997,1.7971744753027665,10,10,12,0,3110,75,1480,2.4115755627009645
2026-01-25 19:04:34.973813,0.49311095,75,36,39,48.0,429.4999999999996,2061.61,1632.1100000000001,57.26694444444445,41.84897435897436,5.726666666666661,1.2631562823584195,78.76,-86.24,50000.0,50429.5,50750.22,0.859,0.0,912.0699999999997,1.7971744753027665,10,10,12,0,3112,75,1481,2.410025706940874
2026-01-25 19:04:34.991538,0.4934063666666667,75,36,39,48.0,429.4999999999996,2061.61,1632.1100000000001,57.26694444444445,41.84897435897436,5.726666666666661,1.2631562823584195,78.76,-86.24,50000.0,50429.5,50750.22,0.859,0.0,912.0699999999997,1.7971744753027665,10,10,12,0,3114,75,1482,2.4084778420038537
2026-01-25 19:04:35.008126,0.49368283333333335,75,36,39,48.0,429.4999999999996,2061.61,1632.1100000000001,57.26694444444445,41.84897435897436,5.726666666666661,1.2631562823584195,78.76,-86.24,50000.0,50429.5,50750.22,0.859,0.0,912.0699999999997,1.7971744753027665,10,10,12,0,3116,75,1483,2.4069319640564824
2026-01-25 19:04:35.024930,0.4939629166666667,75,36,39,48.0,429.4999999999996,2061.61,1632.1100000000001,57.26694444444445,41.84897435897436,5.726666666666661,1.2631562823584195,78.76,-86.24,50000.0,50429.5,50750.22,0.859,0.0,912.0699999999997,1.7971744753027665,10,10,12,0,3118,75,1484,2.4053880692751766
2026-01-25 19:04:35.042863,0.4942617833333333,75,36,39,48.0,429.4999999999996,2061.61,1632.1100000000001,57.26694444444445,41.84897435897436,5.726666666666661,1.2631562823584195,78.76,-86.24,50000.0,50429.5,50750.22,0.859,0.0,912.0699999999997,1.7971744753027665,10,10,12,0,3120,75,1485,2.403846153846154
2026-01-25 19:04:35.060038,0.49454803333333336,75,36,39,48.0,429.4999999999996,2061.61,1632.1100000000001,57.26694444444445,41.84897435897436,5.726666666666661,1.2631562823584195,78.76,-86.24,50000.0,50429.5,50750.22,0.859,0.0,912.0699999999997,1.7971744753027665,10,10,12,0,3122,75,1486,2.4023062139654066
2026-01-25 19:04:35.077364,0.49483679999999997,75,36,39,48.0,429.4999999999996,2061.61,1632.1100000000001,57.26694444444445,41.84897435897436,5.726666666666661,1.2631562823584195,78.76,-86.24,50000.0,50429.5,50750.22,0.859,0.0,912.0699999999997,1.7971744753027665,10,10,12,0,3124,75,1487,2.4007682458386683
2026-01-25 19:04:35.095014,0.49513096666666667,75,36,39,48.0,429.4999999999996,2061.61,1632.1100000000001,57.26694444444445,41.84897435897436,5.726666666666661,1.2631562823584195,78.76,-86.24,50000.0,50429.5,50750.22,0.859,0.0,912.0699999999997,1.7971744753027665,10,10,12,0,3126,75,1488,2.399232245681382
2026-01-25 19:04:35.113062,0.4954317833333333,75,36,39,48.0,429.4999999999996,2061.61,1632.1100000000001,57.26694444444445,41.84897435897436,5.726666666666661,1.2631562823584195,78.76,-86.24,50000.0,50429.5,50750.22,0.859,0.0,912.0699999999997,1.7971744753027665,10,10,12,0,3128,75,1489,2.39769820971867
2026-01-25 19:04:35.131642,0.4957414333333333,75,36,39,48.0,429.4999999999996,2061.61,1632.1100000000001,57.26694444444445,41.84897435897436,5.726666666666661,1.2631562823584195,78.76,-86.24,50000.0,50429.5,50750.22,0.859,0.0,912.0699999999997,1.7971744753027665,10,10,12,0,3130,75,1490,2.3961661341853033
2026-01-25 19:04:35.151093,0.49606561666666665,75,36,39,48.0,429.4999999999996,2061.61,1632.1100000000001,57.26694444444445,41.84897435897436,5.726666666666661,1.2631562823584195,78.76,-86.24,50000.0,50429.5,50750.22,0.859,0.0,912.0699999999997,1.7971744753027665,10,10,12,0,3132,75,1491,2.3946360153256707
2026-01-25 19:04:35.168218,0.4963510333333333,75,36,39,48.0,429.4999999999996,2061.61,1632.1100000000001,57.26694444444445,41.84897435897436,5.726666666666661,1.2631562823584195,78.76,-86.24,50000.0,50429.5,50750.22,0.859,0.0,912.0699999999997,1.7971744753027665,10,10,12,0,3134,75,1492,2.393107849393746
2026-01-25 19:04:35.185700,0.4966424,75,36,39,48.0,429.4999999999996,2061.61,1632.1100000000001,57.26694444444445,41.84897435897436,5.726666666666661,1.2631562823584195,78.76,-86.24,50000.0,50429.5,50750.22,0.859,0.0,912.0699999999997,1.7971744753027665,10,10,12,0,3136,75,1493,2.391581632653061
2026-01-25 19:04:35.203445,0.49693815,75,36,39,48.0,429.4999999999996,2061.61,1632.1100000000001,57.26694444444445,41.84897435897436,5.726666666666661,1.2631562823584195,78.76,-86.24,50000.0,50429.5,50750.22,0.859,0.0,912.0699999999997,1.7971744753027665,10,10,12,0,3138,75,1494,2.390057361376673
2026-01-25 19:04:35.220804,0.4972274666666667,75,36,39,48.0,429.4999999999996,2061.61,1632.1100000000001,57.26694444444445,41.84897435897436,5.726666666666661,1.2631562823584195,78.76,-86.24,50000.0,50429.5,50750.22,0.859,0.0,912.0699999999997,1.7971744753027665,10,10,12,0,3140,75,1495,2.388535031847134
2026-01-25 19:04:35.238044,0.49751480000000003,75,36,39,48.0,429.4999999999996,2061.61,1632.1100000000001,57.26694444444445,41.84897435897436,5.726666666666661,1.2631562823584195,78.76,-86.24,50000.0,50429.5,50750.22,0.859,0.0,912.0699999999997,1.7971744753027665,10,10,12,0,3142,75,1496,2.387014640356461
2026-01-25 19:04:35.254718,0.4977927,75,36,39,48.0,429.4999999999996,2061.61,1632.1100000000001,57.26694444444445,41.84897435897436,5.726666666666661,1.2631562823584195,78.76,-86.24,50000.0,50429.5,50750.22,0.859,0.0,912.0699999999997,1.7971744753027665,10,10,12,0,3144,75,1497,2.385496183206107
2026-01-25 19:04:35.272015,0.49808098333333334,75,36,39,48.0,429.4999999999996,2061.61,1632.1100000000001,57.26694444444445,41.84897435897436,5.726666666666661,1.2631562823584195,78.76,-86.24,50000.0,50429.5,50750.22,0.859,0.0,912.0699999999997,1.7971744753027665,10,10,12,0,3146,75,1498,2.3839796567069294
2026-01-25 19:04:35.288863,0.4983617833333333,75,36,39,48.0,429.4999999999996,2061.61,1632.1100000000001,57.26694444444445,41.84897435897436,5.726666666666661,1.2631562823584195,78.76,-86.24,50000.0,50429.5,50750.22,0.859,0.0,912.0699999999997,1.7971744753027665,10,10,12,0,3148,75,1499,2.3824650571791612
2026-01-25 19:04:35.306271,0.4986519166666667,75,36,39,48.0,429.4999999999996,2061.61,1632.1100000000001,57.26694444444445,41.84897435897436,5.726666666666661,1.2631562823584195,78.76,-86.24,50000.0,50429.5,50750.22,0.859,0.0,912.0699999999997,1.7971744753027665,10,10,12,0,3150,75,1500,2.380952380952381
2026-01-25 19:04:35.323325,0.4989361666666667,75,36,39,48.0,429.4999999999996,2061.61,1632.1100000000001,57.26694444444445,41.84897435897436,5.726666666666661,1.2631562823584195,78.76,-86.24,50000.0,50429.5,50750.22,0.859,0.0,912.0699999999997,1.7971744753027665,10,10,12,0,3152,75,1501,2.379441624365482
2026-01-25 19:04:35.340312,0.49921926666666666,75,36,39,48.0,429.4999999999996,2061.61,1632.1100000000001,57.26694444444445,41.84897435897436,5.726666666666661,1.2631562823584195,78.76,-86.24,50000.0,50429.5,50750.22,0.859,0.0,912.0699999999997,1.7971744753027665,10,10,12,0,3154,75,1502,2.3779327837666457
2026-01-25 19:04:35.357155,0.49949998333333334,75,36,39,48.0,429.4999999999996,2061.61,1632.1100000000001,57.26694444444445,41.84897435897436,5.726666666666661,1.2631562823584195,78.76,-86.24,50000.0,50429.5,50750.22,0.859,0.0,912.0699999999997,1.7971744753027665,10,10,12,0,3156,75,1503,2.376425855513308
2026-01-25 19:04:35.374190,0.4997839,75,36,39,48.0,429.4999999999996,2061.61,1632.1100000000001,57.26694444444445,41.84897435897436,5.726666666666661,1.2631562823584195,78.76,-86.24,50000.0,50429.5,50750.22,0.859,0.0,912.0699999999997,1.7971744753027665,10,10,12,0,3158,75,1504,2.3749208359721345
2026-01-25 19:04:35.392023,0.5000811166666667,75,36,39,48.0,429.4999999999996,2061.61,1632.1100000000001,57.26694444444445,41.84897435897436,5.726666666666661,1.2631562823584195,78.76,-86.24,50000.0,50429.5,50750.22,0.859,0.0,912.0699999999997,1.7971744753027665,10,10,12,0,3160,75,1505,2.3734177215189876
2026-01-25 19:04:35.409319,0.5003694,75,36,39,48.0,429.4999999999996,2061.61,1632.1100000000001,57.26694444444445,41.84897435897436,5.726666666666661,1.2631562823584195,78.76,-86.24,50000.0,50429.5,50750.22,0.859,0.0,912.0699999999997,1.7971744753027665,10,10,12,0,3162,75,1506,2.3719165085388996
2026-01-25 19:04:35.426705,0.50065915,75,36,39,48.0,429.4999999999996,2061.61,1632.1100000000001,57.26694444444445,41.84897435897436,5.726666666666661,1.2631562823584195,78.76,-86.24,50000.0,50429.5,50750.22,0.859,0.0,912.0699999999997,1.7971744753027665,10,10,12,0,3164,75,1507,2.370417193426043
2026-01-25 19:04:35.443976,0.5009470166666666,75,36,39,48.0,429.4999999999996,2061.61,1632.1100000000001,57.26694444444445,41.84897435897436,5.726666666666661,1.2631562823584195,78.76,-86.24,50000.0,50429.5,50750.22,0.859,0.0,912.0699999999997,1.7971744753027665,10,10,12,0,3166,75,1508,2.368919772583702
2026-01-25 19:04:35.461366,0.5012368333333334,75,36,39,48.0,429.4999999999996,2061.61,1632.1100000000001,57.26694444444445,41.84897435897436,5.726666666666661,1.2631562823584195,78.76,-86.24,50000.0,50429.5,50750.22,0.859,0.0,912.0699999999997,1.7971744753027665,10,10,12,0,3168,75,1509,2.367424242424242
2026-01-25 19:04:35.478460,0.5015217333333334,75,36,39,48.0,429.4999999999996,2061.61,1632.1100000000001,57.26694444444445,41.84897435897436,5.726666666666661,1.2631562823584195,78.76,-86.24,50000.0,50429.5,50750.22,0.859,0.0,912.0699999999997,1.7971744753027665,10,10,12,0,3170,75,1510,2.365930599369085
2026-01-25 19:04:35.495962,0.5018134333333334,75,36,39,48.0,429.4999999999996,2061.61,1632.1100000000001,57.26694444444445,41.84897435897436,5.726666666666661,1.2631562823584195,78.76,-86.24,50000.0,50429.5,50750.22,0.859,0.0,912.0699999999997,1.7971744753027665,10,10,12,0,3172,75,1511,2.3644388398486758
2026-01-25 19:04:35.513172,0.5021002833333333,75,36,39,48.0,429.4999999999996,2061.61,1632.1100000000001,57.26694444444445,41.84897435897436,5.726666666666661,1.2631562823584195,78.76,-86.24,50000.0,50429.5,50750.22,0.859,0.0,912.0699999999997,1.7971744753027665,10,10,12,0,3174,75,1512,2.3629489603024574
2026-01-25 19:04:35.530413,0.5023876166666666,75,36,39,48.0,429.4999999999996,2061.61,1632.1100000000001,57.26694444444445,41.84897435897436,5.726666666666661,1.2631562823584195,78.76,-86.24,50000.0,50429.5,50750.22,0.859,0.0,912.0699999999997,1.7971744753027665,10,10,12,0,3176,75,1513,2.361460957178841
2026-01-25 19:04:35.547645,0.5026748166666667,75,36,39,48.0,429.4999999999996,2061.61,1632.1100000000001,57.26694444444445,41.84897435897436,5.726666666666661,1.2631562823584195,78.76,-86.24,50000.0,50429.5,50750.22,0.859,0.0,912.0699999999997,1.7971744753027665,10,10,12,0,3178,75,1514,2.3599748269351792
2026-01-25 19:04:35.564974,0.5029636333333333,75,36,39,48.0,429.4999999999996,2061.61,1632.1100000000001,57.26694444444445,41.84897435897436,5.726666666666661,1.2631562823584195,78.76,-86.24,50000.0,50429.5,50750.22,0.859,0.0,912.0699999999997,1.7971744753027665,10,10,12,0,3180,75,1515,2.358490566037736
2026-01-25 19:04:35.581861,0.5032450833333333,75,36,39,48.0,429.4999999999996,2061.61,1632.1100000000001,57.26694444444445,41.84897435897436,5.726666666666661,1.2631562823584195,78.76,-86.24,50000.0,50429.5,50750.22,0.859,0.0,912.0699999999997,1.7971744753027665,10,10,12,0,3182,75,1516,2.3570081709616595
2026-01-25 19:04:35.598649,0.5035248999999999,75,36,39,48.0,429.4999999999996,2061.61,1632.1100000000001,57.26694444444445,41.84897435897436,5.726666666666661,1.2631562823584195,78.76,-86.24,50000.0,50429.5,50750.22,0.859,0.0,912.0699999999997,1.7971744753027665,10,10,12,0,3184,75,1517,2.355527638190955
2026-01-25 19:04:35.615755,0.5038099833333333,75,36,39,48.0,429.4999999999996,2061.61,1632.1100000000001,57.26694444444445,41.84897435897436,5.726666666666661,1.2631562823584195,78.76,-86.24,50000.0,50429.5,50750.22,0.859,0.0,912.0699999999997,1.7971744753027665,10,10,12,0,3186,75,1518,2.354048964218456
2026-01-25 19:04:35.632333,0.5040862833333334,75,36,39,48.0,429.4999999999996,2061.61,1632.1100000000001,57.26694444444445,41.84897435897436,5.726666666666661,1.2631562823584195,78.76,-86.24,50000.0,50429.5,50750.22,0.859,0.0,912.0699999999997,1.7971744753027665,10,10,12,0,3188,75,1519,2.3525721455457966
2026-01-25 19:04:35.649419,0.50437105,75,36,39,48.0,429.4999999999996,2061.61,1632.1100000000001,57.26694444444445,41.84897435897436,5.726666666666661,1.2631562823584195,78.76,-86.24,50000.0,50429.5,50750.22,0.859,0.0,912.0699999999997,1.7971744753027665,10,10,12,0,3190,75,1520,2.3510971786833856
2026-01-25 19:04:35.666577,0.5046570166666666,75,36,39,48.0,429.4999999999996,2061.61,1632.1100000000001,57.26694444444445,41.84897435897436,5.726666666666661,1.2631562823584195,78.76,-86.24,50000.0,50429.5,50750.22,0.859,0.0,912.0699999999997,1.7971744753027665,10,10,12,0,3192,75,1521,2.3496240601503757
2026-01-25 19:04:35.684121,0.5049494166666667,75,36,39,48.0,429.4999999999996,2061.61,1632.1100000000001,57.26694444444445,41.84897435897436,5.726666666666661,1.2631562823584195,78.76,-86.24,50000.0,50429.5,50750.22,0.859,0.0,912.0699999999997,1.7971744753027665,10,10,12,0,3194,75,1522,2.34815278647464
2026-01-25 19:04:35.700702,0.5052257833333333,75,36,39,48.0,429.4999999999996,2061.61,1632.1100000000001,57.26694444444445,41.84897435897436,5.726666666666661,1.2631562823584195,78.76,-86.24,50000.0,50429.5,50750.22,0.859,0.0,912.0699999999997,1.7971744753027665,10,10,12,0,3196,75,1523,2.346683354192741
2026-01-25 19:04:35.718236,0.505518,75,36,39,48.0,429.4999999999996,2061.61,1632.1100000000001,57.26694444444445,41.84897435897436,5.726666666666661,1.2631562823584195,78.76,-86.24,50000.0,50429.5,50750.22,0.859,0.0,912.0699999999997,1.7971744753027665,10,10,12,0,3198,75,1524,2.345215759849906
2026-01-25 19:04:35.736160,0.5058167333333333,75,36,39,48.0,429.4999999999996,2061.61,1632.1100000000001,57.26694444444445,41.84897435897436,5.726666666666661,1.2631562823584195,78.76,-86.24,50000.0,50429.5,50750.22,0.859,0.0,912.0699999999997,1.7971744753027665,10,10,12,0,3200,75,1525,2.34375
2026-01-25 19:04:35.753612,0.5061076166666667,75,36,39,48.0,429.4999999999996,2061.61,1632.1100000000001,57.26694444444445,41.84897435897436,5.726666666666661,1.2631562823584195,78.76,-86.24,50000.0,50429.5,50750.22,0.859,0.0,912.0699999999997,1.7971744753027665,10,10,12,0,3202,75,1526,2.3422860712054967
2026-01-25 19:04:35.770945,0.5063964833333333,75,36,39,48.0,429.4999999999996,2061.61,1632.1100000000001,57.26694444444445,41.84897435897436,5.726666666666661,1.2631562823584195,78.76,-86.24,50000.0,50429.5,50750.22,0.859,0.0,912.0699999999997,1.7971744753027665,10,10,12,0,3204,75,1527,2.3408239700374533
2026-01-25 19:04:35.788309,0.5066858833333333,75,36,39,48.0,429.4999999999996,2061.61,1632.1100000000001,57.26694444444445,41.84897435897436,5.726666666666661,1.2631562823584195,78.76,-86.24,50000.0,50429.5,50750.22,0.859,0.0,912.0699999999997,1.7971744753027665,10,10,12,0,3206,75,1528,2.3393636930754833
2026-01-25 19:04:35.805688,0.5069755333333333,75,36,39,48.0,429.4999999999996,2061.61,1632.1100000000001,57.26694444444445,41.84897435897436,5.726666666666661,1.2631562823584195,78.76,-86.24,50000.0,50429.5,50750.22,0.859,0.0,912.0699999999997,1.7971744753027665,10,10,12,0,3208,75,1529,2.337905236907731
2026-01-25 19:04:35.822627,0.50725785,75,36,39,48.0,429.4999999999996,2061.61,1632.1100000000001,57.26694444444445,41.84897435897436,5.726666666666661,1.2631562823584195,78.76,-86.24,50000.0,50429.5,50750.22,0.859,0.0,912.0699999999997,1.7971744753027665,10,10,12,0,3210,75,1530,2.336448598130841
2026-01-25 19:04:35.839788,0.5075438666666667,75,36,39,48.0,429.4999999999996,2061.61,1632.1100000000001,57.26694444444445,41.84897435897436,5.726666666666661,1.2631562823584195,78.76,-86.24,50000.0,50429.5,50750.22,0.859,0.0,912.0699999999997,1.7971744753027665,10,10,12,0,3212,75,1531,2.3349937733499377
2026-01-25 19:04:35.880774,0.5082269666666667,75,36,39,48.0,429.4999999999996,2061.61,1632.1100000000001,57.26694444444445,41.84897435897436,5.726666666666661,1.2631562823584195,78.76,-86.24,50000.0,50429.5,50750.22,0.859,0.0,912.0699999999997,1.7971744753027665,10,10,12,0,3214,75,1532,2.3335407591785935
2026-01-25 19:04:35.897690,0.5085089,75,36,39,48.0,429.4999999999996,2061.61,1632.1100000000001,57.26694444444445,41.84897435897436,5.726666666666661,1.2631562823584195,78.76,-86.24,50000.0,50429.5,50750.22,0.859,0.0,912.0699999999997,1.7971744753027665,10,10,12,0,3216,75,1533,2.332089552238806
2026-01-25 19:04:35.915059,0.5087983833333333,75,36,39,48.0,429.4999999999996,2061.61,1632.1100000000001,57.26694444444445,41.84897435897436,5.726666666666661,1.2631562823584195,78.76,-86.24,50000.0,50429.5,50750.22,0.859,0.0,912.0699999999997,1.7971744753027665,10,10,12,0,3218,75,1534,2.3306401491609696
2026-01-25 19:04:35.932275,0.5090853166666667,75,36,39,48.0,429.4999999999996,2061.61,1632.1100000000001,57.26694444444445,41.84897435897436,5.726666666666661,1.2631562823584195,78.76,-86.24,50000.0,50429.5,50750.22,0.859,0.0,912.0699999999997,1.7971744753027665,10,10,12,0,3220,75,1535,2.329192546583851
2026-01-25 19:04:35.949709,0.5093759,75,36,39,48.0,429.4999999999996,2061.61,1632.1100000000001,57.26694444444445,41.84897435897436,5.726666666666661,1.2631562823584195,78.76,-86.24,50000.0,50429.5,50750.22,0.859,0.0,912.0699999999997,1.7971744753027665,10,10,12,0,3222,75,1536,2.3277467411545625
2026-01-25 19:04:35.966937,0.5096630166666667,75,36,39,48.0,429.4999999999996,2061.61,1632.1100000000001,57.26694444444445,41.84897435897436,5.726666666666661,1.2631562823584195,78.76,-86.24,50000.0,50429.5,50750.22,0.859,0.0,912.0699999999997,1.7971744753027665,10,10,12,0,3224,75,1537,2.326302729528536
2026-01-25 19:04:35.984151,0.5099499166666667,75,36,39,48.0,429.4999999999996,2061.61,1632.1100000000001,57.26694444444445,41.84897435897436,5.726666666666661,1.2631562823584195,78.76,-86.24,50000.0,50429.5,50750.22,0.859,0.0,912.0699999999997,1.7971744753027665,10,10,12,0,3226,75,1538,2.3248605083694978
2026-01-25 19:04:36.000788,0.5102272,75,36,39,48.0,429.4999999999996,2061.61,1632.1100000000001,57.26694444444445,41.84897435897436,5.726666666666661,1.2631562823584195,78.76,-86.24,50000.0,50429.5,50750.22,0.859,0.0,912.0699999999997,1.7971744753027665,10,10,12,0,3228,75,1539,2.323420074349442
2026-01-25 19:04:36.018014,0.5105143,75,36,39,48.0,429.4999999999996,2061.61,1632.1100000000001,57.26694444444445,41.84897435897436,5.726666666666661,1.2631562823584195,78.76,-86.24,50000.0,50429.5,50750.22,0.859,0.0,912.0699999999997,1.7971744753027665,10,10,12,0,3230,75,1540,2.321981424148607
2026-01-25 19:04:36.035062,0.5107984333333333,75,36,39,48.0,429.4999999999996,2061.61,1632.1100000000001,57.26694444444445,41.84897435897436,5.726666666666661,1.2631562823584195,78.76,-86.24,50000.0,50429.5,50750.22,0.859,0.0,912.0699999999997,1.7971744753027665,10,10,12,0,3232,75,1541,2.3205445544554455
2026-01-25 19:04:36.052385,0.51108715,75,36,39,48.0,429.4999999999996,2061.61,1632.1100000000001,57.26694444444445,41.84897435897436,5.726666666666661,1.2631562823584195,78.76,-86.24,50000.0,50429.5,50750.22,0.859,0.0,912.0699999999997,1.7971744753027665,10,10,12,0,3234,75,1542,2.3191094619666046
2026-01-25 19:04:36.069667,0.5113751833333333,75,36,39,48.0,429.4999999999996,2061.61,1632.1100000000001,57.26694444444445,41.84897435897436,5.726666666666661,1.2631562823584195,78.76,-86.24,50000.0,50429.5,50750.22,0.859,0.0,912.0699999999997,1.7971744753027665,10,10,12,0,3236,75,1543,2.317676143386897
2026-01-25 19:04:36.086737,0.5116596833333333,75,36,39,48.0,429.4999999999996,2061.61,1632.1100000000001,57.26694444444445,41.84897435897436,5.726666666666661,1.2631562823584195,78.76,-86.24,50000.0,50429.5,50750.22,0.859,0.0,912.0699999999997,1.7971744753027665,10,10,12,0,3238,75,1544,2.316244595429277
2026-01-25 19:04:36.104069,0.5119485500000001,75,36,39,48.0,429.4999999999996,2061.61,1632.1100000000001,57.26694444444445,41.84897435897436,5.726666666666661,1.2631562823584195,78.76,-86.24,50000.0,50429.5,50750.22,0.859,0.0,912.0699999999997,1.7971744753027665,10,10,12,0,3240,75,1545,2.314814814814815
2026-01-25 19:04:36.121303,0.5122357833333333,75,36,39,48.0,429.4999999999996,2061.61,1632.1100000000001,57.26694444444445,41.84897435897436,5.726666666666661,1.2631562823584195,78.76,-86.24,50000.0,50429.5,50750.22,0.859,0.0,912.0699999999997,1.7971744753027665,10,10,12,0,3242,75,1546,2.313386798272671
2026-01-25 19:04:36.138235,0.5125179833333333,75,36,39,48.0,429.4999999999996,2061.61,1632.1100000000001,57.26694444444445,41.84897435897436,5.726666666666661,1.2631562823584195,78.76,-86.24,50000.0,50429.5,50750.22,0.859,0.0,912.0699999999997,1.7971744753027665,10,10,12,0,3244,75,1547,2.311960542540074
2026-01-25 19:04:36.155226,0.5128011666666666,75,36,39,48.0,429.4999999999996,2061.61,1632.1100000000001,57.26694444444445,41.84897435897436,5.726666666666661,1.2631562823584195,78.76,-86.24,50000.0,50429.5,50750.22,0.859,0.0,912.0699999999997,1.7971744753027665,10,10,12,0,3246,75,1548,2.310536044362292
2026-01-25 19:04:36.172284,0.5130854666666667,75,36,39,48.0,429.4999999999996,2061.61,1632.1100000000001,57.26694444444445,41.84897435897436,5.726666666666661,1.2631562823584195,78.76,-86.24,50000.0,50429.5,50750.22,0.859,0.0,912.0699999999997,1.7971744753027665,10,10,12,0,3248,75,1549,2.3091133004926108
2026-01-25 19:04:36.189324,0.5133694666666667,75,36,39,48.0,429.4999999999996,2061.61,1632.1100000000001,57.26694444444445,41.84897435897436,5.726666666666661,1.2631562823584195,78.76,-86.24,50000.0,50429.5,50750.22,0.859,0.0,912.0699999999997,1.7971744753027665,10,10,12,0,3250,75,1550,2.307692307692308
2026-01-25 19:04:36.206431,0.5136546,75,36,39,48.0,429.4999999999996,2061.61,1632.1100000000001,57.26694444444445,41.84897435897436,5.726666666666661,1.2631562823584195,78.76,-86.24,50000.0,50429.5,50750.22,0.859,0.0,912.0699999999997,1.7971744753027665,10,10,12,0,3252,75,1551,2.3062730627306274
2026-01-25 19:04:36.223431,0.5139379166666667,75,36,39,48.0,429.4999999999996,2061.61,1632.1100000000001,57.26694444444445,41.84897435897436,5.726666666666661,1.2631562823584195,78.76,-86.24,50000.0,50429.5,50750.22,0.859,0.0,912.0699999999997,1.7971744753027665,10,10,12,0,3254,75,1552,2.3048555623847573
2026-01-25 19:04:36.240344,0.5142198,75,36,39,48.0,429.4999999999996,2061.61,1632.1100000000001,57.26694444444445,41.84897435897436,5.726666666666661,1.2631562823584195,78.76,-86.24,50000.0,50429.5,50750.22,0.859,0.0,912.0699999999997,1.7971744753027665,10,10,12,0,3256,75,1553,2.3034398034398036
2026-01-25 19:04:36.257232,0.5145012666666667,75,36,39,48.0,429.4999999999996,2061.61,1632.1100000000001,57.26694444444445,41.84897435897436,5.726666666666661,1.2631562823584195,78.76,-86.24,50000.0,50429.5,50750.22,0.859,0.0,912.0699999999997,1.7971744753027665,10,10,12,0,3258,75,1554,2.3020257826887662
2026-01-25 19:04:36.273955,0.5147799833333333,75,36,39,48.0,429.4999999999996,2061.61,1632.1100000000001,57.26694444444445,41.84897435897436,5.726666666666661,1.2631562823584195,78.76,-86.24,50000.0,50429.5,50750.22,0.859,0.0,912.0699999999997,1.7971744753027665,10,10,12,0,3260,75,1555,2.3006134969325154
2026-01-25 19:04:36.290906,0.5150625,75,36,39,48.0,429.4999999999996,2061.61,1632.1100000000001,57.26694444444445,41.84897435897436,5.726666666666661,1.2631562823584195,78.76,-86.24,50000.0,50429.5,50750.22,0.859,0.0,912.0699999999997,1.7971744753027665,10,10,12,0,3262,75,1556,2.299202942979767
2026-01-25 19:04:36.307511,0.51533925,75,36,39,48.0,429.4999999999996,2061.61,1632.1100000000001,57.26694444444445,41.84897435897436,5.726666666666661,1.2631562823584195,78.76,-86.24,50000.0,50429.5,50750.22,0.859,0.0,912.0699999999997,1.7971744753027665,10,10,12,0,3264,75,1557,2.297794117647059
2026-01-25 19:04:36.324695,0.51562565,75,36,39,48.0,429.4999999999996,2061.61,1632.1100000000001,57.26694444444445,41.84897435897436,5.726666666666661,1.2631562823584195,78.76,-86.24,50000.0,50429.5,50750.22,0.859,0.0,912.0699999999997,1.7971744753027665,10,10,12,0,3266,75,1558,2.2963870177587262
2026-01-25 19:04:36.342322,0.5159194333333333,75,36,39,48.0,429.4999999999996,2061.61,1632.1100000000001,57.26694444444445,41.84897435897436,5.726666666666661,1.2631562823584195,78.76,-86.24,50000.0,50429.5,50750.22,0.859,0.0,912.0699999999997,1.7971744753027665,10,10,12,0,3268,75,1559,2.2949816401468786
2026-01-25 19:04:36.359369,0.51620355,75,36,39,48.0,429.4999999999996,2061.61,1632.1100000000001,57.26694444444445,41.84897435897436,5.726666666666661,1.2631562823584195,78.76,-86.24,50000.0,50429.5,50750.22,0.859,0.0,912.0699999999997,1.7971744753027665,10,10,12,0,3270,75,1560,2.293577981651376
2026-01-25 19:04:36.381079,0.5165654,75,36,39,48.0,429.4999999999996,2061.61,1632.1100000000001,57.26694444444445,41.84897435897436,5.726666666666661,1.2631562823584195,78.76,-86.24,50000.0,50429.5,50750.22,0.859,0.0,912.0699999999997,1.7971744753027665,10,10,12,0,3272,75,1561,2.2921760391198047
2026-01-25 19:04:36.399172,0.5168669333333333,75,36,39,48.0,429.4999999999996,2061.61,1632.1100000000001,57.26694444444445,41.84897435897436,5.726666666666661,1.2631562823584195,78.76,-86.24,50000.0,50429.5,50750.22,0.859,0.0,912.0699999999997,1.7971744753027665,10,10,12,0,3274,75,1562,2.2907758094074526
2026-01-25 19:04:36.416275,0.517152,75,36,39,48.0,429.4999999999996,2061.61,1632.1100000000001,57.26694444444445,41.84897435897436,5.726666666666661,1.2631562823584195,78.76,-86.24,50000.0,50429.5,50750.22,0.859,0.0,912.0699999999997,1.7971744753027665,10,10,12,0,3276,75,1563,2.2893772893772892
2026-01-25 19:04:36.433629,0.5174412166666666,75,36,39,48.0,429.4999999999996,2061.61,1632.1100000000001,57.26694444444445,41.84897435897436,5.726666666666661,1.2631562823584195,78.76,-86.24,50000.0,50429.5,50750.22,0.859,0.0,912.0699999999997,1.7971744753027665,10,10,12,0,3278,75,1564,2.287980475899939
2026-01-25 19:04:36.449877,0.5177120166666667,75,36,39,48.0,429.4999999999996,2061.61,1632.1100000000001,57.26694444444445,41.84897435897436,5.726666666666661,1.2631562823584195,78.76,-86.24,50000.0,50429.5,50750.22,0.859,0.0,912.0699999999997,1.7971744753027665,10,10,12,0,3280,75,1565,2.2865853658536586
2026-01-25 19:04:36.467594,0.5180073000000001,75,36,39,48.0,429.4999999999996,2061.61,1632.1100000000001,57.26694444444445,41.84897435897436,5.726666666666661,1.2631562823584195,78.76,-86.24,50000.0,50429.5,50750.22,0.859,0.0,912.0699999999997,1.7971744753027665,10,10,12,0,3282,75,1566,2.2851919561243146
2026-01-25 19:04:36.484284,0.5182854666666666,75,36,39,48.0,429.4999999999996,2061.61,1632.1100000000001,57.26694444444445,41.84897435897436,5.726666666666661,1.2631562823584195,78.76,-86.24,50000.0,50429.5,50750.22,0.859,0.0,912.0699999999997,1.7971744753027665,10,10,12,0,3284,75,1567,2.2838002436053593
2026-01-25 19:04:36.501820,0.51857775,75,36,39,48.0,429.4999999999996,2061.61,1632.1100000000001,57.26694444444445,41.84897435897436,5.726666666666661,1.2631562823584195,78.76,-86.24,50000.0,50429.5,50750.22,0.859,0.0,912.0699999999997,1.7971744753027665,10,10,12,1,3286,76,1567,2.3128423615337796
2026-01-25 19:04:36.519570,0.5188735666666667,75,36,39,48.0,429.4999999999996,2061.61,1632.1100000000001,57.26694444444445,41.84897435897436,5.726666666666661,1.2631562823584195,78.76,-86.24,50000.0,50444.5,50750.22,0.889,15.0,912.0699999999997,1.7971744753027665,10,10,12,1,3288,76,1568,2.3114355231143553
2026-01-25 19:04:36.536980,0.5191637333333333,75,36,39,48.0,429.4999999999996,2061.61,1632.1100000000001,57.26694444444445,41.84897435897436,5.726666666666661,1.2631562823584195,78.76,-86.24,50000.0,50442.0,50750.22,0.8840000000000001,12.5,912.0699999999997,1.7971744753027665,10,10,12,1,3290,76,1569,2.310030395136778
2026-01-25 19:04:36.554269,0.5194519000000001,75,36,39,48.0,429.4999999999996,2061.61,1632.1100000000001,57.26694444444445,41.84897435897436,5.726666666666661,1.2631562823584195,78.76,-86.24,50000.0,50445.75,50750.22,0.8915,16.25,912.0699999999997,1.7971744753027665,10,10,12,1,3292,76,1570,2.3086269744835968
2026-01-25 19:04:36.571876,0.5197453333333333,75,36,39,48.0,429.4999999999996,2061.61,1632.1100000000001,57.26694444444445,41.84897435897436,5.726666666666661,1.2631562823584195,78.76,-86.24,50000.0,50450.75,50750.22,0.9015000000000001,21.25,912.0699999999997,1.7971744753027665,10,10,12,1,3294,76,1571,2.30722525804493
2026-01-25 19:04:36.589262,0.5200351,75,36,39,48.0,429.4999999999996,2061.61,1632.1100000000001,57.26694444444445,41.84897435897436,5.726666666666661,1.2631562823584195,78.76,-86.24,50000.0,50454.5,50750.22,0.909,25.0,912.0699999999997,1.7971744753027665,10,10,12,1,3296,76,1572,2.3058252427184467
2026-01-25 19:04:36.606782,0.5203271,75,36,39,48.0,429.4999999999996,2061.61,1632.1100000000001,57.26694444444445,41.84897435897436,5.726666666666661,1.2631562823584195,78.76,-86.24,50000.0,50452.0,50750.22,0.9039999999999999,22.5,912.0699999999997,1.7971744753027665,10,10,12,1,3298,76,1573,2.3044269254093392
2026-01-25 19:04:36.623947,0.5206131833333333,75,36,39,48.0,429.4999999999996,2061.61,1632.1100000000001,57.26694444444445,41.84897435897436,5.726666666666661,1.2631562823584195,78.76,-86.24,50000.0,50440.75,50750.22,0.8815,11.25,912.0699999999997,1.7971744753027665,10,10,12,1,3300,76,1574,2.3030303030303028
2026-01-25 19:04:36.640890,0.52089555,75,36,39,48.0,429.4999999999996,2061.61,1632.1100000000001,57.26694444444445,41.84897435897436,5.726666666666661,1.2631562823584195,78.76,-86.24,50000.0,50449.5,50750.22,0.899,20.0,912.0699999999997,1.7971744753027665,10,10,12,1,3302,76,1575,2.301635372501514
2026-01-25 19:04:36.657803,0.52117745,75,36,39,48.0,429.4999999999996,2061.61,1632.1100000000001,57.26694444444445,41.84897435897436,5.726666666666661,1.2631562823584195,78.76,-86.24,50000.0,50443.25,50750.22,0.8865,13.75,912.0699999999997,1.7971744753027665,10,10,12,1,3304,76,1576,2.3002421307506054
2026-01-25 19:04:36.675639,0.5214747166666667,75,36,39,48.0,429.4999999999996,2061.61,1632.1100000000001,57.26694444444445,41.84897435897436,5.726666666666661,1.2631562823584195,78.76,-86.24,50000.0,50452.0,50750.22,0.9039999999999999,22.5,912.0699999999997,1.7971744753027665,10,10,12,1,3306,76,1577,2.2988505747126435
2026-01-25 19:04:36.692762,0.5217601000000001,75,36,39,48.0,429.4999999999996,2061.61,1632.1100000000001,57.26694444444445,41.84897435897436,5.726666666666661,1.2631562823584195,78.76,-86.24,50000.0,50439.5,50750.22,0.8789999999999999,10.0,912.0699999999997,1.7971744753027665,10,10,12,1,3308,76,1578,2.2974607013301087
2026-01-25 19:04:36.709937,0.52204635,75,36,39,48.0,429.4999999999996,2061.61,1632.1100000000001,57.26694444444445,41.84897435897436,5.726666666666661,1.2631562823584195,78.76,-86.24,50000.0,50440.75,50750.22,0.8815,11.25,912.0699999999997,1.7971744753027665,10,10,12,1,3310,76,1579,2.29607250755287
2026-01-25 19:04:36.727037,0.52233135,75,36,39,48.0,429.4999999999996,2061.61,1632.1100000000001,57.26694444444445,41.84897435897436,5.726666666666661,1.2631562823584195,78.76,-86.24,50000.0,50432.0,50750.22,0.864,2.5,912.0699999999997,1.7971744753027665,10,10,12,1,3312,76,1580,2.2946859903381642
2026-01-25 19:04:36.744121,0.5226160833333333,75,36,39,48.0,429.4999999999996,2061.61,1632.1100000000001,57.26694444444445,41.84897435897436,5.726666666666661,1.2631562823584195,78.76,-86.24,50000.0,50437.0,50750.22,0.874,7.5,912.0699999999997,1.7971744753027665,10,10,12,1,3314,76,1581,2.2933011466505735
2026-01-25 19:04:36.761502,0.5229057666666667,75,36,39,48.0,429.4999999999996,2061.61,1632.1100000000001,57.26694444444445,41.84897435897436,5.726666666666661,1.2631562823584195,78.76,-86.24,50000.0,50423.25,50750.22,0.8465,-6.25,912.0699999999997,1.7971744753027665,10,10,12,1,3316,76,1582,2.2919179734620023
2026-01-25 19:04:36.778665,0.5231918166666667,75,36,39,48.0,429.4999999999996,2061.61,1632.1100000000001,57.26694444444445,41.84897435897436,5.726666666666661,1.2631562823584195,78.76,-86.24,50000.0,50438.25,50750.22,0.8765000000000001,8.75,912.0699999999997,1.7971744753027665,10,10,12,1,3318,76,1583,2.2905364677516573
2026-01-25 19:04:36.795935,0.52347965,75,36,39,48.0,429.4999999999996,2061.61,1632.1100000000001,57.26694444444445,41.84897435897436,5.726666666666661,1.2631562823584195,78.76,-86.24,50000.0,50445.75,50750.22,0.8915,16.25,912.0699999999997,1.7971744753027665,10,10,12,1,3320,76,1584,2.289156626506024
2026-01-25 19:04:36.813207,0.5237675333333333,75,36,39,48.0,429.4999999999996,2061.61,1632.1100000000001,57.26694444444445,41.84897435897436,5.726666666666661,1.2631562823584195,78.76,-86.24,50000.0,50444.5,50750.22,0.889,15.0,912.0699999999997,1.7971744753027665,10,10,12,1,3322,76,1585,2.2877784467188444
2026-01-25 19:04:36.831168,0.5240668666666667,75,36,39,48.0,429.4999999999996,2061.61,1632.1100000000001,57.26694444444445,41.84897435897436,5.726666666666661,1.2631562823584195,78.76,-86.24,50000.0,50447.0,50750.22,0.894,17.5,912.0699999999997,1.7971744753027665,10,10,12,1,3324,76,1586,2.286401925391095
2026-01-25 19:04:36.848288,0.5243521999999999,75,36,39,48.0,429.4999999999996,2061.61,1632.1100000000001,57.26694444444445,41.84897435897436,5.726666666666661,1.2631562823584195,78.76,-86.24,50000.0,50444.5,50750.22,0.889,15.0,912.0699999999997,1.7971744753027665,10,10,12,1,3326,76,1587,2.285027059530968
2026-01-25 19:04:36.864974,0.5246303,75,36,39,48.0,429.4999999999996,2061.61,1632.1100000000001,57.26694444444445,41.84897435897436,5.726666666666661,1.2631562823584195,78.76,-86.24,50000.0,50444.5,50750.22,0.889,15.0,912.0699999999997,1.7971744753027665,10,10,12,1,3328,76,1588,2.283653846153846
2026-01-25 19:04:36.882172,0.5249169333333333,75,36,39,48.0,429.4999999999996,2061.61,1632.1100000000001,57.26694444444445,41.84897435897436,5.726666666666661,1.2631562823584195,78.76,-86.24,50000.0,50449.5,50750.22,0.899,20.0,912.0699999999997,1.7971744753027665,10,10,12,1,3330,76,1589,2.2822822822822824
2026-01-25 19:04:36.898530,0.5251895666666667,75,36,39,48.0,429.4999999999996,2061.61,1632.1100000000001,57.26694444444445,41.84897435897436,5.726666666666661,1.2631562823584195,78.76,-86.24,50000.0,50455.75,50750.22,0.9115,26.25,912.0699999999997,1.7971744753027665,10,10,12,1,3332,76,1590,2.2809123649459786
2026-01-25 19:04:36.915781,0.5254771,75,36,39,48.0,429.4999999999996,2061.61,1632.1100000000001,57.26694444444445,41.84897435897436,5.726666666666661,1.2631562823584195,78.76,-86.24,50000.0,50462.0,50750.22,0.924,32.5,912.0699999999997,1.7971744753027665,10,10,12,1,3334,76,1591,2.2795440911817635
2026-01-25 19:04:36.933140,0.5257664,75,36,39,48.0,429.4999999999996,2061.61,1632.1100000000001,57.26694444444445,41.84897435897436,5.726666666666661,1.2631562823584195,78.76,-86.24,50000.0,50465.75,50750.22,0.9315,36.25,912.0699999999997,1.7971744753027665,10,10,12,1,3336,76,1592,2.278177458033573
2026-01-25 19:04:36.950229,0.5260512166666667,75,36,39,48.0,429.4999999999996,2061.61,1632.1100000000001,57.26694444444445,41.84897435897436,5.726666666666661,1.2631562823584195,78.76,-86.24,50000.0,50472.0,50750.22,0.9440000000000001,42.5,912.0699999999997,1.7971744753027665,10,10,12,1,3338,76,1593,2.2768124625524266
2026-01-25 19:04:36.967793,0.5263439333333333,75,36,39,48.0,429.4999999999996,2061.61,1632.1100000000001,57.26694444444445,41.84897435897436,5.726666666666661,1.2631562823584195,78.76,-86.24,50000.0,50464.5,50750.22,0.9289999999999999,35.0,912.0699999999997,1.7971744753027665,10,10,12,1,3340,76,1594,2.2754491017964074
2026-01-25 19:04:36.985156,0.5266333333333333,75,36,39,48.0,429.4999999999996,2061.61,1632.1100000000001,57.26694444444445,41.84897435897436,5.726666666666661,1.2631562823584195,78.76,-86.24,50000.0,50465.75,50750.22,0.9315,36.25,912.0699999999997,1.7971744753027665,10,10,12,1,3342,76,1595,2.2740873728306403
2026-01-25 19:04:37.002519,0.5269227166666667,75,36,39,48.0,429.4999999999996,2061.61,1632.1100000000001,57.26694444444445,41.84897435897436,5.726666666666661,1.2631562823584195,78.76,-86.24,50000.0,50458.25,50750.22,0.9165,28.75,912.0699999999997,1.7971744753027665,10,10,12,1,3344,76,1596,2.272727272727273
2026-01-25 19:04:37.020066,0.5272151666666667,75,36,39,48.0,429.4999999999996,2061.61,1632.1100000000001,57.26694444444445,41.84897435897436,5.726666666666661,1.2631562823584195,78.76,-86.24,50000.0,50459.5,50750.22,0.919,30.0,912.0699999999997,1.7971744753027665,10,10,12,1,3346,76,1597,2.2713687985654514
2026-01-25 19:04:37.037103,0.5274991166666667,75,36,39,48.0,429.4999999999996,2061.61,1632.1100000000001,57.26694444444445,41.84897435897436,5.726666666666661,1.2631562823584195,78.76,-86.24,50000.0,50465.75,50750.22,0.9315,36.25,912.0699999999997,1.7971744753027665,10,10,12,1,3348,76,1598,2.2700119474313025
2026-01-25 19:04:37.054587,0.5277905166666667,75,36,39,48.0,429.4999999999996,2061.61,1632.1100000000001,57.26694444444445,41.84897435897436,5.726666666666661,1.2631562823584195,78.76,-86.24,50000.0,50467.0,50750.22,0.9339999999999999,37.5,912.0699999999997,1.7971744753027665,10,10,12,1,3350,76,1599,2.268656716417911
2026-01-25 19:04:37.071893,0.5280789499999999,75,36,39,48.0,429.4999999999996,2061.61,1632.1100000000001,57.26694444444445,41.84897435897436,5.726666666666661,1.2631562823584195,78.76,-86.24,50000.0,50464.5,50750.22,0.9289999999999999,35.0,912.0699999999997,1.7971744753027665,10,10,12,1,3352,76,1600,2.267303102625298
2026-01-25 19:04:37.088487,0.5283555166666667,75,36,39,48.0,429.4999999999996,2061.61,1632.1100000000001,57.26694444444445,41.84897435897436,5.726666666666661,1.2631562823584195,78.76,-86.24,50000.0,50464.5,50750.22,0.9289999999999999,35.0,912.0699999999997,1.7971744753027665,10,10,12,1,3354,76,1601,2.265951103160406
2026-01-25 19:04:37.105846,0.5286448333333333,75,36,39,48.0,429.4999999999996,2061.61,1632.1100000000001,57.26694444444445,41.84897435897436,5.726666666666661,1.2631562823584195,78.76,-86.24,50000.0,50450.75,50750.22,0.9015000000000001,21.25,912.0699999999997,1.7971744753027665,10,10,12,1,3356,76,1602,2.264600715137068
2026-01-25 19:04:37.123057,0.5289316833333333,75,36,39,48.0,429.4999999999996,2061.61,1632.1100000000001,57.26694444444445,41.84897435897436,5.726666666666661,1.2631562823584195,78.76,-86.24,50000.0,50444.5,50750.22,0.889,15.0,912.0699999999997,1.7971744753027665,10,10,12,1,3358,76,1603,2.2632519356759975
2026-01-25 19:04:37.140083,0.52921545,75,36,39,48.0,429.4999999999996,2061.61,1632.1100000000001,57.26694444444445,41.84897435897436,5.726666666666661,1.2631562823584195,78.76,-86.24,50000.0,50438.25,50750.22,0.8765000000000001,8.75,912.0699999999997,1.7971744753027665,10,10,12,1,3360,76,1604,2.261904761904762
2026-01-25 19:04:37.156749,0.5294932166666667,75,36,39,48.0,429.4999999999996,2061.61,1632.1100000000001,57.26694444444445,41.84897435897436,5.726666666666661,1.2631562823584195,78.76,-86.24,50000.0,50448.25,50750.22,0.8965000000000001,18.75,912.0699999999997,1.7971744753027665,10,10,12,1,3362,76,1605,2.260559190957763
2026-01-25 19:04:37.174036,0.5297813333333333,75,36,39,48.0,429.4999999999996,2061.61,1632.1100000000001,57.26694444444445,41.84897435897436,5.726666666666661,1.2631562823584195,78.76,-86.24,50000.0,50449.5,50750.22,0.899,20.0,912.0699999999997,1.7971744753027665,10,10,12,1,3364,76,1606,2.2592152199762188
2026-01-25 19:04:37.191540,0.5300730833333334,75,36,39,48.0,429.4999999999996,2061.61,1632.1100000000001,57.26694444444445,41.84897435897436,5.726666666666661,1.2631562823584195,78.76,-86.24,50000.0,50452.0,50750.22,0.9039999999999999,22.5,912.0699999999997,1.7971744753027665,10,10,12,1,3366,76,1607,2.2578728461081403
2026-01-25 19:04:37.209327,0.5303695166666667,75,36,39,48.0,429.4999999999996,2061.61,1632.1100000000001,57.26694444444445,41.84897435897436,5.726666666666661,1.2631562823584195,78.76,-86.24,50000.0,50454.5,50750.22,0.909,25.0,912.0699999999997,1.7971744753027665,10,10,12,1,3368,76,1608,2.2565320665083135
2026-01-25 19:04:37.226634,0.5306579499999999,75,36,39,48.0,429.4999999999996,2061.61,1632.1100000000001,57.26694444444445,41.84897435897436,5.726666666666661,1.2631562823584195,78.76,-86.24,50000.0,50450.75,50750.22,0.9015000000000001,21.25,912.0699999999997,1.7971744753027665,10,10,12,1,3370,76,1609,2.2551928783382786
2026-01-25 19:04:37.243995,0.5309473166666667,75,36,39,48.0,429.4999999999996,2061.61,1632.1100000000001,57.26694444444445,41.84897435897436,5.726666666666661,1.2631562823584195,78.76,-86.24,50000.0,50453.25,50750.22,0.9065,23.75,912.0699999999997,1.7971744753027665,10,10,12,1,3372,76,1610,2.2538552787663106
2026-01-25 19:04:37.261546,0.5312398333333334,75,36,39,48.0,429.4999999999996,2061.61,1632.1100000000001,57.26694444444445,41.84897435897436,5.726666666666661,1.2631562823584195,78.76,-86.24,50000.0,50449.5,50750.22,0.899,20.0,912.0699999999997,1.7971744753027665,10,10,12,1,3374,76,1611,2.2525192649673977
2026-01-25 19:04:37.279070,0.5315319,75,36,39,48.0,429.4999999999996,2061.61,1632.1100000000001,57.26694444444445,41.84897435897436,5.726666666666661,1.2631562823584195,78.76,-86.24,50000.0,50450.75,50750.22,0.9015000000000001,21.25,912.0699999999997,1.7971744753027665,10,10,12,1,3376,76,1612,2.251184834123223
2026-01-25 19:04:37.296350,0.5318199,75,36,39,48.0,429.4999999999996,2061.61,1632.1100000000001,57.26694444444445,41.84897435897436,5.726666666666661,1.2631562823584195,78.76,-86.24,50000.0,50452.0,50750.22,0.9039999999999999,22.5,912.0699999999997,1.7971744753027665,10,10,12,1,3378,76,1613,2.2498519834221433
2026-01-25 19:04:37.313283,0.5321021166666667,75,36,39,48.0,429.4999999999996,2061.61,1632.1100000000001,57.26694444444445,41.84897435897436,5.726666666666661,1.2631562823584195,78.76,-86.24,50000.0,50458.25,50750.22,0.9165,28.75,912.0699999999997,1.7971744753027665,10,10,12,1,3380,76,1614,2.2485207100591715
2026-01-25 19:04:37.330459,0.5323883833333334,75,36,39,48.0,429.4999999999996,2061.61,1632.1100000000001,57.26694444444445,41.84897435897436,5.726666666666661,1.2631562823584195,78.76,-86.24,50000.0,50462.0,50750.22,0.924,32.5,912.0699999999997,1.7971744753027665,10,10,12,1,3382,76,1615,2.247191011235955
2026-01-25 19:04:37.347676,0.5326753333333333,75,36,39,48.0,429.4999999999996,2061.61,1632.1100000000001,57.26694444444445,41.84897435897436,5.726666666666661,1.2631562823584195,78.76,-86.24,50000.0,50457.0,50750.22,0.914,27.5,912.0699999999997,1.7971744753027665,10,10,12,1,3384,76,1616,2.2458628841607564
2026-01-25 19:04:37.365017,0.53296435,75,36,39,48.0,429.4999999999996,2061.61,1632.1100000000001,57.26694444444445,41.84897435897436,5.726666666666661,1.2631562823584195,78.76,-86.24,50000.0,50463.25,50750.22,0.9265000000000001,33.75,912.0699999999997,1.7971744753027665,10,10,12,1,3386,76,1617,2.244536326048435
2026-01-25 19:04:37.381696,0.53324235,75,36,39,48.0,429.4999999999996,2061.61,1632.1100000000001,57.26694444444445,41.84897435897436,5.726666666666661,1.2631562823584195,78.76,-86.24,50000.0,50473.25,50750.22,0.9464999999999999,43.75,912.0699999999997,1.7971744753027665,10,10,12,1,3388,76,1618,2.2432113341204247
2026-01-25 19:04:37.399018,0.53353105,76,37,39,48.68421052631579,478.2599999999996,2110.3700000000003,1632.1100000000001,57.03702702702704,41.84897435897436,6.2928947368421,1.2930317196757573,78.76,-86.24,50000.0,50478.26,50750.22,0.9565200000000041,48.76000000000204,912.0699999999997,1.7971744753027665,11,11,12,0,3390,76,1619,2.24188790560472
2026-01-25 19:04:37.416169,0.5338168833333333,76,37,39,48.68421052631579,478.2599999999996,2110.3700000000003,1632.1100000000001,57.03702702702704,41.84897435897436,6.2928947368421,1.2930317196757573,78.76,-86.24,50000.0,50478.26,50750.22,0.9565200000000041,48.76000000000204,912.0699999999997,1.7971744753027665,11,11,12,0,3392,76,1620,2.240566037735849
2026-01-25 19:04:37.433574,0.5341069833333333,76,37,39,48.68421052631579,478.2599999999996,2110.3700000000003,1632.1100000000001,57.03702702702704,41.84897435897436,6.2928947368421,1.2930317196757573,78.76,-86.24,50000.0,50478.26,50750.22,0.9565200000000041,48.76000000000204,912.0699999999997,1.7971744753027665,11,11,12,0,3394,76,1621,2.239245727754861
2026-01-25 19:04:37.450991,0.5343972666666666,76,37,39,48.68421052631579,478.2599999999996,2110.3700000000003,1632.1100000000001,57.03702702702704,41.84897435897436,6.2928947368421,1.2930317196757573,78.76,-86.24,50000.0,50478.26,50750.22,0.9565200000000041,48.76000000000204,912.0699999999997,1.7971744753027665,11,11,12,0,3396,76,1622,2.237926972909305
2026-01-25 19:04:37.468167,0.5346835166666666,76,37,39,48.68421052631579,478.2599999999996,2110.3700000000003,1632.1100000000001,57.03702702702704,41.84897435897436,6.2928947368421,1.2930317196757573,78.76,-86.24,50000.0,50478.26,50750.22,0.9565200000000041,48.76000000000204,912.0699999999997,1.7971744753027665,11,11,12,0,3398,76,1623,2.2366097704532075
2026-01-25 19:04:37.485566,0.5349735,76,37,39,48.68421052631579,478.2599999999996,2110.3700000000003,1632.1100000000001,57.03702702702704,41.84897435897436,6.2928947368421,1.2930317196757573,78.76,-86.24,50000.0,50478.26,50750.22,0.9565200000000041,48.76000000000204,912.0699999999997,1.7971744753027665,11,11,12,0,3400,76,1624,2.235294117647059
2026-01-25 19:04:37.503173,0.53526695,76,37,39,48.68421052631579,478.2599999999996,2110.3700000000003,1632.1100000000001,57.03702702702704,41.84897435897436,6.2928947368421,1.2930317196757573,78.76,-86.24,50000.0,50478.26,50750.22,0.9565200000000041,48.76000000000204,912.0699999999997,1.7971744753027665,11,11,12,0,3402,76,1625,2.2339800117577897
2026-01-25 19:04:37.559294,0.5362023166666667,76,37,39,48.68421052631579,478.2599999999996,2110.3700000000003,1632.1100000000001,57.03702702702704,41.84897435897436,6.2928947368421,1.2930317196757573,78.76,-86.24,50000.0,50478.26,50750.22,0.9565200000000041,48.76000000000204,912.0699999999997,1.7971744753027665,11,11,12,0,3404,76,1626,2.2326674500587544
2026-01-25 19:04:37.610124,0.5370494666666666,76,37,39,48.68421052631579,478.2599999999996,2110.3700000000003,1632.1100000000001,57.03702702702704,41.84897435897436,6.2928947368421,1.2930317196757573,78.76,-86.24,50000.0,50478.26,50750.22,0.9565200000000041,48.76000000000204,912.0699999999997,1.7971744753027665,11,11,12,0,3406,76,1627,2.2313564298297126
2026-01-25 19:04:37.645436,0.537638,76,37,39,48.68421052631579,478.2599999999996,2110.3700000000003,1632.1100000000001,57.03702702702704,41.84897435897436,6.2928947368421,1.2930317196757573,78.76,-86.24,50000.0,50478.26,50750.22,0.9565200000000041,48.76000000000204,912.0699999999997,1.7971744753027665,11,11,12,0,3408,76,1628,2.2300469483568075
2026-01-25 19:04:37.706918,0.5386626999999999,76,37,39,48.68421052631579,478.2599999999996,2110.3700000000003,1632.1100000000001,57.03702702702704,41.84897435897436,6.2928947368421,1.2930317196757573,78.76,-86.24,50000.0,50478.26,50750.22,0.9565200000000041,48.76000000000204,912.0699999999997,1.7971744753027665,11,11,12,0,3410,76,1629,2.2287390029325516
2026-01-25 19:04:37.727567,0.5390068666666666,76,37,39,48.68421052631579,478.2599999999996,2110.3700000000003,1632.1100000000001,57.03702702702704,41.84897435897436,6.2928947368421,1.2930317196757573,78.76,-86.24,50000.0,50478.26,50750.22,0.9565200000000041,48.76000000000204,912.0699999999997,1.7971744753027665,11,11,12,1,3412,77,1629,2.2567409144196953
2026-01-25 19:04:37.746335,0.5393196499999999,76,37,39,48.68421052631579,478.2599999999996,2110.3700000000003,1632.1100000000001,57.03702702702704,41.84897435897436,6.2928947368421,1.2930317196757573,78.76,-86.24,50000.0,50500.76,50750.22,1.001520000000004,71.26000000000204,912.0699999999997,1.7971744753027665,11,11,12,1,3414,77,1630,2.255418863503222
2026-01-25 19:04:37.764637,0.5396246833333334,76,37,39,48.68421052631579,478.2599999999996,2110.3700000000003,1632.1100000000001,57.03702702702704,41.84897435897436,6.2928947368421,1.2930317196757573,78.76,-86.24,50000.0,50465.76,50750.22,0.9315200000000041,36.26000000000204,912.0699999999997,1.7971744753027665,11,11,12,1,3416,77,1631,2.2540983606557377
2026-01-25 19:04:37.782304,0.5399191333333333,77,37,40,48.05194805194805,445.7699999999996,2110.3700000000003,1664.6000000000001,57.03702702702704,41.615,5.7892207792207735,1.267794064640154,78.76,-86.24,50000.0,50445.77,50750.22,0.8915399999999937,16.2699999999968,912.0699999999997,1.7971744753027665,-1,11,12,0,3418,77,1632,2.252779403159743
2026-01-25 19:04:37.799992,0.5402139333333333,77,37,40,48.05194805194805,445.7699999999996,2110.3700000000003,1664.6000000000001,57.03702702702704,41.615,5.7892207792207735,1.267794064640154,78.76,-86.24,50000.0,50445.77,50750.22,0.8915399999999937,16.2699999999968,912.0699999999997,1.7971744753027665,-1,11,12,0,3420,77,1633,2.2514619883040936
2026-01-25 19:04:37.817574,0.5405069666666668,77,37,40,48.05194805194805,445.7699999999996,2110.3700000000003,1664.6000000000001,57.03702702702704,41.615,5.7892207792207735,1.267794064640154,78.76,-86.24,50000.0,50445.77,50750.22,0.8915399999999937,0.0,912.0699999999997,1.7971744753027665,-1,11,12,0,3422,77,1634,2.250146113383986
2026-01-25 19:04:37.835001,0.5407974166666667,77,37,40,48.05194805194805,445.7699999999996,2110.3700000000003,1664.6000000000001,57.03702702702704,41.615,5.7892207792207735,1.267794064640154,78.76,-86.24,50000.0,50445.77,50750.22,0.8915399999999937,0.0,912.0699999999997,1.7971744753027665,-1,11,12,0,3424,77,1635,2.2488317757009346
2026-01-25 19:04:37.852647,0.5410915000000001,77,37,40,48.05194805194805,445.7699999999996,2110.3700000000003,1664.6000000000001,57.03702702702704,41.615,5.7892207792207735,1.267794064640154,78.76,-86.24,50000.0,50445.77,50750.22,0.8915399999999937,0.0,912.0699999999997,1.7971744753027665,-1,11,12,0,3426,77,1636,2.2475189725627556
2026-01-25 19:04:37.870586,0.5413905,77,37,40,48.05194805194805,445.7699999999996,2110.3700000000003,1664.6000000000001,57.03702702702704,41.615,5.7892207792207735,1.267794064640154,78.76,-86.24,50000.0,50445.77,50750.22,0.8915399999999937,0.0,912.0699999999997,1.7971744753027665,-1,11,12,0,3428,77,1637,2.2462077012835473
2026-01-25 19:04:37.888401,0.5416874166666666,77,37,40,48.05194805194805,445.7699999999996,2110.3700000000003,1664.6000000000001,57.03702702702704,41.615,5.7892207792207735,1.267794064640154,78.76,-86.24,50000.0,50445.77,50750.22,0.8915399999999937,0.0,912.0699999999997,1.7971744753027665,-1,11,12,0,3430,77,1638,2.2448979591836733
2026-01-25 19:04:37.905796,0.5419773333333333,77,37,40,48.05194805194805,445.7699999999996,2110.3700000000003,1664.6000000000001,57.03702702702704,41.615,5.7892207792207735,1.267794064640154,78.76,-86.24,50000.0,50445.77,50750.22,0.8915399999999937,0.0,912.0699999999997,1.7971744753027665,-1,11,12,0,3432,77,1639,2.2435897435897436
2026-01-25 19:04:37.923584,0.5422738,77,37,40,48.05194805194805,445.7699999999996,2110.3700000000003,1664.6000000000001,57.03702702702704,41.615,5.7892207792207735,1.267794064640154,78.76,-86.24,50000.0,50445.77,50750.22,0.8915399999999937,0.0,912.0699999999997,1.7971744753027665,-1,11,12,0,3434,77,1640,2.242283051834595
2026-01-25 19:04:37.941129,0.5425662333333333,77,37,40,48.05194805194805,445.7699999999996,2110.3700000000003,1664.6000000000001,57.03702702702704,41.615,5.7892207792207735,1.267794064640154,78.76,-86.24,50000.0,50445.77,50750.22,0.8915399999999937,0.0,912.0699999999997,1.7971744753027665,-1,11,12,0,3436,77,1641,2.2409778812572756
2026-01-25 19:04:37.958775,0.5428603333333334,77,37,40,48.05194805194805,445.7699999999996,2110.3700000000003,1664.6000000000001,57.03702702702704,41.615,5.7892207792207735,1.267794064640154,78.76,-86.24,50000.0,50445.77,50750.22,0.8915399999999937,0.0,912.0699999999997,1.7971744753027665,-1,11,12,0,3438,77,1642,2.239674229203025
2026-01-25 19:04:37.976855,0.5431616666666667,77,37,40,48.05194805194805,445.7699999999996,2110.3700000000003,1664.6000000000001,57.03702702702704,41.615,5.7892207792207735,1.267794064640154,78.76,-86.24,50000.0,50445.77,50750.22,0.8915399999999937,0.0,912.0699999999997,1.7971744753027665,-1,11,12,0,3440,77,1643,2.238372093023256
2026-01-25 19:04:37.994708,0.5434592166666667,77,37,40,48.05194805194805,445.7699999999996,2110.3700000000003,1664.6000000000001,57.03702702702704,41.615,5.7892207792207735,1.267794064640154,78.76,-86.24,50000.0,50445.77,50750.22,0.8915399999999937,0.0,912.0699999999997,1.7971744753027665,-1,11,12,0,3442,77,1644,2.2370714700755374
2026-01-25 19:04:38.012647,0.5437581833333333,77,37,40,48.05194805194805,445.7699999999996,2110.3700000000003,1664.6000000000001,57.03702702702704,41.615,5.7892207792207735,1.267794064640154,78.76,-86.24,50000.0,50445.77,50750.22,0.8915399999999937,0.0,912.0699999999997,1.7971744753027665,-1,11,12,1,3444,78,1644,2.264808362369338
2026-01-25 19:04:38.029935,0.5440463166666666,77,37,40,48.05194805194805,445.7699999999996,2110.3700000000003,1664.6000000000001,57.03702702702704,41.615,5.7892207792207735,1.267794064640154,78.76,-86.24,50000.0,50445.77,50750.22,0.8915399999999937,0.0,912.0699999999997,1.7971744753027665,-1,11,12,1,3446,78,1645,2.2634939059779455
2026-01-25 19:04:38.047308,0.5443358833333334,77,37,40,48.05194805194805,445.7699999999996,2110.3700000000003,1664.6000000000001,57.03702702702704,41.615,5.7892207792207735,1.267794064640154,78.76,-86.24,50000.0,50438.27,50750.22,0.8765399999999935,-7.5,912.0699999999997,1.7971744753027665,-1,11,12,1,3448,78,1646,2.262180974477958
2026-01-25 19:04:38.064885,0.5446288166666666,77,37,40,48.05194805194805,445.7699999999996,2110.3700000000003,1664.6000000000001,57.03702702702704,41.615,5.7892207792207735,1.267794064640154,78.76,-86.24,50000.0,50434.52,50750.22,0.8690399999999937,-11.25,912.0699999999997,1.7971744753027665,-1,11,12,1,3450,78,1647,2.2608695652173916
2026-01-25 19:04:38.082786,0.5449271833333333,77,37,40,48.05194805194805,445.7699999999996,2110.3700000000003,1664.6000000000001,57.03702702702704,41.615,5.7892207792207735,1.267794064640154,78.76,-86.24,50000.0,50435.77,50750.22,0.8715399999999935,-10.0,912.0699999999997,1.7971744753027665,-1,11,12,1,3452,78,1648,2.2595596755504053
2026-01-25 19:04:38.100318,0.5452193666666666,77,37,40,48.05194805194805,445.7699999999996,2110.3700000000003,1664.6000000000001,57.03702702702704,41.615,5.7892207792207735,1.267794064640154,78.76,-86.24,50000.0,50438.27,50750.22,0.8765399999999935,-7.5,912.0699999999997,1.7971744753027665,-1,11,12,1,3454,78,1649,2.25825130283729
2026-01-25 19:04:38.117864,0.5455118,77,37,40,48.05194805194805,445.7699999999996,2110.3700000000003,1664.6000000000001,57.03702702702704,41.615,5.7892207792207735,1.267794064640154,78.76,-86.24,50000.0,50437.02,50750.22,0.8740399999999936,-8.75,912.0699999999997,1.7971744753027665,-1,11,12,1,3456,78,1650,2.256944444444444
2026-01-25 19:04:38.136401,0.5458207500000001,77,37,40,48.05194805194805,445.7699999999996,2110.3700000000003,1664.6000000000001,57.03702702702704,41.615,5.7892207792207735,1.267794064640154,78.76,-86.24,50000.0,50443.27,50750.22,0.8865399999999937,-2.5,912.0699999999997,1.7971744753027665,-1,11,12,1,3458,78,1651,2.2556390977443606
2026-01-25 19:04:38.154131,0.5461162500000001,77,37,40,48.05194805194805,445.7699999999996,2110.3700000000003,1664.6000000000001,57.03702702702704,41.615,5.7892207792207735,1.267794064640154,78.76,-86.24,50000.0,50438.27,50750.22,0.8765399999999935,-7.5,912.0699999999997,1.7971744753027665,-1,11,12,1,3460,78,1652,2.254335260115607
2026-01-25 19:04:38.171828,0.5464112,77,37,40,48.05194805194805,445.7699999999996,2110.3700000000003,1664.6000000000001,57.03702702702704,41.615,5.7892207792207735,1.267794064640154,78.76,-86.24,50000.0,50429.52,50750.22,0.8590399999999936,-16.25,912.0699999999997,1.7971744753027665,-1,11,12,2,3462,79,1652,2.2819179664933564
2026-01-25 19:04:38.189356,0.5467033499999999,77,37,40,48.05194805194805,445.7699999999996,2110.3700000000003,1664.6000000000001,57.03702702702704,41.615,5.7892207792207735,1.267794064640154,78.76,-86.24,50000.0,50417.02,50750.22,0.8340399999999936,-28.75,912.0699999999997,1.7971744753027665,-1,11,12,3,3464,80,1652,2.3094688221709005
2026-01-25 19:04:38.206868,0.5469952,77,37,40,48.05194805194805,445.7699999999996,2110.3700000000003,1664.6000000000001,57.03702702702704,41.615,5.7892207792207735,1.267794064640154,78.76,-86.24,50000.0,50428.27,50750.22,0.8565399999999936,-17.5,912.0699999999997,1.7971744753027665,-1,11,12,4,3466,81,1652,2.336987882285055
2026-01-25 19:04:38.224135,0.5472829833333334,77,37,40,48.05194805194805,445.7699999999996,2110.3700000000003,1664.6000000000001,57.03702702702704,41.615,5.7892207792207735,1.267794064640154,78.76,-86.24,50000.0,50473.27,50750.22,0.9465399999999936,27.5,912.0699999999997,1.7971744753027665,-1,11,12,5,3468,82,1652,2.364475201845444
2026-01-25 19:04:38.241286,0.5475688333333333,77,37,40,48.05194805194805,445.7699999999996,2110.3700000000003,1664.6000000000001,57.03702702702704,41.615,5.7892207792207735,1.267794064640154,78.76,-86.24,50000.0,50548.27,50750.22,1.0965399999999936,102.5,912.0699999999997,1.7971744753027665,-1,11,12,5,3470,82,1653,2.363112391930836
2026-01-25 19:04:38.258635,0.547858,77,37,40,48.05194805194805,445.7699999999996,2110.3700000000003,1664.6000000000001,57.03702702702704,41.615,5.7892207792207735,1.267794064640154,78.76,-86.24,50000.0,50498.27,50750.22,0.9965399999999937,52.5,912.0699999999997,1.7971744753027665,-1,11,12,6,3472,83,1653,2.390552995391705
2026-01-25 19:04:38.275711,0.5481426,77,37,40,48.05194805194805,445.7699999999996,2110.3700000000003,1664.6000000000001,57.03702702702704,41.615,5.7892207792207735,1.267794064640154,78.76,-86.24,50000.0,50400.77,50750.22,0.8015399999999937,-45.0,912.0699999999997,1.7971744753027665,-1,11,12,6,3474,83,1654,2.3891767415083476
2026-01-25 19:04:38.293624,0.5484411333333333,82,37,45,45.1219512195122,218.31999999999954,2110.3700000000003,1892.0500000000002,57.03702702702704,42.04555555555556,2.6624390243902383,1.115388071139769,78.76,-86.24,50000.0,50192.07,50750.22,0.3841399999999994,-253.6999999999971,912.0699999999997,1.7971744753027665,-6,11,12,1,3476,83,1655,2.3878020713463752
2026-01-25 19:04:38.310810,0.5487275833333333,82,37,45,45.1219512195122,218.31999999999954,2110.3700000000003,1892.0500000000002,57.03702702702704,42.04555555555556,2.6624390243902383,1.115388071139769,78.76,-86.24,50000.0,50193.32,50750.22,0.38663999999999943,-252.4499999999971,912.0699999999997,1.7971744753027665,-6,11,12,1,3478,83,1656,2.386428982173663
2026-01-25 19:04:38.329570,0.5490402333333333,82,37,45,45.1219512195122,218.31999999999954,2110.3700000000003,1892.0500000000002,57.03702702702704,42.04555555555556,2.6624390243902383,1.115388071139769,78.76,-86.24,50000.0,50193.32,50750.22,0.38663999999999943,-252.4499999999971,912.0699999999997,1.7971744753027665,-6,11,12,1,3480,83,1657,2.3850574712643677
2026-01-25 19:04:38.347828,0.5493445333333333,82,37,45,45.1219512195122,218.31999999999954,2110.3700000000003,1892.0500000000002,57.03702702702704,42.04555555555556,2.6624390243902383,1.115388071139769,78.76,-86.24,50000.0,50217.07,50750.22,0.4341399999999994,-228.6999999999971,912.0699999999997,1.7971744753027665,-6,11,12,1,3482,83,1658,2.3836875358989085
2026-01-25 19:04:38.365945,0.5496464833333333,82,37,45,45.1219512195122,218.31999999999954,2110.3700000000003,1892.0500000000002,57.03702702702704,42.04555555555556,2.6624390243902383,1.115388071139769,78.76,-86.24,50000.0,50224.57,50750.22,0.44913999999999943,-221.1999999999971,912.0699999999997,1.7971744753027665,-6,11,12,1,3484,83,1659,2.3823191733639493
2026-01-25 19:04:38.384155,0.54995,82,37,45,45.1219512195122,218.31999999999954,2110.3700000000003,1892.0500000000002,57.03702702702704,42.04555555555556,2.6624390243902383,1.115388071139769,78.76,-86.24,50000.0,50234.57,50750.22,0.4691399999999994,-211.1999999999971,912.0699999999997,1.7971744753027665,-6,11,12,1,3486,83,1660,2.380952380952381
2026-01-25 19:04:38.407564,0.5503401333333334,82,37,45,45.1219512195122,218.31999999999954,2110.3700000000003,1892.0500000000002,57.03702702702704,42.04555555555556,2.6624390243902383,1.115388071139769,78.76,-86.24,50000.0,50234.57,50750.22,0.4691399999999994,-211.1999999999971,912.0699999999997,1.7971744753027665,-6,11,12,1,3488,83,1661,2.3795871559633026
2026-01-25 19:04:38.425873,0.5506453,82,37,45,45.1219512195122,218.31999999999954,2110.3700000000003,1892.0500000000002,57.03702702702704,42.04555555555556,2.6624390243902383,1.115388071139769,78.76,-86.24,50000.0,50228.32,50750.22,0.4566399999999994,-217.4499999999971,912.0699999999997,1.7971744753027665,-6,11,12,1,3490,83,1662,2.3782234957020054
2026-01-25 19:04:38.443351,0.5509365833333334,82,37,45,45.1219512195122,218.31999999999954,2110.3700000000003,1892.0500000000002,57.03702702702704,42.04555555555556,2.6624390243902383,1.115388071139769,78.76,-86.24,50000.0,50253.32,50750.22,0.5066399999999994,-192.4499999999971,912.0699999999997,1.7971744753027665,-6,11,12,1,3492,83,1663,2.376861397479954
2026-01-25 19:04:38.461085,0.55123215,82,37,45,45.1219512195122,218.31999999999954,2110.3700000000003,1892.0500000000002,57.03702702702704,42.04555555555556,2.6624390243902383,1.115388071139769,78.76,-86.24,50000.0,50249.57,50750.22,0.4991399999999994,-196.1999999999971,912.0699999999997,1.7971744753027665,-6,11,12,1,3494,83,1664,2.375500858614768
2026-01-25 19:04:38.478483,0.5515221166666666,82,37,45,45.1219512195122,218.31999999999954,2110.3700000000003,1892.0500000000002,57.03702702702704,42.04555555555556,2.6624390243902383,1.115388071139769,78.76,-86.24,50000.0,50240.82,50750.22,0.4816399999999994,-204.9499999999971,912.0699999999997,1.7971744753027665,-6,11,12,1,3496,83,1665,2.374141876430206
2026-01-25 19:04:38.496364,0.5518201333333334,82,37,45,45.1219512195122,218.31999999999954,2110.3700000000003,1892.0500000000002,57.03702702702704,42.04555555555556,2.6624390243902383,1.115388071139769,78.76,-86.24,50000.0,50220.82,50750.22,0.44163999999999937,-224.9499999999971,912.0699999999997,1.7971744753027665,-6,11,12,1,3498,83,1666,2.3727844482561466
2026-01-25 19:04:38.513802,0.5521107666666667,82,37,45,45.1219512195122,218.31999999999954,2110.3700000000003,1892.0500000000002,57.03702702702704,42.04555555555556,2.6624390243902383,1.115388071139769,78.76,-86.24,50000.0,50245.82,50750.22,0.4916399999999994,-199.9499999999971,912.0699999999997,1.7971744753027665,-6,11,12,1,3500,83,1667,2.3714285714285714
2026-01-25 19:04:38.531721,0.5524094166666667,82,37,45,45.1219512195122,218.31999999999954,2110.3700000000003,1892.0500000000002,57.03702702702704,42.04555555555556,2.6624390243902383,1.115388071139769,78.76,-86.24,50000.0,50235.82,50750.22,0.4716399999999994,-209.9499999999971,912.0699999999997,1.7971744753027665,-6,11,12,1,3502,83,1668,2.3700742432895487
2026-01-25 19:04:38.548841,0.55269475,82,37,45,45.1219512195122,218.31999999999954,2110.3700000000003,1892.0500000000002,57.03702702702704,42.04555555555556,2.6624390243902383,1.115388071139769,78.76,-86.24,50000.0,50243.32,50750.22,0.4866399999999994,-202.4499999999971,912.0699999999997,1.7971744753027665,-6,11,12,1,3504,83,1669,2.3687214611872145
2026-01-25 19:04:38.566411,0.5529875833333333,82,37,45,45.1219512195122,218.31999999999954,2110.3700000000003,1892.0500000000002,57.03702702702704,42.04555555555556,2.6624390243902383,1.115388071139769,78.76,-86.24,50000.0,50227.07,50750.22,0.45413999999999943,-218.6999999999971,912.0699999999997,1.7971744753027665,-6,11,12,1,3506,83,1670,2.367370222475756
2026-01-25 19:04:38.583616,0.55327435,82,37,45,45.1219512195122,218.31999999999954,2110.3700000000003,1892.0500000000002,57.03702702702704,42.04555555555556,2.6624390243902383,1.115388071139769,78.76,-86.24,50000.0,50218.32,50750.22,0.4366399999999994,-227.4499999999971,912.0699999999997,1.7971744753027665,-6,11,12,1,3508,83,1671,2.3660205245153936
2026-01-25 19:04:38.600496,0.5535557,82,37,45,45.1219512195122,218.31999999999954,2110.3700000000003,1892.0500000000002,57.03702702702704,42.04555555555556,2.6624390243902383,1.115388071139769,78.76,-86.24,50000.0,50230.82,50750.22,0.46163999999999944,-214.9499999999971,912.0699999999997,1.7971744753027665,-6,11,12,1,3510,83,1672,2.364672364672365
2026-01-25 19:04:38.617967,0.55384685,82,37,45,45.1219512195122,218.31999999999954,2110.3700000000003,1892.0500000000002,57.03702702702704,42.04555555555556,2.6624390243902383,1.115388071139769,78.76,-86.24,50000.0,50233.32,50750.22,0.4666399999999994,-212.4499999999971,912.0699999999997,1.7971744753027665,-6,11,12,1,3512,83,1673,2.3633257403189067
2026-01-25 19:04:38.636051,0.5541482666666667,82,37,45,45.1219512195122,218.31999999999954,2110.3700000000003,1892.0500000000002,57.03702702702704,42.04555555555556,2.6624390243902383,1.115388071139769,78.76,-86.24,50000.0,50212.07,50750.22,0.4241399999999994,-233.6999999999971,912.0699999999997,1.7971744753027665,-6,11,12,1,3514,83,1674,2.3619806488332387
2026-01-25 19:04:38.653573,0.5544402833333333,82,37,45,45.1219512195122,218.31999999999954,2110.3700000000003,1892.0500000000002,57.03702702702704,42.04555555555556,2.6624390243902383,1.115388071139769,78.76,-86.24,50000.0,50207.07,50750.22,0.4141399999999994,-238.6999999999971,912.0699999999997,1.7971744753027665,-6,11,12,1,3516,83,1675,2.3606370875995446
2026-01-25 19:04:38.670972,0.5547302833333333,82,37,45,45.1219512195122,218.31999999999954,2110.3700000000003,1892.0500000000002,57.03702702702704,42.04555555555556,2.6624390243902383,1.115388071139769,78.76,-86.24,50000.0,50218.32,50750.22,0.4366399999999994,-227.4499999999971,912.0699999999997,1.7971744753027665,-6,11,12,1,3518,83,1676,2.359295054007959
2026-01-25 19:04:38.688967,0.5550301833333333,82,37,45,45.1219512195122,218.31999999999954,2110.3700000000003,1892.0500000000002,57.03702702702704,42.04555555555556,2.6624390243902383,1.115388071139769,78.76,-86.24,50000.0,50230.82,50750.22,0.46163999999999944,-214.9499999999971,912.0699999999997,1.7971744753027665,-6,11,12,1,3520,83,1677,2.3579545454545454
2026-01-25 19:04:38.706608,0.5553241999999999,82,37,45,45.1219512195122,218.31999999999954,2110.3700000000003,1892.0500000000002,57.03702702702704,42.04555555555556,2.6624390243902383,1.115388071139769,78.76,-86.24,50000.0,50207.07,50750.22,0.4141399999999994,-238.6999999999971,912.0699999999997,1.7971744753027665,-6,11,12,1,3522,83,1678,2.3566155593412836
2026-01-25 19:04:38.723867,0.55561185,83,37,46,44.57831325301205,173.32999999999953,2110.3700000000003,1937.0400000000002,57.03702702702704,42.10956521739131,2.0883132530120427,1.0894818898938587,78.76,-86.24,50000.0,50173.33,50750.22,0.3466600000000035,-272.43999999999505,912.0699999999997,1.7971744753027665,-7,11,12,0,3524,83,1679,2.3552780930760497
2026-01-25 19:04:38.741214,0.5559009833333334,83,37,46,44.57831325301205,173.32999999999953,2110.3700000000003,1937.0400000000002,57.03702702702704,42.10956521739131,2.0883132530120427,1.0894818898938587,78.76,-86.24,50000.0,50173.33,50750.22,0.3466600000000035,-272.43999999999505,912.0699999999997,1.7971744753027665,-7,11,12,0,3526,83,1680,2.3539421440726036
2026-01-25 19:04:38.758535,0.5561896666666667,83,37,46,44.57831325301205,173.32999999999953,2110.3700000000003,1937.0400000000002,57.03702702702704,42.10956521739131,2.0883132530120427,1.0894818898938587,78.76,-86.24,50000.0,50173.33,50750.22,0.3466600000000035,-272.43999999999505,912.0699999999997,1.7971744753027665,-7,11,12,0,3528,83,1681,2.352607709750567
2026-01-25 19:04:38.775468,0.5564718666666667,83,37,46,44.57831325301205,173.32999999999953,2110.3700000000003,1937.0400000000002,57.03702702702704,42.10956521739131,2.0883132530120427,1.0894818898938587,78.76,-86.24,50000.0,50173.33,50750.22,0.3466600000000035,-272.43999999999505,912.0699999999997,1.7971744753027665,-7,11,12,0,3530,83,1682,2.3512747875354107
2026-01-25 19:04:38.792625,0.5567578333333334,83,37,46,44.57831325301205,173.32999999999953,2110.3700000000003,1937.0400000000002,57.03702702702704,42.10956521739131,2.0883132530120427,1.0894818898938587,78.76,-86.24,50000.0,50173.33,50750.22,0.3466600000000035,-272.43999999999505,912.0699999999997,1.7971744753027665,-7,11,12,0,3532,83,1683,2.3499433748584373
2026-01-25 19:04:38.809865,0.55704515,83,37,46,44.57831325301205,173.32999999999953,2110.3700000000003,1937.0400000000002,57.03702702702704,42.10956521739131,2.0883132530120427,1.0894818898938587,78.76,-86.24,50000.0,50173.33,50750.22,0.3466600000000035,-272.43999999999505,912.0699999999997,1.7971744753027665,-7,11,12,0,3534,83,1684,2.3486134691567626
2026-01-25 19:04:38.827345,0.5573364833333333,83,37,46,44.57831325301205,173.32999999999953,2110.3700000000003,1937.0400000000002,57.03702702702704,42.10956521739131,2.0883132530120427,1.0894818898938587,78.76,-86.24,50000.0,50173.33,50750.22,0.3466600000000035,-272.43999999999505,912.0699999999997,1.7971744753027665,-7,11,12,0,3536,83,1685,2.3472850678733033
2026-01-25 19:04:38.844908,0.5576292166666666,83,37,46,44.57831325301205,173.32999999999953,2110.3700000000003,1937.0400000000002,57.03702702702704,42.10956521739131,2.0883132530120427,1.0894818898938587,78.76,-86.24,50000.0,50173.33,50750.22,0.3466600000000035,-272.43999999999505,912.0699999999997,1.7971744753027665,-7,11,12,0,3538,83,1686,2.345958168456755
2026-01-25 19:04:38.862438,0.5579213833333333,83,37,46,44.57831325301205,173.32999999999953,2110.3700000000003,1937.0400000000002,57.03702702702704,42.10956521739131,2.0883132530120427,1.0894818898938587,78.76,-86.24,50000.0,50173.33,50750.22,0.3466600000000035,-272.43999999999505,912.0699999999997,1.7971744753027665,-7,11,12,0,3540,83,1687,2.344632768361582
2026-01-25 19:04:38.879815,0.5582109833333334,83,37,46,44.57831325301205,173.32999999999953,2110.3700000000003,1937.0400000000002,57.03702702702704,42.10956521739131,2.0883132530120427,1.0894818898938587,78.76,-86.24,50000.0,50173.33,50750.22,0.3466600000000035,-272.43999999999505,912.0699999999997,1.7971744753027665,-7,11,12,0,3542,83,1688,2.3433088650479954
2026-01-25 19:04:38.896901,0.5584957500000001,83,37,46,44.57831325301205,173.32999999999953,2110.3700000000003,1937.0400000000002,57.03702702702704,42.10956521739131,2.0883132530120427,1.0894818898938587,78.76,-86.24,50000.0,50173.33,50750.22,0.3466600000000035,-272.43999999999505,912.0699999999997,1.7971744753027665,-7,11,12,0,3544,83,1689,2.341986455981941
2026-01-25 19:04:38.916755,0.5588268833333333,83,37,46,44.57831325301205,173.32999999999953,2110.3700000000003,1937.0400000000002,57.03702702702704,42.10956521739131,2.0883132530120427,1.0894818898938587,78.76,-86.24,50000.0,50173.33,50750.22,0.3466600000000035,-272.43999999999505,912.0699999999997,1.7971744753027665,-7,11,12,0,3546,83,1690,2.340665538635082
2026-01-25 19:04:38.934436,0.5591213333333334,83,37,46,44.57831325301205,173.32999999999953,2110.3700000000003,1937.0400000000002,57.03702702702704,42.10956521739131,2.0883132530120427,1.0894818898938587,78.76,-86.24,50000.0,50173.33,50750.22,0.3466600000000035,-272.43999999999505,912.0699999999997,1.7971744753027665,-7,11,12,0,3548,83,1691,2.3393461104847804
2026-01-25 19:04:38.952174,0.5594169833333333,83,37,46,44.57831325301205,173.32999999999953,2110.3700000000003,1937.0400000000002,57.03702702702704,42.10956521739131,2.0883132530120427,1.0894818898938587,78.76,-86.24,50000.0,50173.33,50750.22,0.3466600000000035,-272.43999999999505,912.0699999999997,1.7971744753027665,-7,11,12,0,3550,83,1692,2.3380281690140845
2026-01-25 19:04:38.969560,0.5597067333333333,83,37,46,44.57831325301205,173.32999999999953,2110.3700000000003,1937.0400000000002,57.03702702702704,42.10956521739131,2.0883132530120427,1.0894818898938587,78.76,-86.24,50000.0,50173.33,50750.22,0.3466600000000035,-272.43999999999505,912.0699999999997,1.7971744753027665,-7,11,12,0,3552,83,1693,2.336711711711712
2026-01-25 19:04:38.987106,0.5599991833333333,83,37,46,44.57831325301205,173.32999999999953,2110.3700000000003,1937.0400000000002,57.03702702702704,42.10956521739131,2.0883132530120427,1.0894818898938587,78.76,-86.24,50000.0,50173.33,50750.22,0.3466600000000035,-272.43999999999505,912.0699999999997,1.7971744753027665,-7,11,12,0,3554,83,1694,2.3353967360720316
2026-01-25 19:04:39.004492,0.5602889333333334,83,37,46,44.57831325301205,173.32999999999953,2110.3700000000003,1937.0400000000002,57.03702702702704,42.10956521739131,2.0883132530120427,1.0894818898938587,78.76,-86.24,50000.0,50173.33,50750.22,0.3466600000000035,-272.43999999999505,912.0699999999997,1.7971744753027665,-7,11,12,0,3556,83,1695,2.3340832395950506
2026-01-25 19:04:39.021918,0.5605793666666667,83,37,46,44.57831325301205,173.32999999999953,2110.3700000000003,1937.0400000000002,57.03702702702704,42.10956521739131,2.0883132530120427,1.0894818898938587,78.76,-86.24,50000.0,50173.33,50750.22,0.3466600000000035,-272.43999999999505,912.0699999999997,1.7971744753027665,-7,11,12,0,3558,83,1696,2.332771219786397
2026-01-25 19:04:39.039253,0.5608682833333333,83,37,46,44.57831325301205,173.32999999999953,2110.3700000000003,1937.0400000000002,57.03702702702704,42.10956521739131,2.0883132530120427,1.0894818898938587,78.76,-86.24,50000.0,50173.33,50750.22,0.3466600000000035,-272.43999999999505,912.0699999999997,1.7971744753027665,-7,11,12,0,3560,83,1697,2.331460674157303
2026-01-25 19:04:39.056221,0.5611511,83,37,46,44.57831325301205,173.32999999999953,2110.3700000000003,1937.0400000000002,57.03702702702704,42.10956521739131,2.0883132530120427,1.0894818898938587,78.76,-86.24,50000.0,50173.33,50750.22,0.3466600000000035,-272.43999999999505,912.0699999999997,1.7971744753027665,-7,11,12,0,3562,83,1698,2.330151600224593
2026-01-25 19:04:39.073574,0.5614403166666667,83,37,46,44.57831325301205,173.32999999999953,2110.3700000000003,1937.0400000000002,57.03702702702704,42.10956521739131,2.0883132530120427,1.0894818898938587,78.76,-86.24,50000.0,50173.33,50750.22,0.3466600000000035,-272.43999999999505,912.0699999999997,1.7971744753027665,-7,11,12,0,3564,83,1699,2.3288439955106623
2026-01-25 19:04:39.091045,0.5617314833333332,83,37,46,44.57831325301205,173.32999999999953,2110.3700000000003,1937.0400000000002,57.03702702702704,42.10956521739131,2.0883132530120427,1.0894818898938587,78.76,-86.24,50000.0,50173.33,50750.22,0.3466600000000035,-272.43999999999505,912.0699999999997,1.7971744753027665,-7,11,12,0,3566,83,1700,2.327537857543466
2026-01-25 19:04:39.108259,0.5620183999999999,83,37,46,44.57831325301205,173.32999999999953,2110.3700000000003,1937.0400000000002,57.03702702702704,42.10956521739131,2.0883132530120427,1.0894818898938587,78.76,-86.24,50000.0,50173.33,50750.22,0.3466600000000035,-272.43999999999505,912.0699999999997,1.7971744753027665,-7,11,12,0,3568,83,1701,2.3262331838565022
2026-01-25 19:04:39.125566,0.56230685,83,37,46,44.57831325301205,173.32999999999953,2110.3700000000003,1937.0400000000002,57.03702702702704,42.10956521739131,2.0883132530120427,1.0894818898938587,78.76,-86.24,50000.0,50173.33,50750.22,0.3466600000000035,-272.43999999999505,912.0699999999997,1.7971744753027665,-7,11,12,0,3570,83,1702,2.3249299719887957
2026-01-25 19:04:39.143012,0.5625976,83,37,46,44.57831325301205,173.32999999999953,2110.3700000000003,1937.0400000000002,57.03702702702704,42.10956521739131,2.0883132530120427,1.0894818898938587,78.76,-86.24,50000.0,50173.33,50750.22,0.3466600000000035,-272.43999999999505,912.0699999999997,1.7971744753027665,-7,11,12,0,3572,83,1703,2.3236282194848825
2026-01-25 19:04:39.160363,0.5628867833333333,83,37,46,44.57831325301205,173.32999999999953,2110.3700000000003,1937.0400000000002,57.03702702702704,42.10956521739131,2.0883132530120427,1.0894818898938587,78.76,-86.24,50000.0,50173.33,50750.22,0.3466600000000035,-272.43999999999505,912.0699999999997,1.7971744753027665,-7,11,12,0,3574,83,1704,2.322327923894796
2026-01-25 19:04:39.177810,0.5631775666666667,83,37,46,44.57831325301205,173.32999999999953,2110.3700000000003,1937.0400000000002,57.03702702702704,42.10956521739131,2.0883132530120427,1.0894818898938587,78.76,-86.24,50000.0,50173.33,50750.22,0.3466600000000035,-272.43999999999505,912.0699999999997,1.7971744753027665,-7,11,12,0,3576,83,1705,2.321029082774049
2026-01-25 19:04:39.195054,0.5634649666666667,83,37,46,44.57831325301205,173.32999999999953,2110.3700000000003,1937.0400000000002,57.03702702702704,42.10956521739131,2.0883132530120427,1.0894818898938587,78.76,-86.24,50000.0,50173.33,50750.22,0.3466600000000035,0.0,912.0699999999997,1.7971744753027665,-7,11,12,0,3578,83,1706,2.319731693683622
2026-01-25 19:04:39.212021,0.56374775,83,37,46,44.57831325301205,173.32999999999953,2110.3700000000003,1937.0400000000002,57.03702702702704,42.10956521739131,2.0883132530120427,1.0894818898938587,78.76,-86.24,50000.0,50173.33,50750.22,0.3466600000000035,0.0,912.0699999999997,1.7971744753027665,-7,11,12,0,3580,83,1707,2.3184357541899443
2026-01-25 19:04:39.229206,0.5640341666666667,83,37,46,44.57831325301205,173.32999999999953,2110.3700000000003,1937.0400000000002,57.03702702702704,42.10956521739131,2.0883132530120427,1.0894818898938587,78.76,-86.24,50000.0,50173.33,50750.22,0.3466600000000035,0.0,912.0699999999997,1.7971744753027665,-7,11,12,0,3582,83,1708,2.3171412618648803
2026-01-25 19:04:39.246241,0.5643180833333333,83,37,46,44.57831325301205,173.32999999999953,2110.3700000000003,1937.0400000000002,57.03702702702704,42.10956521739131,2.0883132530120427,1.0894818898938587,78.76,-86.24,50000.0,50173.33,50750.22,0.3466600000000035,0.0,912.0699999999997,1.7971744753027665,-7,11,12,0,3584,83,1709,2.3158482142857144
2026-01-25 19:04:39.263550,0.5646065666666666,83,37,46,44.57831325301205,173.32999999999953,2110.3700000000003,1937.0400000000002,57.03702702702704,42.10956521739131,2.0883132530120427,1.0894818898938587,78.76,-86.24,50000.0,50173.33,50750.22,0.3466600000000035,0.0,912.0699999999997,1.7971744753027665,-7,11,12,0,3586,83,1710,2.3145566090351366
2026-01-25 19:04:39.280591,0.5648905833333333,83,37,46,44.57831325301205,173.32999999999953,2110.3700000000003,1937.0400000000002,57.03702702702704,42.10956521739131,2.0883132530120427,1.0894818898938587,78.76,-86.24,50000.0,50173.33,50750.22,0.3466600000000035,0.0,912.0699999999997,1.7971744753027665,-7,11,12,0,3588,83,1711,2.3132664437012265
2026-01-25 19:04:39.297890,0.5651789166666668,83,37,46,44.57831325301205,173.32999999999953,2110.3700000000003,1937.0400000000002,57.03702702702704,42.10956521739131,2.0883132530120427,1.0894818898938587,78.76,-86.24,50000.0,50173.33,50750.22,0.3466600000000035,0.0,912.0699999999997,1.7971744753027665,-7,11,12,0,3590,83,1712,2.3119777158774375
2026-01-25 19:04:39.315168,0.5654668666666667,83,37,46,44.57831325301205,173.32999999999953,2110.3700000000003,1937.0400000000002,57.03702702702704,42.10956521739131,2.0883132530120427,1.0894818898938587,78.76,-86.24,50000.0,50173.33,50750.22,0.3466600000000035,0.0,912.0699999999997,1.7971744753027665,-7,11,12,0,3592,83,1713,2.3106904231625833
2026-01-25 19:04:39.332539,0.5657563833333333,83,37,46,44.57831325301205,173.32999999999953,2110.3700000000003,1937.0400000000002,57.03702702702704,42.10956521739131,2.0883132530120427,1.0894818898938587,78.76,-86.24,50000.0,50173.33,50750.22,0.3466600000000035,0.0,912.0699999999997,1.7971744753027665,-7,11,12,0,3594,83,1714,2.3094045631608235
2026-01-25 19:04:39.349972,0.5660469333333332,83,37,46,44.57831325301205,173.32999999999953,2110.3700000000003,1937.0400000000002,57.03702702702704,42.10956521739131,2.0883132530120427,1.0894818898938587,78.76,-86.24,50000.0,50173.33,50750.22,0.3466600000000035,0.0,912.0699999999997,1.7971744753027665,-7,11,12,0,3596,83,1715,2.3081201334816464
2026-01-25 19:04:39.366844,0.5663282,83,37,46,44.57831325301205,173.32999999999953,2110.3700000000003,1937.0400000000002,57.03702702702704,42.10956521739131,2.0883132530120427,1.0894818898938587,78.76,-86.24,50000.0,50173.33,50750.22,0.3466600000000035,0.0,912.0699999999997,1.7971744753027665,-7,11,12,0,3598,83,1716,2.3068371317398557
2026-01-25 19:04:39.384669,0.5666252166666667,83,37,46,44.57831325301205,173.32999999999953,2110.3700000000003,1937.0400000000002,57.03702702702704,42.10956521739131,2.0883132530120427,1.0894818898938587,78.76,-86.24,50000.0,50173.33,50750.22,0.3466600000000035,0.0,912.0699999999997,1.7971744753027665,-7,11,12,0,3600,83,1717,2.3055555555555554
2026-01-25 19:04:39.401941,0.5669130833333333,83,37,46,44.57831325301205,173.32999999999953,2110.3700000000003,1937.0400000000002,57.03702702702704,42.10956521739131,2.0883132530120427,1.0894818898938587,78.76,-86.24,50000.0,50173.33,50750.22,0.3466600000000035,0.0,912.0699999999997,1.7971744753027665,-7,11,12,0,3602,83,1718,2.3042754025541368
2026-01-25 19:04:39.419271,0.5672019166666666,83,37,46,44.57831325301205,173.32999999999953,2110.3700000000003,1937.0400000000002,57.03702702702704,42.10956521739131,2.0883132530120427,1.0894818898938587,78.76,-86.24,50000.0,50173.33,50750.22,0.3466600000000035,0.0,912.0699999999997,1.7971744753027665,-7,11,12,0,3604,83,1719,2.3029966703662597
2026-01-25 19:04:39.436763,0.5674934666666667,83,37,46,44.57831325301205,173.32999999999953,2110.3700000000003,1937.0400000000002,57.03702702702704,42.10956521739131,2.0883132530120427,1.0894818898938587,78.76,-86.24,50000.0,50173.33,50750.22,0.3466600000000035,0.0,912.0699999999997,1.7971744753027665,-7,11,12,0,3606,83,1720,2.3017193566278427
2026-01-25 19:04:39.454084,0.5677821333333333,83,37,46,44.57831325301205,173.32999999999953,2110.3700000000003,1937.0400000000002,57.03702702702704,42.10956521739131,2.0883132530120427,1.0894818898938587,78.76,-86.24,50000.0,50173.33,50750.22,0.3466600000000035,0.0,912.0699999999997,1.7971744753027665,-7,11,12,0,3608,83,1721,2.300443458980044
2026-01-25 19:04:39.471369,0.5680702166666667,83,37,46,44.57831325301205,173.32999999999953,2110.3700000000003,1937.0400000000002,57.03702702702704,42.10956521739131,2.0883132530120427,1.0894818898938587,78.76,-86.24,50000.0,50173.33,50750.22,0.3466600000000035,0.0,912.0699999999997,1.7971744753027665,-7,11,12,0,3610,83,1722,2.2991689750692523
2026-01-25 19:04:39.488775,0.5683603166666666,83,37,46,44.57831325301205,173.32999999999953,2110.3700000000003,1937.0400000000002,57.03702702702704,42.10956521739131,2.0883132530120427,1.0894818898938587,78.76,-86.24,50000.0,50173.33,50750.22,0.3466600000000035,0.0,912.0699999999997,1.7971744753027665,-7,11,12,0,3612,83,1723,2.2978959025470655
2026-01-25 19:04:39.506640,0.5686580666666666,83,37,46,44.57831325301205,173.32999999999953,2110.3700000000003,1937.0400000000002,57.03702702702704,42.10956521739131,2.0883132530120427,1.0894818898938587,78.76,-86.24,50000.0,50173.33,50750.22,0.3466600000000035,0.0,912.0699999999997,1.7971744753027665,-7,11,12,0,3614,83,1724,2.2966242390702822
2026-01-25 19:04:39.525036,0.5689646666666667,83,37,46,44.57831325301205,173.32999999999953,2110.3700000000003,1937.0400000000002,57.03702702702704,42.10956521739131,2.0883132530120427,1.0894818898938587,78.76,-86.24,50000.0,50173.33,50750.22,0.3466600000000035,0.0,912.0699999999997,1.7971744753027665,-7,11,12,0,3616,83,1725,2.295353982300885
2026-01-25 19:04:39.543646,0.56927485,83,37,46,44.57831325301205,173.32999999999953,2110.3700000000003,1937.0400000000002,57.03702702702704,42.10956521739131,2.0883132530120427,1.0894818898938587,78.76,-86.24,50000.0,50173.33,50750.22,0.3466600000000035,0.0,912.0699999999997,1.7971744753027665,-7,11,12,0,3618,83,1726,2.2940851299060254
2026-01-25 19:04:39.562613,0.5695909666666666,83,37,46,44.57831325301205,173.32999999999953,2110.3700000000003,1937.0400000000002,57.03702702702704,42.10956521739131,2.0883132530120427,1.0894818898938587,78.76,-86.24,50000.0,50173.33,50750.22,0.3466600000000035,0.0,912.0699999999997,1.7971744753027665,-7,11,12,0,3620,83,1727,2.292817679558011
2026-01-25 19:04:39.581142,0.5698997833333334,83,37,46,44.57831325301205,173.32999999999953,2110.3700000000003,1937.0400000000002,57.03702702702704,42.10956521739131,2.0883132530120427,1.0894818898938587,78.76,-86.24,50000.0,50173.33,50750.22,0.3466600000000035,0.0,912.0699999999997,1.7971744753027665,-7,11,12,0,3622,83,1728,2.2915516289342905
2026-01-25 19:04:39.598620,0.5701910666666666,83,37,46,44.57831325301205,173.32999999999953,2110.3700000000003,1937.0400000000002,57.03702702702704,42.10956521739131,2.0883132530120427,1.0894818898938587,78.76,-86.24,50000.0,50173.33,50750.22,0.3466600000000035,0.0,912.0699999999997,1.7971744753027665,-7,11,12,0,3624,83,1729,2.2902869757174393
2026-01-25 19:04:39.617326,0.5705028333333334,83,37,46,44.57831325301205,173.32999999999953,2110.3700000000003,1937.0400000000002,57.03702702702704,42.10956521739131,2.0883132530120427,1.0894818898938587,78.76,-86.24,50000.0,50173.33,50750.22,0.3466600000000035,0.0,912.0699999999997,1.7971744753027665,-7,11,12,0,3626,83,1730,2.2890237175951462
2026-01-25 19:04:39.635584,0.57080715,83,37,46,44.57831325301205,173.32999999999953,2110.3700000000003,1937.0400000000002,57.03702702702704,42.10956521739131,2.0883132530120427,1.0894818898938587,78.76,-86.24,50000.0,50173.33,50750.22,0.3466600000000035,0.0,912.0699999999997,1.7971744753027665,-7,11,12,0,3628,83,1731,2.2877618522601986
2026-01-25 19:04:39.654270,0.5711185833333333,83,37,46,44.57831325301205,173.32999999999953,2110.3700000000003,1937.0400000000002,57.03702702702704,42.10956521739131,2.0883132530120427,1.0894818898938587,78.76,-86.24,50000.0,50173.33,50750.22,0.3466600000000035,0.0,912.0699999999997,1.7971744753027665,-7,11,12,0,3630,83,1732,2.286501377410468
2026-01-25 19:04:39.672141,0.5714164166666666,83,37,46,44.57831325301205,173.32999999999953,2110.3700000000003,1937.0400000000002,57.03702702702704,42.10956521739131,2.0883132530120427,1.0894818898938587,78.76,-86.24,50000.0,50173.33,50750.22,0.3466600000000035,0.0,912.0699999999997,1.7971744753027665,-7,11,12,0,3632,83,1733,2.285242290748899
2026-01-25 19:04:39.689367,0.5717035166666666,83,37,46,44.57831325301205,173.32999999999953,2110.3700000000003,1937.0400000000002,57.03702702702704,42.10956521739131,2.0883132530120427,1.0894818898938587,78.76,-86.24,50000.0,50173.33,50750.22,0.3466600000000035,0.0,912.0699999999997,1.7971744753027665,-7,11,12,0,3634,83,1734,2.283984589983489
2026-01-25 19:04:39.706788,0.5719938666666666,83,37,46,44.57831325301205,173.32999999999953,2110.3700000000003,1937.0400000000002,57.03702702702704,42.10956521739131,2.0883132530120427,1.0894818898938587,78.76,-86.24,50000.0,50173.33,50750.22,0.3466600000000035,0.0,912.0699999999997,1.7971744753027665,-7,11,12,0,3636,83,1735,2.2827282728272826
2026-01-25 19:04:39.723875,0.5722786666666667,83,37,46,44.57831325301205,173.32999999999953,2110.3700000000003,1937.0400000000002,57.03702702702704,42.10956521739131,2.0883132530120427,1.0894818898938587,78.76,-86.24,50000.0,50173.33,50750.22,0.3466600000000035,0.0,912.0699999999997,1.7971744753027665,-7,11,12,0,3638,83,1736,2.2814733369983506
2026-01-25 19:04:39.741084,0.5725654833333333,83,37,46,44.57831325301205,173.32999999999953,2110.3700000000003,1937.0400000000002,57.03702702702704,42.10956521739131,2.0883132530120427,1.0894818898938587,78.76,-86.24,50000.0,50173.33,50750.22,0.3466600000000035,0.0,912.0699999999997,1.7971744753027665,-7,11,12,0,3640,83,1737,2.28021978021978
2026-01-25 19:04:39.758488,0.57285555,83,37,46,44.57831325301205,173.32999999999953,2110.3700000000003,1937.0400000000002,57.03702702702704,42.10956521739131,2.0883132530120427,1.0894818898938587,78.76,-86.24,50000.0,50173.33,50750.22,0.3466600000000035,0.0,912.0699999999997,1.7971744753027665,-7,11,12,0,3642,83,1738,2.2789676002196595
2026-01-25 19:04:39.775606,0.57314085,83,37,46,44.57831325301205,173.32999999999953,2110.3700000000003,1937.0400000000002,57.03702702702704,42.10956521739131,2.0883132530120427,1.0894818898938587,78.76,-86.24,50000.0,50173.33,50750.22,0.3466600000000035,0.0,912.0699999999997,1.7971744753027665,-7,11,12,0,3644,83,1739,2.277716794731065
2026-01-25 19:04:39.793165,0.5734334833333333,83,37,46,44.57831325301205,173.32999999999953,2110.3700000000003,1937.0400000000002,57.03702702702704,42.10956521739131,2.0883132530120427,1.0894818898938587,78.76,-86.24,50000.0,50173.33,50750.22,0.3466600000000035,0.0,912.0699999999997,1.7971744753027665,-7,11,12,0,3646,83,1740,2.2764673614920463
2026-01-25 19:04:39.811235,0.57373465,83,37,46,44.57831325301205,173.32999999999953,2110.3700000000003,1937.0400000000002,57.03702702702704,42.10956521739131,2.0883132530120427,1.0894818898938587,78.76,-86.24,50000.0,50173.33,50750.22,0.3466600000000035,0.0,912.0699999999997,1.7971744753027665,-7,11,12,0,3648,83,1741,2.2752192982456143
2026-01-25 19:04:39.829111,0.5740325833333333,83,37,46,44.57831325301205,173.32999999999953,2110.3700000000003,1937.0400000000002,57.03702702702704,42.10956521739131,2.0883132530120427,1.0894818898938587,78.76,-86.24,50000.0,50173.33,50750.22,0.3466600000000035,0.0,912.0699999999997,1.7971744753027665,-7,11,12,0,3650,83,1742,2.273972602739726
2026-01-25 19:04:39.847226,0.5743345166666667,83,37,46,44.57831325301205,173.32999999999953,2110.3700000000003,1937.0400000000002,57.03702702702704,42.10956521739131,2.0883132530120427,1.0894818898938587,78.76,-86.24,50000.0,50173.33,50750.22,0.3466600000000035,0.0,912.0699999999997,1.7971744753027665,-7,11,12,0,3652,83,1743,2.272727272727273
2026-01-25 19:04:39.865570,0.57464025,83,37,46,44.57831325301205,173.32999999999953,2110.3700000000003,1937.0400000000002,57.03702702702704,42.10956521739131,2.0883132530120427,1.0894818898938587,78.76,-86.24,50000.0,50173.33,50750.22,0.3466600000000035,0.0,912.0699999999997,1.7971744753027665,-7,11,12,0,3654,83,1744,2.2714833059660644
2026-01-25 19:04:39.882988,0.5749305333333333,83,37,46,44.57831325301205,173.32999999999953,2110.3700000000003,1937.0400000000002,57.03702702702704,42.10956521739131,2.0883132530120427,1.0894818898938587,78.76,-86.24,50000.0,50173.33,50750.22,0.3466600000000035,0.0,912.0699999999997,1.7971744753027665,-7,11,12,0,3656,83,1745,2.2702407002188183
2026-01-25 19:04:39.901073,0.5752319499999999,83,37,46,44.57831325301205,173.32999999999953,2110.3700000000003,1937.0400000000002,57.03702702702704,42.10956521739131,2.0883132530120427,1.0894818898938587,78.76,-86.24,50000.0,50173.33,50750.22,0.3466600000000035,0.0,912.0699999999997,1.7971744753027665,-7,11,12,0,3658,83,1746,2.268999453253144
2026-01-25 19:04:39.918867,0.5755285166666667,83,37,46,44.57831325301205,173.32999999999953,2110.3700000000003,1937.0400000000002,57.03702702702704,42.10956521739131,2.0883132530120427,1.0894818898938587,78.76,-86.24,50000.0,50173.33,50750.22,0.3466600000000035,0.0,912.0699999999997,1.7971744753027665,-7,11,12,0,3660,83,1747,2.26775956284153
2026-01-25 19:04:39.936053,0.5758149499999999,83,37,46,44.57831325301205,173.32999999999953,2110.3700000000003,1937.0400000000002,57.03702702702704,42.10956521739131,2.0883132530120427,1.0894818898938587,78.76,-86.24,50000.0,50173.33,50750.22,0.3466600000000035,0.0,912.0699999999997,1.7971744753027665,-7,11,12,0,3662,83,1748,2.2665210267613327
2026-01-25 19:04:39.952742,0.5760931,83,37,46,44.57831325301205,173.32999999999953,2110.3700000000003,1937.0400000000002,57.03702702702704,42.10956521739131,2.0883132530120427,1.0894818898938587,78.76,-86.24,50000.0,50173.33,50750.22,0.3466600000000035,0.0,912.0699999999997,1.7971744753027665,-7,11,12,0,3664,83,1749,2.26528384279476
2026-01-25 19:04:39.969485,0.57637215,83,37,46,44.57831325301205,173.32999999999953,2110.3700000000003,1937.0400000000002,57.03702702702704,42.10956521739131,2.0883132530120427,1.0894818898938587,78.76,-86.24,50000.0,50173.33,50750.22,0.3466600000000035,0.0,912.0699999999997,1.7971744753027665,-7,11,12,0,3666,83,1750,2.2640480087288597
2026-01-25 19:04:39.986344,0.5766531333333333,83,37,46,44.57831325301205,173.32999999999953,2110.3700000000003,1937.0400000000002,57.03702702702704,42.10956521739131,2.0883132530120427,1.0894818898938587,78.76,-86.24,50000.0,50173.33,50750.22,0.3466600000000035,0.0,912.0699999999997,1.7971744753027665,-7,11,12,0,3668,83,1751,2.2628135223555073
2026-01-25 19:04:40.002997,0.5769306833333334,83,37,46,44.57831325301205,173.32999999999953,2110.3700000000003,1937.0400000000002,57.03702702702704,42.10956521739131,2.0883132530120427,1.0894818898938587,78.76,-86.24,50000.0,50173.33,50750.22,0.3466600000000035,0.0,912.0699999999997,1.7971744753027665,-7,11,12,0,3670,83,1752,2.26158038147139
2026-01-25 19:04:40.020321,0.5772194333333334,83,37,46,44.57831325301205,173.32999999999953,2110.3700000000003,1937.0400000000002,57.03702702702704,42.10956521739131,2.0883132530120427,1.0894818898938587,78.76,-86.24,50000.0,50173.33,50750.22,0.3466600000000035,0.0,912.0699999999997,1.7971744753027665,-7,11,12,0,3672,83,1753,2.2603485838779953
2026-01-25 19:04:40.037100,0.5774990666666666,83,37,46,44.57831325301205,173.32999999999953,2110.3700000000003,1937.0400000000002,57.03702702702704,42.10956521739131,2.0883132530120427,1.0894818898938587,78.76,-86.24,50000.0,50173.33,50750.22,0.3466600000000035,0.0,912.0699999999997,1.7971744753027665,-7,11,12,0,3674,83,1754,2.2591181273816003
2026-01-25 19:04:40.053910,0.5777792333333333,83,37,46,44.57831325301205,173.32999999999953,2110.3700000000003,1937.0400000000002,57.03702702702704,42.10956521739131,2.0883132530120427,1.0894818898938587,78.76,-86.24,50000.0,50173.33,50750.22,0.3466600000000035,0.0,912.0699999999997,1.7971744753027665,-7,11,12,0,3676,83,1755,2.2578890097932534
2026-01-25 19:04:40.070441,0.57805475,83,37,46,44.57831325301205,173.32999999999953,2110.3700000000003,1937.0400000000002,57.03702702702704,42.10956521739131,2.0883132530120427,1.0894818898938587,78.76,-86.24,50000.0,50173.33,50750.22,0.3466600000000035,0.0,912.0699999999997,1.7971744753027665,-7,11,12,0,3678,83,1756,2.2566612289287655
2026-01-25 19:04:40.086967,0.5783301833333333,83,37,46,44.57831325301205,173.32999999999953,2110.3700000000003,1937.0400000000002,57.03702702702704,42.10956521739131,2.0883132530120427,1.0894818898938587,78.76,-86.24,50000.0,50173.33,50750.22,0.3466600000000035,0.0,912.0699999999997,1.7971744753027665,-7,11,12,0,3680,83,1757,2.255434782608696
2026-01-25 19:04:40.126628,0.5789912,83,37,46,44.57831325301205,173.32999999999953,2110.3700000000003,1937.0400000000002,57.03702702702704,42.10956521739131,2.0883132530120427,1.0894818898938587,78.76,-86.24,50000.0,50173.33,50750.22,0.3466600000000035,0.0,912.0699999999997,1.7971744753027665,-7,11,12,1,3682,84,1757,2.2813688212927756
2026-01-25 19:04:40.143258,0.5792683666666666,83,37,46,44.57831325301205,173.32999999999953,2110.3700000000003,1937.0400000000002,57.03702702702704,42.10956521739131,2.0883132530120427,1.0894818898938587,78.76,-86.24,50000.0,50188.33,50750.22,0.3766600000000035,15.0,912.0699999999997,1.7971744753027665,-7,11,12,2,3684,85,1757,2.3072747014115094
2026-01-25 19:04:40.159871,0.57954525,83,37,46,44.57831325301205,173.32999999999953,2110.3700000000003,1937.0400000000002,57.03702702702704,42.10956521739131,2.0883132530120427,1.0894818898938587,78.76,-86.24,50000.0,50180.83,50750.22,0.3616600000000035,7.5,912.0699999999997,1.7971744753027665,-7,11,12,2,3686,85,1758,2.3060227889310907
2026-01-25 19:04:40.176507,0.5798225166666667,83,37,46,44.57831325301205,173.32999999999953,2110.3700000000003,1937.0400000000002,57.03702702702704,42.10956521739131,2.0883132530120427,1.0894818898938587,78.76,-86.24,50000.0,50205.83,50750.22,0.4116600000000035,32.5,912.0699999999997,1.7971744753027665,-7,11,12,2,3688,85,1759,2.304772234273319
2026-01-25 19:04:40.193338,0.58010305,83,37,46,44.57831325301205,173.32999999999953,2110.3700000000003,1937.0400000000002,57.03702702702704,42.10956521739131,2.0883132530120427,1.0894818898938587,78.76,-86.24,50000.0,50185.83,50750.22,0.3716600000000035,12.5,912.0699999999997,1.7971744753027665,-7,11,12,2,3690,85,1760,2.303523035230352
2026-01-25 19:04:40.209725,0.58037615,85,37,48,43.529411764705884,65.84999999999951,2110.3700000000003,2044.5200000000002,57.03702702702704,42.59416666666667,0.7747058823529355,1.032208048832978,78.76,-86.24,50000.0,50065.85,50750.22,0.1316999999999971,-107.4800000000032,912.0699999999997,1.7971744753027665,-9,11,12,0,3692,85,1761,2.3022751895991336
2026-01-25 19:04:40.226262,0.5806517666666667,85,37,48,43.529411764705884,65.84999999999951,2110.3700000000003,2044.5200000000002,57.03702702702704,42.59416666666667,0.7747058823529355,1.032208048832978,78.76,-86.24,50000.0,50065.85,50750.22,0.1316999999999971,-107.4800000000032,912.0699999999997,1.7971744753027665,-9,11,12,0,3694,85,1762,2.301028695181375
2026-01-25 19:04:40.243017,0.5809310166666666,85,37,48,43.529411764705884,65.84999999999951,2110.3700000000003,2044.5200000000002,57.03702702702704,42.59416666666667,0.7747058823529355,1.032208048832978,78.76,-86.24,50000.0,50065.85,50750.22,0.1316999999999971,-107.4800000000032,912.0699999999997,1.7971744753027665,-9,11,12,0,3696,85,1763,2.2997835497835495
2026-01-25 19:04:40.259816,0.581211,85,37,48,43.529411764705884,65.84999999999951,2110.3700000000003,2044.5200000000002,57.03702702702704,42.59416666666667,0.7747058823529355,1.032208048832978,78.76,-86.24,50000.0,50065.85,50750.22,0.1316999999999971,-107.4800000000032,912.0699999999997,1.7971744753027665,-9,11,12,0,3698,85,1764,2.298539751216874
2026-01-25 19:04:40.276757,0.58149335,85,37,48,43.529411764705884,65.84999999999951,2110.3700000000003,2044.5200000000002,57.03702702702704,42.59416666666667,0.7747058823529355,1.032208048832978,78.76,-86.24,50000.0,50065.85,50750.22,0.1316999999999971,-107.4800000000032,912.0699999999997,1.7971744753027665,-9,11,12,0,3700,85,1765,2.2972972972972974
2026-01-25 19:04:40.293450,0.5817715666666667,85,37,48,43.529411764705884,65.84999999999951,2110.3700000000003,2044.5200000000002,57.03702702702704,42.59416666666667,0.7747058823529355,1.032208048832978,78.76,-86.24,50000.0,50065.85,50750.22,0.1316999999999971,-107.4800000000032,912.0699999999997,1.7971744753027665,-9,11,12,0,3702,85,1766,2.296056185845489
2026-01-25 19:04:40.310142,0.5820497833333333,85,37,48,43.529411764705884,65.84999999999951,2110.3700000000003,2044.5200000000002,57.03702702702704,42.59416666666667,0.7747058823529355,1.032208048832978,78.76,-86.24,50000.0,50065.85,50750.22,0.1316999999999971,-107.4800000000032,912.0699999999997,1.7971744753027665,-9,11,12,0,3704,85,1767,2.294816414686825
2026-01-25 19:04:40.327772,0.5823436,85,37,48,43.529411764705884,65.84999999999951,2110.3700000000003,2044.5200000000002,57.03702702702704,42.59416666666667,0.7747058823529355,1.032208048832978,78.76,-86.24,50000.0,50065.85,50750.22,0.1316999999999971,-107.4800000000032,912.0699999999997,1.7971744753027665,-9,11,12,0,3706,85,1768,2.293577981651376
2026-01-25 19:04:40.345190,0.5826338999999999,85,37,48,43.529411764705884,65.84999999999951,2110.3700000000003,2044.5200000000002,57.03702702702704,42.59416666666667,0.7747058823529355,1.032208048832978,78.76,-86.24,50000.0,50065.85,50750.22,0.1316999999999971,-107.4800000000032,912.0699999999997,1.7971744753027665,-9,11,12,0,3708,85,1769,2.2923408845738944
2026-01-25 19:04:40.362194,0.5829173166666667,85,37,48,43.529411764705884,65.84999999999951,2110.3700000000003,2044.5200000000002,57.03702702702704,42.59416666666667,0.7747058823529355,1.032208048832978,78.76,-86.24,50000.0,50065.85,50750.22,0.1316999999999971,-107.4800000000032,912.0699999999997,1.7971744753027665,-9,11,12,1,3710,86,1769,2.3180592991913747
2026-01-25 19:04:40.379322,0.5832027833333334,85,37,48,43.529411764705884,65.84999999999951,2110.3700000000003,2044.5200000000002,57.03702702702704,42.59416666666667,0.7747058823529355,1.032208048832978,78.76,-86.24,50000.0,50090.85,50750.22,0.18169999999999709,-82.4800000000032,912.0699999999997,1.7971744753027665,-9,11,12,1,3712,86,1770,2.3168103448275863
2026-01-25 19:04:40.396757,0.5834933666666667,85,37,48,43.529411764705884,65.84999999999951,2110.3700000000003,2044.5200000000002,57.03702702702704,42.59416666666667,0.7747058823529355,1.032208048832978,78.76,-86.24,50000.0,50095.85,50750.22,0.1916999999999971,-77.4800000000032,912.0699999999997,1.7971744753027665,-9,11,12,2,3714,87,1770,2.34248788368336
2026-01-25 19:04:40.413716,0.5837760000000001,85,37,48,43.529411764705884,65.84999999999951,2110.3700000000003,2044.5200000000002,57.03702702702704,42.59416666666667,0.7747058823529355,1.032208048832978,78.76,-86.24,50000.0,50050.85,50750.22,0.10169999999999708,-122.4800000000032,912.0699999999997,1.7971744753027665,-9,11,12,2,3716,87,1771,2.3412271259418733
2026-01-25 19:04:40.433841,0.5841114166666667,85,37,48,43.529411764705884,65.84999999999951,2110.3700000000003,2044.5200000000002,57.03702702702704,42.59416666666667,0.7747058823529355,1.032208048832978,78.76,-86.24,50000.0,50048.35,50750.22,0.0966999999999971,-124.9800000000032,912.0699999999997,1.7971744753027665,-9,11,12,2,3718,87,1772,2.339967724583109
2026-01-25 19:04:40.450810,0.5843942333333333,85,37,48,43.529411764705884,65.84999999999951,2110.3700000000003,2044.5200000000002,57.03702702702704,42.59416666666667,0.7747058823529355,1.032208048832978,78.76,-86.24,50000.0,50028.35,50750.22,0.056699999999997086,-144.9800000000032,912.0699999999997,1.7971744753027665,-9,11,12,3,3720,88,1772,2.3655913978494625
2026-01-25 19:04:40.467962,0.5846801,85,37,48,43.529411764705884,65.84999999999951,2110.3700000000003,2044.5200000000002,57.03702702702704,42.59416666666667,0.7747058823529355,1.032208048832978,78.76,-86.24,50000.0,50054.6,50750.22,0.10919999999999708,-118.7300000000032,912.0699999999997,1.7971744753027665,-9,11,12,4,3722,89,1772,2.3911875335840946
2026-01-25 19:04:40.484876,0.5849620000000001,85,37,48,43.529411764705884,65.84999999999951,2110.3700000000003,2044.5200000000002,57.03702702702704,42.59416666666667,0.7747058823529355,1.032208048832978,78.76,-86.24,50000.0,49969.6,50750.22,-0.06080000000000291,-203.7300000000032,912.0699999999997,1.7971744753027665,-9,11,12,5,3724,90,1772,2.4167561761546725
2026-01-25 19:04:40.501812,0.5852442666666666,85,37,48,43.529411764705884,65.84999999999951,2110.3700000000003,2044.5200000000002,57.03702702702704,42.59416666666667,0.7747058823529355,1.032208048832978,78.76,-86.24,50000.0,50225.85,50750.22,0.45169999999999705,52.5199999999968,912.0699999999997,1.7971744753027665,-9,11,12,5,3726,90,1773,2.4154589371980677
2026-01-25 19:04:40.518931,0.5855295833333333,85,37,48,43.529411764705884,65.84999999999951,2110.3700000000003,2044.5200000000002,57.03702702702704,42.59416666666667,0.7747058823529355,1.032208048832978,78.76,-86.24,50000.0,50269.6,50750.22,0.539199999999997,96.2699999999968,912.0699999999997,1.7971744753027665,-9,11,12,6,3728,91,1773,2.4409871244635193
2026-01-25 19:04:40.535391,0.5858039,85,37,48,43.529411764705884,65.84999999999951,2110.3700000000003,2044.5200000000002,57.03702702702704,42.59416666666667,0.7747058823529355,1.032208048832978,78.76,-86.24,50000.0,50209.6,50750.22,0.4191999999999971,36.2699999999968,912.0699999999997,1.7971744753027665,-9,11,12,6,3730,91,1774,2.439678284182306
2026-01-25 19:04:40.551788,0.5860772,85,37,48,43.529411764705884,65.84999999999951,2110.3700000000003,2044.5200000000002,57.03702702702704,42.59416666666667,0.7747058823529355,1.032208048832978,78.76,-86.24,50000.0,50322.1,50750.22,0.6441999999999971,148.7699999999968,912.0699999999997,1.7971744753027665,-9,11,12,6,3732,91,1775,2.4383708467309755
2026-01-25 19:04:40.568700,0.5863590666666667,91,43,48,47.25274725274725,633.4099999999995,2677.9300000000017,2044.5200000000002,62.27744186046515,42.59416666666667,6.960549450549445,1.3098086592452025,103.76,-86.24,50000.0,50633.409999999996,50750.22,1.2668199999999925,311.3099999999977,912.0699999999997,1.7971744753027665,6,11,12,0,3734,91,1776,2.437064809855383
2026-01-25 19:04:40.585620,0.5866410666666667,91,43,48,47.25274725274725,633.4099999999995,2677.9300000000017,2044.5200000000002,62.27744186046515,42.59416666666667,6.960549450549445,1.3098086592452025,103.76,-86.24,50000.0,50633.409999999996,50750.22,1.2668199999999925,311.3099999999977,912.0699999999997,1.7971744753027665,6,11,12,0,3736,91,1777,2.43576017130621
2026-01-25 19:04:40.602155,0.5869166666666668,91,43,48,47.25274725274725,633.4099999999995,2677.9300000000017,2044.5200000000002,62.27744186046515,42.59416666666667,6.960549450549445,1.3098086592452025,103.76,-86.24,50000.0,50633.409999999996,50750.22,1.2668199999999925,311.3099999999977,912.0699999999997,1.7971744753027665,6,11,12,0,3738,91,1778,2.4344569288389515
2026-01-25 19:04:40.619189,0.58720055,91,43,48,47.25274725274725,633.4099999999995,2677.9300000000017,2044.5200000000002,62.27744186046515,42.59416666666667,6.960549450549445,1.3098086592452025,103.76,-86.24,50000.0,50633.409999999996,50750.22,1.2668199999999925,311.3099999999977,912.0699999999997,1.7971744753027665,6,11,12,0,3740,91,1779,2.4331550802139037
2026-01-25 19:04:40.635718,0.5874760333333333,91,43,48,47.25274725274725,633.4099999999995,2677.9300000000017,2044.5200000000002,62.27744186046515,42.59416666666667,6.960549450549445,1.3098086592452025,103.76,-86.24,50000.0,50633.409999999996,50750.22,1.2668199999999925,311.3099999999977,912.0699999999997,1.7971744753027665,6,11,12,0,3742,91,1780,2.431854623196152
2026-01-25 19:04:40.652667,0.5877585166666666,91,43,48,47.25274725274725,633.4099999999995,2677.9300000000017,2044.5200000000002,62.27744186046515,42.59416666666667,6.960549450549445,1.3098086592452025,103.76,-86.24,50000.0,50633.409999999996,50750.22,1.2668199999999925,311.3099999999977,912.0699999999997,1.7971744753027665,6,11,12,0,3744,91,1781,2.430555555555556
2026-01-25 19:04:40.669397,0.58803735,91,43,48,47.25274725274725,633.4099999999995,2677.9300000000017,2044.5200000000002,62.27744186046515,42.59416666666667,6.960549450549445,1.3098086592452025,103.76,-86.24,50000.0,50633.409999999996,50750.22,1.2668199999999925,311.3099999999977,912.0699999999997,1.7971744753027665,6,11,12,0,3746,91,1782,2.429257875066738
2026-01-25 19:04:40.686268,0.58831855,91,43,48,47.25274725274725,633.4099999999995,2677.9300000000017,2044.5200000000002,62.27744186046515,42.59416666666667,6.960549450549445,1.3098086592452025,103.76,-86.24,50000.0,50633.409999999996,50750.22,1.2668199999999925,311.3099999999977,912.0699999999997,1.7971744753027665,6,11,12,0,3748,91,1783,2.4279615795090717
2026-01-25 19:04:40.703211,0.5886009,91,43,48,47.25274725274725,633.4099999999995,2677.9300000000017,2044.5200000000002,62.27744186046515,42.59416666666667,6.960549450549445,1.3098086592452025,103.76,-86.24,50000.0,50633.409999999996,50750.22,1.2668199999999925,311.3099999999977,912.0699999999997,1.7971744753027665,6,11,12,0,3750,91,1784,2.4266666666666667
2026-01-25 19:04:40.720066,0.5888818333333333,91,43,48,47.25274725274725,633.4099999999995,2677.9300000000017,2044.5200000000002,62.27744186046515,42.59416666666667,6.960549450549445,1.3098086592452025,103.76,-86.24,50000.0,50633.409999999996,50750.22,1.2668199999999925,311.3099999999977,912.0699999999997,1.7971744753027665,6,11,12,0,3752,91,1785,2.425373134328358
2026-01-25 19:04:40.736374,0.5891536333333334,91,43,48,47.25274725274725,633.4099999999995,2677.9300000000017,2044.5200000000002,62.27744186046515,42.59416666666667,6.960549450549445,1.3098086592452025,103.76,-86.24,50000.0,50633.409999999996,50750.22,1.2668199999999925,311.3099999999977,912.0699999999997,1.7971744753027665,6,11,12,0,3754,91,1786,2.424080980287693
2026-01-25 19:04:40.752621,0.5894244166666667,91,43,48,47.25274725274725,633.4099999999995,2677.9300000000017,2044.5200000000002,62.27744186046515,42.59416666666667,6.960549450549445,1.3098086592452025,103.76,-86.24,50000.0,50633.409999999996,50750.22,1.2668199999999925,311.3099999999977,912.0699999999997,1.7971744753027665,6,11,12,0,3756,91,1787,2.422790202342918
2026-01-25 19:04:40.769312,0.5897026000000001,91,43,48,47.25274725274725,633.4099999999995,2677.9300000000017,2044.5200000000002,62.27744186046515,42.59416666666667,6.960549450549445,1.3098086592452025,103.76,-86.24,50000.0,50633.409999999996,50750.22,1.2668199999999925,311.3099999999977,912.0699999999997,1.7971744753027665,6,11,12,0,3758,91,1788,2.4215007982969663
2026-01-25 19:04:40.785921,0.5899794166666666,91,43,48,47.25274725274725,633.4099999999995,2677.9300000000017,2044.5200000000002,62.27744186046515,42.59416666666667,6.960549450549445,1.3098086592452025,103.76,-86.24,50000.0,50633.409999999996,50750.22,1.2668199999999925,311.3099999999977,912.0699999999997,1.7971744753027665,6,11,12,0,3760,91,1789,2.420212765957447
2026-01-25 19:04:40.802776,0.5902603333333333,91,43,48,47.25274725274725,633.4099999999995,2677.9300000000017,2044.5200000000002,62.27744186046515,42.59416666666667,6.960549450549445,1.3098086592452025,103.76,-86.24,50000.0,50633.409999999996,50750.22,1.2668199999999925,311.3099999999977,912.0699999999997,1.7971744753027665,6,11,12,0,3762,91,1790,2.4189261031366294
2026-01-25 19:04:40.819446,0.5905381666666667,91,43,48,47.25274725274725,633.4099999999995,2677.9300000000017,2044.5200000000002,62.27744186046515,42.59416666666667,6.960549450549445,1.3098086592452025,103.76,-86.24,50000.0,50633.409999999996,50750.22,1.2668199999999925,311.3099999999977,912.0699999999997,1.7971744753027665,6,11,12,0,3764,91,1791,2.4176408076514346
2026-01-25 19:04:40.835678,0.5908087,91,43,48,47.25274725274725,633.4099999999995,2677.9300000000017,2044.5200000000002,62.27744186046515,42.59416666666667,6.960549450549445,1.3098086592452025,103.76,-86.24,50000.0,50633.409999999996,50750.22,1.2668199999999925,311.3099999999977,912.0699999999997,1.7971744753027665,6,11,12,0,3766,91,1792,2.41635687732342
2026-01-25 19:04:40.852192,0.5910839333333333,91,43,48,47.25274725274725,633.4099999999995,2677.9300000000017,2044.5200000000002,62.27744186046515,42.59416666666667,6.960549450549445,1.3098086592452025,103.76,-86.24,50000.0,50633.409999999996,50750.22,1.2668199999999925,311.3099999999977,912.0699999999997,1.7971744753027665,6,11,12,0,3768,91,1793,2.4150743099787686
2026-01-25 19:04:40.868822,0.5913611,91,43,48,47.25274725274725,633.4099999999995,2677.9300000000017,2044.5200000000002,62.27744186046515,42.59416666666667,6.960549450549445,1.3098086592452025,103.76,-86.24,50000.0,50633.409999999996,50750.22,1.2668199999999925,311.3099999999977,912.0699999999997,1.7971744753027665,6,11,12,0,3770,91,1794,2.413793103448276
2026-01-25 19:04:40.885381,0.5916370833333333,91,43,48,47.25274725274725,633.4099999999995,2677.9300000000017,2044.5200000000002,62.27744186046515,42.59416666666667,6.960549450549445,1.3098086592452025,103.76,-86.24,50000.0,50633.409999999996,50750.22,1.2668199999999925,311.3099999999977,912.0699999999997,1.7971744753027665,6,11,12,0,3772,91,1795,2.412513255567338
2026-01-25 19:04:40.901596,0.5919073333333333,91,43,48,47.25274725274725,633.4099999999995,2677.9300000000017,2044.5200000000002,62.27744186046515,42.59416666666667,6.960549450549445,1.3098086592452025,103.76,-86.24,50000.0,50633.409999999996,50750.22,1.2668199999999925,311.3099999999977,912.0699999999997,1.7971744753027665,6,11,12,0,3774,91,1796,2.4112347641759406
2026-01-25 19:04:40.918318,0.5921860333333334,91,43,48,47.25274725274725,633.4099999999995,2677.9300000000017,2044.5200000000002,62.27744186046515,42.59416666666667,6.960549450549445,1.3098086592452025,103.76,-86.24,50000.0,50633.409999999996,50750.22,1.2668199999999925,311.3099999999977,912.0699999999997,1.7971744753027665,6,11,12,0,3776,91,1797,2.409957627118644
2026-01-25 19:04:40.934734,0.5924596333333334,91,43,48,47.25274725274725,633.4099999999995,2677.9300000000017,2044.5200000000002,62.27744186046515,42.59416666666667,6.960549450549445,1.3098086592452025,103.76,-86.24,50000.0,50633.409999999996,50750.22,1.2668199999999925,311.3099999999977,912.0699999999997,1.7971744753027665,6,11,12,0,3778,91,1798,2.4086818422445737
2026-01-25 19:04:40.951538,0.5927397,91,43,48,47.25274725274725,633.4099999999995,2677.9300000000017,2044.5200000000002,62.27744186046515,42.59416666666667,6.960549450549445,1.3098086592452025,103.76,-86.24,50000.0,50633.409999999996,50750.22,1.2668199999999925,311.3099999999977,912.0699999999997,1.7971744753027665,6,11,12,0,3780,91,1799,2.4074074074074074
2026-01-25 19:04:40.968185,0.5930171333333334,91,43,48,47.25274725274725,633.4099999999995,2677.9300000000017,2044.5200000000002,62.27744186046515,42.59416666666667,6.960549450549445,1.3098086592452025,103.76,-86.24,50000.0,50633.409999999996,50750.22,1.2668199999999925,311.3099999999977,912.0699999999997,1.7971744753027665,6,11,12,0,3782,91,1800,2.4061343204653625
2026-01-25 19:04:40.985696,0.5933090166666666,91,43,48,47.25274725274725,633.4099999999995,2677.9300000000017,2044.5200000000002,62.27744186046515,42.59416666666667,6.960549450549445,1.3098086592452025,103.76,-86.24,50000.0,50633.409999999996,50750.22,1.2668199999999925,311.3099999999977,912.0699999999997,1.7971744753027665,6,11,12,0,3784,91,1801,2.404862579281184
2026-01-25 19:04:41.005680,0.5936420666666666,91,43,48,47.25274725274725,633.4099999999995,2677.9300000000017,2044.5200000000002,62.27744186046515,42.59416666666667,6.960549450549445,1.3098086592452025,103.76,-86.24,50000.0,50633.409999999996,50750.22,1.2668199999999925,311.3099999999977,912.0699999999997,1.7971744753027665,6,11,12,0,3786,91,1802,2.403592181722134
2026-01-25 19:04:41.031341,0.5940698166666666,91,43,48,47.25274725274725,633.4099999999995,2677.9300000000017,2044.5200000000002,62.27744186046515,42.59416666666667,6.960549450549445,1.3098086592452025,103.76,-86.24,50000.0,50633.409999999996,50750.22,1.2668199999999925,311.3099999999977,912.0699999999997,1.7971744753027665,6,11,12,0,3788,91,1803,2.402323125659979
2026-01-25 19:04:41.061900,0.5945790833333333,91,43,48,47.25274725274725,633.4099999999995,2677.9300000000017,2044.5200000000002,62.27744186046515,42.59416666666667,6.960549450549445,1.3098086592452025,103.76,-86.24,50000.0,50633.409999999996,50750.22,1.2668199999999925,311.3099999999977,912.0699999999997,1.7971744753027665,6,11,12,0,3790,91,1804,2.4010554089709766
2026-01-25 19:04:41.078770,0.5948602333333334,91,43,48,47.25274725274725,633.4099999999995,2677.9300000000017,2044.5200000000002,62.27744186046515,42.59416666666667,6.960549450549445,1.3098086592452025,103.76,-86.24,50000.0,50633.409999999996,50750.22,1.2668199999999925,311.3099999999977,912.0699999999997,1.7971744753027665,6,11,12,0,3792,91,1805,2.3997890295358646
2026-01-25 19:04:41.095641,0.5951414166666668,91,43,48,47.25274725274725,633.4099999999995,2677.9300000000017,2044.5200000000002,62.27744186046515,42.59416666666667,6.960549450549445,1.3098086592452025,103.76,-86.24,50000.0,50633.409999999996,50750.22,1.2668199999999925,311.3099999999977,912.0699999999997,1.7971744753027665,6,11,12,0,3794,91,1806,2.3985239852398523
2026-01-25 19:04:41.112354,0.5954199666666666,91,43,48,47.25274725274725,633.4099999999995,2677.9300000000017,2044.5200000000002,62.27744186046515,42.59416666666667,6.960549450549445,1.3098086592452025,103.76,-86.24,50000.0,50633.409999999996,50750.22,1.2668199999999925,311.3099999999977,912.0699999999997,1.7971744753027665,6,11,12,0,3796,91,1807,2.3972602739726026
2026-01-25 19:04:41.128692,0.5956922666666667,91,43,48,47.25274725274725,633.4099999999995,2677.9300000000017,2044.5200000000002,62.27744186046515,42.59416666666667,6.960549450549445,1.3098086592452025,103.76,-86.24,50000.0,50633.409999999996,50750.22,1.2668199999999925,311.3099999999977,912.0699999999997,1.7971744753027665,6,11,12,0,3798,91,1808,2.395997893628225
2026-01-25 19:04:41.145047,0.5959648666666666,91,43,48,47.25274725274725,633.4099999999995,2677.9300000000017,2044.5200000000002,62.27744186046515,42.59416666666667,6.960549450549445,1.3098086592452025,103.76,-86.24,50000.0,50633.409999999996,50750.22,1.2668199999999925,311.3099999999977,912.0699999999997,1.7971744753027665,6,11,12,0,3800,91,1809,2.394736842105263
2026-01-25 19:04:41.162265,0.5962518166666667,91,43,48,47.25274725274725,633.4099999999995,2677.9300000000017,2044.5200000000002,62.27744186046515,42.59416666666667,6.960549450549445,1.3098086592452025,103.76,-86.24,50000.0,50633.409999999996,50750.22,1.2668199999999925,311.3099999999977,912.0699999999997,1.7971744753027665,6,11,12,0,3802,91,1810,2.3934771173066807
2026-01-25 19:04:41.178822,0.5965277666666666,91,43,48,47.25274725274725,633.4099999999995,2677.9300000000017,2044.5200000000002,62.27744186046515,42.59416666666667,6.960549450549445,1.3098086592452025,103.76,-86.24,50000.0,50633.409999999996,50750.22,1.2668199999999925,311.3099999999977,912.0699999999997,1.7971744753027665,6,11,12,0,3804,91,1811,2.392218717139853
2026-01-25 19:04:41.195973,0.5968136333333334,91,43,48,47.25274725274725,633.4099999999995,2677.9300000000017,2044.5200000000002,62.27744186046515,42.59416666666667,6.960549450549445,1.3098086592452025,103.76,-86.24,50000.0,50633.409999999996,50750.22,1.2668199999999925,311.3099999999977,912.0699999999997,1.7971744753027665,6,11,12,0,3806,91,1812,2.3909616395165525
2026-01-25 19:04:41.213949,0.5971132333333333,91,43,48,47.25274725274725,633.4099999999995,2677.9300000000017,2044.5200000000002,62.27744186046515,42.59416666666667,6.960549450549445,1.3098086592452025,103.76,-86.24,50000.0,50633.409999999996,50750.22,1.2668199999999925,311.3099999999977,912.0699999999997,1.7971744753027665,6,11,12,0,3808,91,1813,2.389705882352941
2026-01-25 19:04:41.233567,0.5974401833333334,91,43,48,47.25274725274725,633.4099999999995,2677.9300000000017,2044.5200000000002,62.27744186046515,42.59416666666667,6.960549450549445,1.3098086592452025,103.76,-86.24,50000.0,50633.409999999996,50750.22,1.2668199999999925,311.3099999999977,912.0699999999997,1.7971744753027665,6,11,12,0,3810,91,1814,2.388451443569554
2026-01-25 19:04:41.251471,0.5977385833333333,91,43,48,47.25274725274725,633.4099999999995,2677.9300000000017,2044.5200000000002,62.27744186046515,42.59416666666667,6.960549450549445,1.3098086592452025,103.76,-86.24,50000.0,50633.409999999996,50750.22,1.2668199999999925,311.3099999999977,912.0699999999997,1.7971744753027665,6,11,12,0,3812,91,1815,2.3871983210912906
2026-01-25 19:04:41.270447,0.59805485,91,43,48,47.25274725274725,633.4099999999995,2677.9300000000017,2044.5200000000002,62.27744186046515,42.59416666666667,6.960549450549445,1.3098086592452025,103.76,-86.24,50000.0,50633.409999999996,50750.22,1.2668199999999925,311.3099999999977,912.0699999999997,1.7971744753027665,6,11,12,0,3814,91,1816,2.385946512847404
2026-01-25 19:04:41.287382,0.5983371000000001,91,43,48,47.25274725274725,633.4099999999995,2677.9300000000017,2044.5200000000002,62.27744186046515,42.59416666666667,6.960549450549445,1.3098086592452025,103.76,-86.24,50000.0,50633.409999999996,50750.22,1.2668199999999925,311.3099999999977,912.0699999999997,1.7971744753027665,6,11,12,0,3816,91,1817,2.3846960167714886
2026-01-25 19:04:41.304001,0.5986140833333333,91,43,48,47.25274725274725,633.4099999999995,2677.9300000000017,2044.5200000000002,62.27744186046515,42.59416666666667,6.960549450549445,1.3098086592452025,103.76,-86.24,50000.0,50633.409999999996,50750.22,1.2668199999999925,311.3099999999977,912.0699999999997,1.7971744753027665,6,11,12,0,3818,91,1818,2.383446830801467
2026-01-25 19:04:41.320362,0.5988867666666666,91,43,48,47.25274725274725,633.4099999999995,2677.9300000000017,2044.5200000000002,62.27744186046515,42.59416666666667,6.960549450549445,1.3098086592452025,103.76,-86.24,50000.0,50633.409999999996,50750.22,1.2668199999999925,311.3099999999977,912.0699999999997,1.7971744753027665,6,11,12,0,3820,91,1819,2.3821989528795813
2026-01-25 19:04:41.336936,0.599163,91,43,48,47.25274725274725,633.4099999999995,2677.9300000000017,2044.5200000000002,62.27744186046515,42.59416666666667,6.960549450549445,1.3098086592452025,103.76,-86.24,50000.0,50633.409999999996,50750.22,1.2668199999999925,311.3099999999977,912.0699999999997,1.7971744753027665,6,11,12,0,3822,91,1820,2.380952380952381
2026-01-25 19:04:41.353529,0.5994395499999999,91,43,48,47.25274725274725,633.4099999999995,2677.9300000000017,2044.5200000000002,62.27744186046515,42.59416666666667,6.960549450549445,1.3098086592452025,103.76,-86.24,50000.0,50633.409999999996,50750.22,1.2668199999999925,311.3099999999977,912.0699999999997,1.7971744753027665,6,11,12,0,3824,91,1821,2.3797071129707112
2026-01-25 19:04:41.370075,0.5997153166666667,91,43,48,47.25274725274725,633.4099999999995,2677.9300000000017,2044.5200000000002,62.27744186046515,42.59416666666667,6.960549450549445,1.3098086592452025,103.76,-86.24,50000.0,50633.409999999996,50750.22,1.2668199999999925,311.3099999999977,912.0699999999997,1.7971744753027665,6,11,12,0,3826,91,1822,2.3784631468897017
2026-01-25 19:04:41.386961,0.5999967500000001,91,43,48,47.25274725274725,633.4099999999995,2677.9300000000017,2044.5200000000002,62.27744186046515,42.59416666666667,6.960549450549445,1.3098086592452025,103.76,-86.24,50000.0,50633.409999999996,50750.22,1.2668199999999925,311.3099999999977,912.0699999999997,1.7971744753027665,6,11,12,0,3828,91,1823,2.3772204806687567
2026-01-25 19:04:41.404168,0.6002835333333334,91,43,48,47.25274725274725,633.4099999999995,2677.9300000000017,2044.5200000000002,62.27744186046515,42.59416666666667,6.960549450549445,1.3098086592452025,103.76,-86.24,50000.0,50633.409999999996,50750.22,1.2668199999999925,311.3099999999977,912.0699999999997,1.7971744753027665,6,11,12,0,3830,91,1824,2.3759791122715406
2026-01-25 19:04:41.420728,0.6005595333333333,91,43,48,47.25274725274725,633.4099999999995,2677.9300000000017,2044.5200000000002,62.27744186046515,42.59416666666667,6.960549450549445,1.3098086592452025,103.76,-86.24,50000.0,50633.409999999996,50750.22,1.2668199999999925,311.3099999999977,912.0699999999997,1.7971744753027665,6,11,12,0,3832,91,1825,2.374739039665971
2026-01-25 19:04:41.436856,0.60082835,91,43,48,47.25274725274725,633.4099999999995,2677.9300000000017,2044.5200000000002,62.27744186046515,42.59416666666667,6.960549450549445,1.3098086592452025,103.76,-86.24,50000.0,50633.409999999996,50750.22,1.2668199999999925,311.3099999999977,912.0699999999997,1.7971744753027665,6,11,12,0,3834,91,1826,2.3735002608242044
2026-01-25 19:04:41.453781,0.6011104166666666,91,43,48,47.25274725274725,633.4099999999995,2677.9300000000017,2044.5200000000002,62.27744186046515,42.59416666666667,6.960549450549445,1.3098086592452025,103.76,-86.24,50000.0,50633.409999999996,50750.22,1.2668199999999925,311.3099999999977,912.0699999999997,1.7971744753027665,6,11,12,0,3836,91,1827,2.3722627737226274
2026-01-25 19:04:41.470462,0.60138845,91,43,48,47.25274725274725,633.4099999999995,2677.9300000000017,2044.5200000000002,62.27744186046515,42.59416666666667,6.960549450549445,1.3098086592452025,103.76,-86.24,50000.0,50633.409999999996,50750.22,1.2668199999999925,311.3099999999977,912.0699999999997,1.7971744753027665,6,11,12,0,3838,91,1828,2.371026576341845
2026-01-25 19:04:41.487041,0.60166475,91,43,48,47.25274725274725,633.4099999999995,2677.9300000000017,2044.5200000000002,62.27744186046515,42.59416666666667,6.960549450549445,1.3098086592452025,103.76,-86.24,50000.0,50633.409999999996,50750.22,1.2668199999999925,311.3099999999977,912.0699999999997,1.7971744753027665,6,11,12,0,3840,91,1829,2.3697916666666665
2026-01-25 19:04:41.503521,0.6019394166666667,91,43,48,47.25274725274725,633.4099999999995,2677.9300000000017,2044.5200000000002,62.27744186046515,42.59416666666667,6.960549450549445,1.3098086592452025,103.76,-86.24,50000.0,50633.409999999996,50750.22,1.2668199999999925,311.3099999999977,912.0699999999997,1.7971744753027665,6,11,12,0,3842,91,1830,2.368558042686101
2026-01-25 19:04:41.519700,0.6022090833333333,91,43,48,47.25274725274725,633.4099999999995,2677.9300000000017,2044.5200000000002,62.27744186046515,42.59416666666667,6.960549450549445,1.3098086592452025,103.76,-86.24,50000.0,50633.409999999996,50750.22,1.2668199999999925,311.3099999999977,912.0699999999997,1.7971744753027665,6,11,12,0,3844,91,1831,2.3673257023933405
2026-01-25 19:04:41.536778,0.6024937,91,43,48,47.25274725274725,633.4099999999995,2677.9300000000017,2044.5200000000002,62.27744186046515,42.59416666666667,6.960549450549445,1.3098086592452025,103.76,-86.24,50000.0,50633.409999999996,50750.22,1.2668199999999925,311.3099999999977,912.0699999999997,1.7971744753027665,6,11,12,0,3846,91,1832,2.3660946437857513
2026-01-25 19:04:41.553858,0.6027783666666667,91,43,48,47.25274725274725,633.4099999999995,2677.9300000000017,2044.5200000000002,62.27744186046515,42.59416666666667,6.960549450549445,1.3098086592452025,103.76,-86.24,50000.0,50633.409999999996,50750.22,1.2668199999999925,311.3099999999977,912.0699999999997,1.7971744753027665,6,11,12,0,3848,91,1833,2.364864864864865
2026-01-25 19:04:41.570632,0.6030579333333334,91,43,48,47.25274725274725,633.4099999999995,2677.9300000000017,2044.5200000000002,62.27744186046515,42.59416666666667,6.960549450549445,1.3098086592452025,103.76,-86.24,50000.0,50633.409999999996,50750.22,1.2668199999999925,311.3099999999977,912.0699999999997,1.7971744753027665,6,11,12,0,3850,91,1834,2.3636363636363638
2026-01-25 19:04:41.587146,0.6033331666666667,91,43,48,47.25274725274725,633.4099999999995,2677.9300000000017,2044.5200000000002,62.27744186046515,42.59416666666667,6.960549450549445,1.3098086592452025,103.76,-86.24,50000.0,50633.409999999996,50750.22,1.2668199999999925,311.3099999999977,912.0699999999997,1.7971744753027665,6,11,12,0,3852,91,1835,2.3624091381100727
2026-01-25 19:04:41.603564,0.6036068,91,43,48,47.25274725274725,633.4099999999995,2677.9300000000017,2044.5200000000002,62.27744186046515,42.59416666666667,6.960549450549445,1.3098086592452025,103.76,-86.24,50000.0,50633.409999999996,50750.22,1.2668199999999925,311.3099999999977,912.0699999999997,1.7971744753027665,6,11,12,0,3854,91,1836,2.361183186299948
2026-01-25 19:04:41.620073,0.6038819666666666,91,43,48,47.25274725274725,633.4099999999995,2677.9300000000017,2044.5200000000002,62.27744186046515,42.59416666666667,6.960549450549445,1.3098086592452025,103.76,-86.24,50000.0,50633.409999999996,50750.22,1.2668199999999925,311.3099999999977,912.0699999999997,1.7971744753027665,6,11,12,0,3856,91,1837,2.3599585062240664
2026-01-25 19:04:41.636642,0.6041580999999999,91,43,48,47.25274725274725,633.4099999999995,2677.9300000000017,2044.5200000000002,62.27744186046515,42.59416666666667,6.960549450549445,1.3098086592452025,103.76,-86.24,50000.0,50633.409999999996,50750.22,1.2668199999999925,311.3099999999977,912.0699999999997,1.7971744753027665,6,11,12,0,3858,91,1838,2.358735095904614
2026-01-25 19:04:41.653237,0.6044347,91,43,48,47.25274725274725,633.4099999999995,2677.9300000000017,2044.5200000000002,62.27744186046515,42.59416666666667,6.960549450549445,1.3098086592452025,103.76,-86.24,50000.0,50633.409999999996,50750.22,1.2668199999999925,311.3099999999977,912.0699999999997,1.7971744753027665,6,11,12,0,3860,91,1839,2.3575129533678756
2026-01-25 19:04:41.669581,0.6047070833333333,91,43,48,47.25274725274725,633.4099999999995,2677.9300000000017,2044.5200000000002,62.27744186046515,42.59416666666667,6.960549450549445,1.3098086592452025,103.76,-86.24,50000.0,50633.409999999996,50750.22,1.2668199999999925,311.3099999999977,912.0699999999997,1.7971744753027665,6,11,12,0,3862,91,1840,2.356292076644226
2026-01-25 19:04:41.686303,0.6049858,91,43,48,47.25274725274725,633.4099999999995,2677.9300000000017,2044.5200000000002,62.27744186046515,42.59416666666667,6.960549450549445,1.3098086592452025,103.76,-86.24,50000.0,50633.409999999996,50750.22,1.2668199999999925,311.3099999999977,912.0699999999997,1.7971744753027665,6,11,12,0,3864,91,1841,2.355072463768116
2026-01-25 19:04:41.703025,0.6052644833333333,91,43,48,47.25274725274725,633.4099999999995,2677.9300000000017,2044.5200000000002,62.27744186046515,42.59416666666667,6.960549450549445,1.3098086592452025,103.76,-86.24,50000.0,50633.409999999996,50750.22,1.2668199999999925,311.3099999999977,912.0699999999997,1.7971744753027665,6,11,12,1,3866,92,1841,2.379720641489912
2026-01-25 19:04:41.719664,0.6055417833333333,91,43,48,47.25274725274725,633.4099999999995,2677.9300000000017,2044.5200000000002,62.27744186046515,42.59416666666667,6.960549450549445,1.3098086592452025,103.76,-86.24,50000.0,50652.159999999996,50750.22,1.3043199999999926,330.0599999999977,912.0699999999997,1.7971744753027665,6,11,12,1,3868,92,1842,2.378490175801448
2026-01-25 19:04:41.736029,0.60581455,91,43,48,47.25274725274725,633.4099999999995,2677.9300000000017,2044.5200000000002,62.27744186046515,42.59416666666667,6.960549450549445,1.3098086592452025,103.76,-86.24,50000.0,50642.159999999996,50750.22,1.2843199999999924,320.0599999999977,912.0699999999997,1.7971744753027665,6,11,12,1,3870,92,1843,2.3772609819121446
2026-01-25 19:04:41.752994,0.6060973,91,43,48,47.25274725274725,633.4099999999995,2677.9300000000017,2044.5200000000002,62.27744186046515,42.59416666666667,6.960549450549445,1.3098086592452025,103.76,-86.24,50000.0,50653.409999999996,50750.22,1.3068199999999923,331.3099999999977,912.0699999999997,1.7971744753027665,6,11,12,2,3872,93,1843,2.4018595041322315
2026-01-25 19:04:41.769244,0.6063681333333334,91,43,48,47.25274725274725,633.4099999999995,2677.9300000000017,2044.5200000000002,62.27744186046515,42.59416666666667,6.960549450549445,1.3098086592452025,103.76,-86.24,50000.0,50653.409999999996,50750.22,1.3068199999999923,331.3099999999977,912.0699999999997,1.7971744753027665,6,11,12,2,3874,93,1844,2.4006195147134743
2026-01-25 19:04:41.785431,0.6066379166666667,91,43,48,47.25274725274725,633.4099999999995,2677.9300000000017,2044.5200000000002,62.27744186046515,42.59416666666667,6.960549450549445,1.3098086592452025,103.76,-86.24,50000.0,50655.909999999996,50750.22,1.3118199999999924,333.8099999999977,912.0699999999997,1.7971744753027665,6,11,12,2,3876,93,1845,2.3993808049535605
2026-01-25 19:04:41.802015,0.6069143166666666,91,43,48,47.25274725274725,633.4099999999995,2677.9300000000017,2044.5200000000002,62.27744186046515,42.59416666666667,6.960549450549445,1.3098086592452025,103.76,-86.24,50000.0,50650.909999999996,50750.22,1.3018199999999924,328.8099999999977,912.0699999999997,1.7971744753027665,6,11,12,2,3878,93,1846,2.3981433728726147
2026-01-25 19:04:41.818491,0.6071889166666666,91,43,48,47.25274725274725,633.4099999999995,2677.9300000000017,2044.5200000000002,62.27744186046515,42.59416666666667,6.960549450549445,1.3098086592452025,103.76,-86.24,50000.0,50680.909999999996,50750.22,1.3618199999999925,358.8099999999977,912.0699999999997,1.7971744753027665,6,11,12,2,3880,93,1847,2.3969072164948457
2026-01-25 19:04:41.835247,0.6074681833333333,91,43,48,47.25274725274725,633.4099999999995,2677.9300000000017,2044.5200000000002,62.27744186046515,42.59416666666667,6.960549450549445,1.3098086592452025,103.76,-86.24,50000.0,50700.909999999996,50750.22,1.4018199999999925,378.8099999999977,912.0699999999997,1.7971744753027665,6,11,12,2,3882,93,1848,2.3956723338485317
2026-01-25 19:04:41.851880,0.6077454,92,44,48,47.82608695652174,679.6699999999995,2724.190000000002,2044.5200000000002,61.913409090909134,42.59416666666667,7.387717391304342,1.3324349969675042,103.76,-86.24,50000.0,50712.17,50750.22,1.4243399999999966,390.0699999999997,912.0699999999997,1.7971744753027665,7,11,12,1,3884,93,1849,2.3944387229660142
2026-01-25 19:04:41.868593,0.60802395,92,44,48,47.82608695652174,679.6699999999995,2724.190000000002,2044.5200000000002,61.913409090909134,42.59416666666667,7.387717391304342,1.3324349969675042,103.76,-86.24,50000.0,50687.17,50750.22,1.3743399999999966,365.0699999999997,912.0699999999997,1.7971744753027665,7,11,12,1,3886,93,1850,2.393206381883685
2026-01-25 19:04:41.884810,0.6082942333333333,92,44,48,47.82608695652174,679.6699999999995,2724.190000000002,2044.5200000000002,61.913409090909134,42.59416666666667,7.387717391304342,1.3324349969675042,103.76,-86.24,50000.0,50717.17,50750.22,1.4343399999999964,395.0699999999997,912.0699999999997,1.7971744753027665,7,11,12,1,3888,93,1851,2.391975308641975
2026-01-25 19:04:41.901355,0.6085699833333333,93,45,48,48.38709677419355,727.1799999999995,2771.700000000002,2044.5200000000002,61.593333333333376,42.59416666666667,7.819139784946231,1.3556727251384197,103.76,-86.24,50000.0,50727.18,50750.22,1.4543600000000005,10.010000000002037,912.0699999999997,1.7971744753027665,8,11,12,0,3890,93,1852,2.390745501285347
2026-01-25 19:04:41.917888,0.60884555,93,45,48,48.38709677419355,727.1799999999995,2771.700000000002,2044.5200000000002,61.593333333333376,42.59416666666667,7.819139784946231,1.3556727251384197,103.76,-86.24,50000.0,50727.18,50750.22,1.4543600000000005,10.010000000002037,912.0699999999997,1.7971744753027665,8,11,12,0,3892,93,1853,2.389516957862282
2026-01-25 19:04:41.934354,0.6091199666666667,93,45,48,48.38709677419355,727.1799999999995,2771.700000000002,2044.5200000000002,61.593333333333376,42.59416666666667,7.819139784946231,1.3556727251384197,103.76,-86.24,50000.0,50727.18,50750.22,1.4543600000000005,10.010000000002037,912.0699999999997,1.7971744753027665,8,11,12,0,3894,93,1854,2.3882896764252695
2026-01-25 19:04:41.950656,0.6093916833333334,93,45,48,48.38709677419355,727.1799999999995,2771.700000000002,2044.5200000000002,61.593333333333376,42.59416666666667,7.819139784946231,1.3556727251384197,103.76,-86.24,50000.0,50727.18,50750.22,1.4543600000000005,10.010000000002037,912.0699999999997,1.7971744753027665,8,11,12,0,3896,93,1855,2.3870636550308006
2026-01-25 19:04:41.967363,0.6096701166666667,93,45,48,48.38709677419355,727.1799999999995,2771.700000000002,2044.5200000000002,61.593333333333376,42.59416666666667,7.819139784946231,1.3556727251384197,103.76,-86.24,50000.0,50727.18,50750.22,1.4543600000000005,10.010000000002037,912.0699999999997,1.7971744753027665,8,11,12,0,3898,93,1856,2.3858388917393536
2026-01-25 19:04:41.983287,0.6099355333333333,93,45,48,48.38709677419355,727.1799999999995,2771.700000000002,2044.5200000000002,61.593333333333376,42.59416666666667,7.819139784946231,1.3556727251384197,103.76,-86.24,50000.0,50727.18,50750.22,1.4543600000000005,10.010000000002037,912.0699999999997,1.7971744753027665,8,11,12,0,3900,93,1857,2.3846153846153846
2026-01-25 19:04:42.001161,0.6102334166666666,93,45,48,48.38709677419355,727.1799999999995,2771.700000000002,2044.5200000000002,61.593333333333376,42.59416666666667,7.819139784946231,1.3556727251384197,103.76,-86.24,50000.0,50727.18,50750.22,1.4543600000000005,10.010000000002037,912.0699999999997,1.7971744753027665,8,11,12,0,3902,93,1858,2.383393131727319
2026-01-25 19:04:42.017589,0.6105072,93,45,48,48.38709677419355,727.1799999999995,2771.700000000002,2044.5200000000002,61.593333333333376,42.59416666666667,7.819139784946231,1.3556727251384197,103.76,-86.24,50000.0,50727.18,50750.22,1.4543600000000005,10.010000000002037,912.0699999999997,1.7971744753027665,8,11,12,0,3904,93,1859,2.382172131147541
2026-01-25 19:04:42.033611,0.6107742666666667,93,45,48,48.38709677419355,727.1799999999995,2771.700000000002,2044.5200000000002,61.593333333333376,42.59416666666667,7.819139784946231,1.3556727251384197,103.76,-86.24,50000.0,50727.18,50750.22,1.4543600000000005,10.010000000002037,912.0699999999997,1.7971744753027665,8,11,12,0,3906,93,1860,2.380952380952381
2026-01-25 19:04:42.050204,0.6110508,93,45,48,48.38709677419355,727.1799999999995,2771.700000000002,2044.5200000000002,61.593333333333376,42.59416666666667,7.819139784946231,1.3556727251384197,103.76,-86.24,50000.0,50727.18,50750.22,1.4543600000000005,10.010000000002037,912.0699999999997,1.7971744753027665,8,11,12,0,3908,93,1861,2.3797338792221083
2026-01-25 19:04:42.066374,0.6113202999999999,93,45,48,48.38709677419355,727.1799999999995,2771.700000000002,2044.5200000000002,61.593333333333376,42.59416666666667,7.819139784946231,1.3556727251384197,103.76,-86.24,50000.0,50727.18,50750.22,1.4543600000000005,10.010000000002037,912.0699999999997,1.7971744753027665,8,11,12,0,3910,93,1862,2.3785166240409206
2026-01-25 19:04:42.082908,0.6115958833333334,93,45,48,48.38709677419355,727.1799999999995,2771.700000000002,2044.5200000000002,61.593333333333376,42.59416666666667,7.819139784946231,1.3556727251384197,103.76,-86.24,50000.0,50727.18,50750.22,1.4543600000000005,10.010000000002037,912.0699999999997,1.7971744753027665,8,11,12,0,3912,93,1863,2.377300613496933
2026-01-25 19:04:42.098819,0.61186105,93,45,48,48.38709677419355,727.1799999999995,2771.700000000002,2044.5200000000002,61.593333333333376,42.59416666666667,7.819139784946231,1.3556727251384197,103.76,-86.24,50000.0,50727.18,50750.22,1.4543600000000005,10.010000000002037,912.0699999999997,1.7971744753027665,8,11,12,0,3914,93,1864,2.3760858456821667
2026-01-25 19:04:42.115201,0.6121340666666666,93,45,48,48.38709677419355,727.1799999999995,2771.700000000002,2044.5200000000002,61.593333333333376,42.59416666666667,7.819139784946231,1.3556727251384197,103.76,-86.24,50000.0,50727.18,50750.22,1.4543600000000005,10.010000000002037,912.0699999999997,1.7971744753027665,8,11,12,0,3916,93,1865,2.3748723186925433
2026-01-25 19:04:42.130811,0.6123942499999999,93,45,48,48.38709677419355,727.1799999999995,2771.700000000002,2044.5200000000002,61.593333333333376,42.59416666666667,7.819139784946231,1.3556727251384197,103.76,-86.24,50000.0,50727.18,50750.22,1.4543600000000005,10.010000000002037,912.0699999999997,1.7971744753027665,8,11,12,0,3918,93,1866,2.3736600306278715
2026-01-25 19:04:42.147271,0.6126685833333333,93,45,48,48.38709677419355,727.1799999999995,2771.700000000002,2044.5200000000002,61.593333333333376,42.59416666666667,7.819139784946231,1.3556727251384197,103.76,-86.24,50000.0,50727.18,50750.22,1.4543600000000005,10.010000000002037,912.0699999999997,1.7971744753027665,8,11,12,0,3920,93,1867,2.372448979591837
2026-01-25 19:04:42.164060,0.6129484000000001,93,45,48,48.38709677419355,727.1799999999995,2771.700000000002,2044.5200000000002,61.593333333333376,42.59416666666667,7.819139784946231,1.3556727251384197,103.76,-86.24,50000.0,50727.18,50750.22,1.4543600000000005,10.010000000002037,912.0699999999997,1.7971744753027665,8,11,12,0,3922,93,1868,2.371239163691994
2026-01-25 19:04:42.180612,0.6132242666666666,93,45,48,48.38709677419355,727.1799999999995,2771.700000000002,2044.5200000000002,61.593333333333376,42.59416666666667,7.819139784946231,1.3556727251384197,103.76,-86.24,50000.0,50727.18,50750.22,1.4543600000000005,10.010000000002037,912.0699999999997,1.7971744753027665,8,11,12,0,3924,93,1869,2.3700305810397553
2026-01-25 19:04:42.196888,0.6134955333333333,93,45,48,48.38709677419355,727.1799999999995,2771.700000000002,2044.5200000000002,61.593333333333376,42.59416666666667,7.819139784946231,1.3556727251384197,103.76,-86.24,50000.0,50727.18,50750.22,1.4543600000000005,10.010000000002037,912.0699999999997,1.7971744753027665,8,11,12,0,3926,93,1870,2.368823229750382
2026-01-25 19:04:42.213467,0.6137718499999999,93,45,48,48.38709677419355,727.1799999999995,2771.700000000002,2044.5200000000002,61.593333333333376,42.59416666666667,7.819139784946231,1.3556727251384197,103.76,-86.24,50000.0,50727.18,50750.22,1.4543600000000005,10.010000000002037,912.0699999999997,1.7971744753027665,8,11,12,1,3928,94,1870,2.3930753564154785
2026-01-25 19:04:42.230184,0.6140504666666666,93,45,48,48.38709677419355,727.1799999999995,2771.700000000002,2044.5200000000002,61.593333333333376,42.59416666666667,7.819139784946231,1.3556727251384197,103.76,-86.24,50000.0,50702.18,50750.22,1.4043600000000005,-14.989999999997963,912.0699999999997,1.7971744753027665,8,11,12,2,3930,95,1870,2.4173027989821882
2026-01-25 19:04:42.246223,0.6143177833333334,93,45,48,48.38709677419355,727.1799999999995,2771.700000000002,2044.5200000000002,61.593333333333376,42.59416666666667,7.819139784946231,1.3556727251384197,103.76,-86.24,50000.0,50707.18,50750.22,1.4143600000000007,-9.989999999997963,912.0699999999997,1.7971744753027665,8,11,12,3,3932,96,1870,2.441505595116989
2026-01-25 19:04:42.262807,0.6145941833333333,94,45,49,47.87234042553192,677.1899999999995,2771.700000000002,2094.51,61.593333333333376,42.745102040816334,7.204148936170207,1.323316670724896,103.76,-86.24,50000.0,50652.19,50750.22,1.3043800000000045,-64.97999999999593,912.0699999999997,1.7971744753027665,-1,11,12,2,3934,96,1871,2.440264361972547
2026-01-25 19:04:42.279413,0.61487095,94,45,49,47.87234042553192,677.1899999999995,2771.700000000002,2094.51,61.593333333333376,42.745102040816334,7.204148936170207,1.323316670724896,103.76,-86.24,50000.0,50644.69,50750.22,1.2893800000000046,-72.47999999999593,912.0699999999997,1.7971744753027665,-1,11,12,3,3936,97,1871,2.464430894308943
2026-01-25 19:04:42.295702,0.6151424333333334,96,45,51,46.875,568.4599999999995,2771.700000000002,2203.24,61.593333333333376,43.200784313725485,5.9214583333333275,1.2580109293585822,103.76,-86.24,50000.0,50529.71,50750.22,1.0594199999999983,-187.45999999999913,912.0699999999997,1.7971744753027665,-3,11,12,1,3938,97,1872,2.463179278821737
2026-01-25 19:04:42.311909,0.6154125666666667,97,45,52,46.391752577319586,509.71999999999946,2771.700000000002,2261.9799999999996,61.593333333333376,43.499615384615375,5.254845360824737,1.2253423991370405,103.76,-86.24,50000.0,50509.72,50750.22,1.0194400000000023,-207.4499999999971,912.0699999999997,1.7971744753027665,-4,11,12,0,3940,97,1873,2.4619289340101522
2026-01-25 19:04:42.328660,0.61569175,97,45,52,46.391752577319586,509.71999999999946,2771.700000000002,2261.9799999999996,61.593333333333376,43.499615384615375,5.254845360824737,1.2253423991370405,103.76,-86.24,50000.0,50509.72,50750.22,1.0194400000000023,-207.4499999999971,912.0699999999997,1.7971744753027665,-4,11,12,1,3942,98,1873,2.486047691527143
2026-01-25 19:04:42.345269,0.61596855,97,45,52,46.391752577319586,509.71999999999946,2771.700000000002,2261.9799999999996,61.593333333333376,43.499615384615375,5.254845360824737,1.2253423991370405,103.76,-86.24,50000.0,50494.72,50750.22,0.9894400000000023,-222.4499999999971,912.0699999999997,1.7971744753027665,-4,11,12,2,3944,99,1873,2.510141987829615
2026-01-25 19:04:42.361893,0.6162456166666667,97,45,52,46.391752577319586,509.71999999999946,2771.700000000002,2261.9799999999996,61.593333333333376,43.499615384615375,5.254845360824737,1.2253423991370405,103.76,-86.24,50000.0,50504.72,50750.22,1.0094400000000023,-212.4499999999971,912.0699999999997,1.7971744753027665,-4,11,12,3,3946,100,1873,2.5342118601115056
2026-01-25 19:04:42.378300,0.6165190666666667,97,45,52,46.391752577319586,509.71999999999946,2771.700000000002,2261.9799999999996,61.593333333333376,43.499615384615375,5.254845360824737,1.2253423991370405,103.76,-86.24,50000.0,50444.72,50750.22,0.8894400000000022,-272.4499999999971,912.0699999999997,1.7971744753027665,-4,11,12,4,3948,101,1873,2.558257345491388
2026-01-25 19:04:42.395006,0.6167975166666667,97,45,52,46.391752577319586,509.71999999999946,2771.700000000002,2261.9799999999996,61.593333333333376,43.499615384615375,5.254845360824737,1.2253423991370405,103.76,-86.24,50000.0,50414.72,50750.22,0.8294400000000023,-302.4499999999971,912.0699999999997,1.7971744753027665,-4,11,12,5,3950,102,1873,2.5822784810126582
2026-01-25 19:04:42.411717,0.6170760166666667,97,45,52,46.391752577319586,509.71999999999946,2771.700000000002,2261.9799999999996,61.593333333333376,43.499615384615375,5.254845360824737,1.2253423991370405,103.76,-86.24,50000.0,50483.47,50750.22,0.9669400000000022,-233.6999999999971,912.0699999999997,1.7971744753027665,-4,11,12,6,3952,103,1873,2.6062753036437245
2026-01-25 19:04:42.428188,0.6173505333333333,98,45,53,45.91836734693878,444.72999999999945,2771.700000000002,2326.9699999999993,61.593333333333376,43.90509433962263,4.53806122448979,1.1911197823779434,103.76,-86.24,50000.0,50292.229999999996,50750.22,0.5844599999999919,-424.9400000000023,912.0699999999997,1.7971744753027665,-5,11,12,5,3954,103,1874,2.604957005563986
2026-01-25 19:04:42.444478,0.6176220333333333,98,45,53,45.91836734693878,444.72999999999945,2771.700000000002,2326.9699999999993,61.593333333333376,43.90509433962263,4.53806122448979,1.1911197823779434,103.76,-86.24,50000.0,50373.479999999996,50750.22,0.7469599999999919,-343.6900000000023,912.0699999999997,1.7971744753027665,-5,11,12,5,3956,103,1875,2.6036400404448936
2026-01-25 19:04:42.463356,0.6179366833333333,98,45,53,45.91836734693878,444.72999999999945,2771.700000000002,2326.9699999999993,61.593333333333376,43.90509433962263,4.53806122448979,1.1911197823779434,103.76,-86.24,50000.0,50392.229999999996,50750.22,0.7844599999999918,-324.9400000000023,912.0699999999997,1.7971744753027665,-5,11,12,5,3958,103,1876,2.6023244062657906
2026-01-25 19:04:42.480665,0.61822515,98,45,53,45.91836734693878,444.72999999999945,2771.700000000002,2326.9699999999993,61.593333333333376,43.90509433962263,4.53806122448979,1.1911197823779434,103.76,-86.24,50000.0,50392.229999999996,50750.22,0.7844599999999918,-324.9400000000023,912.0699999999997,1.7971744753027665,-5,11,12,5,3960,103,1877,2.601010101010101
2026-01-25 19:04:42.497351,0.61850325,98,45,53,45.91836734693878,444.72999999999945,2771.700000000002,2326.9699999999993,61.593333333333376,43.90509433962263,4.53806122448979,1.1911197823779434,103.76,-86.24,50000.0,50479.729999999996,50750.22,0.9594599999999919,-237.44000000000233,912.0699999999997,1.7971744753027665,-5,11,12,5,3962,103,1878,2.5996971226653205
2026-01-25 19:04:42.513660,0.6187750666666666,98,45,53,45.91836734693878,444.72999999999945,2771.700000000002,2326.9699999999993,61.593333333333376,43.90509433962263,4.53806122448979,1.1911197823779434,103.76,-86.24,50000.0,50473.479999999996,50750.22,0.9469599999999918,-243.69000000000233,912.0699999999997,1.7971744753027665,-5,11,12,5,3964,103,1879,2.598385469223007
2026-01-25 19:04:42.530085,0.6190488166666667,98,45,53,45.91836734693878,444.72999999999945,2771.700000000002,2326.9699999999993,61.593333333333376,43.90509433962263,4.53806122448979,1.1911197823779434,103.76,-86.24,50000.0,50454.729999999996,50750.22,0.9094599999999918,-262.4400000000023,912.0699999999997,1.7971744753027665,-5,11,12,5,3966,103,1880,2.5970751386787696
2026-01-25 19:04:42.546627,0.6193245166666668,98,45,53,45.91836734693878,444.72999999999945,2771.700000000002,2326.9699999999993,61.593333333333376,43.90509433962263,4.53806122448979,1.1911197823779434,103.76,-86.24,50000.0,50329.729999999996,50750.22,0.6594599999999918,-387.4400000000023,912.0699999999997,1.7971744753027665,-5,11,12,5,3968,103,1881,2.595766129032258
2026-01-25 19:04:42.562862,0.6195951,98,45,53,45.91836734693878,444.72999999999945,2771.700000000002,2326.9699999999993,61.593333333333376,43.90509433962263,4.53806122448979,1.1911197823779434,103.76,-86.24,50000.0,50217.229999999996,50750.22,0.4344599999999918,-499.9400000000023,912.0699999999997,1.7971744753027665,-5,11,12,5,3970,103,1882,2.5944584382871536
2026-01-25 19:04:42.601418,0.6202377,103,45,58,43.689320388349515,111.02999999999942,2771.700000000002,2660.6699999999983,61.593333333333376,45.87362068965514,1.0779611650485381,1.0417300905411058,103.76,-86.24,50000.0,50111.03,50750.22,0.22205999999999768,-606.1399999999994,912.0699999999997,1.7971744753027665,-10,11,12,0,3972,103,1883,2.593152064451158
2026-01-25 19:04:42.617613,0.6205076166666667,103,45,58,43.689320388349515,111.02999999999942,2771.700000000002,2660.6699999999983,61.593333333333376,45.87362068965514,1.0779611650485381,1.0417300905411058,103.76,-86.24,50000.0,50111.03,50750.22,0.22205999999999768,-606.1399999999994,912.0699999999997,1.7971744753027665,-10,11,12,0,3974,103,1884,2.5918470055359837
2026-01-25 19:04:42.634304,0.6207858,103,45,58,43.689320388349515,111.02999999999942,2771.700000000002,2660.6699999999983,61.593333333333376,45.87362068965514,1.0779611650485381,1.0417300905411058,103.76,-86.24,50000.0,50111.03,50750.22,0.22205999999999768,-606.1399999999994,912.0699999999997,1.7971744753027665,-10,11,12,0,3976,103,1885,2.590543259557344
2026-01-25 19:04:42.650948,0.6210632166666666,103,45,58,43.689320388349515,111.02999999999942,2771.700000000002,2660.6699999999983,61.593333333333376,45.87362068965514,1.0779611650485381,1.0417300905411058,103.76,-86.24,50000.0,50111.03,50750.22,0.22205999999999768,-606.1399999999994,912.0699999999997,1.7971744753027665,-10,11,12,0,3978,103,1886,2.5892408245349423
2026-01-25 19:04:42.686470,0.6216552666666666,103,45,58,43.689320388349515,111.02999999999942,2771.700000000002,2660.6699999999983,61.593333333333376,45.87362068965514,1.0779611650485381,1.0417300905411058,103.76,-86.24,50000.0,50111.03,50750.22,0.22205999999999768,-606.1399999999994,912.0699999999997,1.7971744753027665,-10,11,12,0,3980,103,1887,2.5879396984924625
2026-01-25 19:04:42.739858,0.6225450499999999,103,45,58,43.689320388349515,111.02999999999942,2771.700000000002,2660.6699999999983,61.593333333333376,45.87362068965514,1.0779611650485381,1.0417300905411058,103.76,-86.24,50000.0,50111.03,50750.22,0.22205999999999768,-606.1399999999994,912.0699999999997,1.7971744753027665,-10,11,12,0,3982,103,1888,2.586639879457559
2026-01-25 19:04:42.771921,0.6230794166666667,103,45,58,43.689320388349515,111.02999999999942,2771.700000000002,2660.6699999999983,61.593333333333376,45.87362068965514,1.0779611650485381,1.0417300905411058,103.76,-86.24,50000.0,50111.03,50750.22,0.22205999999999768,-606.1399999999994,912.0699999999997,1.7971744753027665,-10,11,12,0,3984,103,1889,2.585341365461847
2026-01-25 19:04:42.798475,0.623522,103,45,58,43.689320388349515,111.02999999999942,2771.700000000002,2660.6699999999983,61.593333333333376,45.87362068965514,1.0779611650485381,1.0417300905411058,103.76,-86.24,50000.0,50111.03,50750.22,0.22205999999999768,-606.1399999999994,912.0699999999997,1.7971744753027665,-10,11,12,0,3986,103,1890,2.5840441545408934
2026-01-25 19:04:42.836983,0.6241637833333333,103,45,58,43.689320388349515,111.02999999999942,2771.700000000002,2660.6699999999983,61.593333333333376,45.87362068965514,1.0779611650485381,1.0417300905411058,103.76,-86.24,50000.0,50111.03,50750.22,0.22205999999999768,-606.1399999999994,912.0699999999997,1.7971744753027665,-10,11,12,0,3988,103,1891,2.5827482447342027
2026-01-25 19:04:42.853539,0.6244397166666666,103,45,58,43.689320388349515,111.02999999999942,2771.700000000002,2660.6699999999983,61.593333333333376,45.87362068965514,1.0779611650485381,1.0417300905411058,103.76,-86.24,50000.0,50111.03,50750.22,0.22205999999999768,-606.1399999999994,912.0699999999997,1.7971744753027665,-10,11,12,0,3990,103,1892,2.581453634085213
2026-01-25 19:04:42.869997,0.6247140166666667,103,45,58,43.689320388349515,111.02999999999942,2771.700000000002,2660.6699999999983,61.593333333333376,45.87362068965514,1.0779611650485381,1.0417300905411058,103.76,-86.24,50000.0,50111.03,50750.22,0.22205999999999768,-606.1399999999994,912.0699999999997,1.7971744753027665,-10,11,12,0,3992,103,1893,2.5801603206412826
2026-01-25 19:04:42.886591,0.6249905833333333,103,45,58,43.689320388349515,111.02999999999942,2771.700000000002,2660.6699999999983,61.593333333333376,45.87362068965514,1.0779611650485381,1.0417300905411058,103.76,-86.24,50000.0,50111.03,50750.22,0.22205999999999768,-606.1399999999994,912.0699999999997,1.7971744753027665,-10,11,12,0,3994,103,1894,2.5788683024536807
2026-01-25 19:04:42.903208,0.6252675333333334,103,45,58,43.689320388349515,111.02999999999942,2771.700000000002,2660.6699999999983,61.593333333333376,45.87362068965514,1.0779611650485381,1.0417300905411058,103.76,-86.24,50000.0,50111.03,50750.22,0.22205999999999768,-606.1399999999994,912.0699999999997,1.7971744753027665,-10,11,12,0,3996,103,1895,2.5775775775775776
2026-01-25 19:04:42.919533,0.6255396166666666,103,45,58,43.689320388349515,111.02999999999942,2771.700000000002,2660.6699999999983,61.593333333333376,45.87362068965514,1.0779611650485381,1.0417300905411058,103.76,-86.24,50000.0,50111.03,50750.22,0.22205999999999768,-606.1399999999994,912.0699999999997,1.7971744753027665,-10,11,12,0,3998,103,1896,2.576288144072036
2026-01-25 19:04:42.936048,0.6258148666666667,103,45,58,43.689320388349515,111.02999999999942,2771.700000000002,2660.6699999999983,61.593333333333376,45.87362068965514,1.0779611650485381,1.0417300905411058,103.76,-86.24,50000.0,50111.03,50750.22,0.22205999999999768,-606.1399999999994,912.0699999999997,1.7971744753027665,-10,11,12,0,4000,103,1897,2.5749999999999997
2026-01-25 19:04:42.952498,0.6260890333333333,103,45,58,43.689320388349515,111.02999999999942,2771.700000000002,2660.6699999999983,61.593333333333376,45.87362068965514,1.0779611650485381,1.0417300905411058,103.76,-86.24,50000.0,50111.03,50750.22,0.22205999999999768,-606.1399999999994,912.0699999999997,1.7971744753027665,-10,11,12,0,4002,103,1898,2.573713143428286
2026-01-25 19:04:42.968865,0.6263618166666666,103,45,58,43.689320388349515,111.02999999999942,2771.700000000002,2660.6699999999983,61.593333333333376,45.87362068965514,1.0779611650485381,1.0417300905411058,103.76,-86.24,50000.0,50111.03,50750.22,0.22205999999999768,-606.1399999999994,912.0699999999997,1.7971744753027665,-10,11,12,0,4004,103,1899,2.5724275724275723
2026-01-25 19:04:42.985258,0.6266350500000001,103,45,58,43.689320388349515,111.02999999999942,2771.700000000002,2660.6699999999983,61.593333333333376,45.87362068965514,1.0779611650485381,1.0417300905411058,103.76,-86.24,50000.0,50111.03,50750.22,0.22205999999999768,-606.1399999999994,912.0699999999997,1.7971744753027665,-10,11,12,0,4006,103,1900,2.5711432850723916
2026-01-25 19:04:43.001716,0.6269093333333333,103,45,58,43.689320388349515,111.02999999999942,2771.700000000002,2660.6699999999983,61.593333333333376,45.87362068965514,1.0779611650485381,1.0417300905411058,103.76,-86.24,50000.0,50111.03,50750.22,0.22205999999999768,-606.1399999999994,912.0699999999997,1.7971744753027665,-10,11,12,0,4008,103,1901,2.5698602794411176
2026-01-25 19:04:43.018114,0.6271826333333334,103,45,58,43.689320388349515,111.02999999999942,2771.700000000002,2660.6699999999983,61.593333333333376,45.87362068965514,1.0779611650485381,1.0417300905411058,103.76,-86.24,50000.0,50111.03,50750.22,0.22205999999999768,-606.1399999999994,912.0699999999997,1.7971744753027665,-10,11,12,0,4010,103,1902,2.56857855361596
2026-01-25 19:04:43.034414,0.6274543,103,45,58,43.689320388349515,111.02999999999942,2771.700000000002,2660.6699999999983,61.593333333333376,45.87362068965514,1.0779611650485381,1.0417300905411058,103.76,-86.24,50000.0,50111.03,50750.22,0.22205999999999768,-606.1399999999994,912.0699999999997,1.7971744753027665,-10,11,12,0,4012,103,1903,2.567298105682951
2026-01-25 19:04:43.050456,0.6277216666666666,103,45,58,43.689320388349515,111.02999999999942,2771.700000000002,2660.6699999999983,61.593333333333376,45.87362068965514,1.0779611650485381,1.0417300905411058,103.76,-86.24,50000.0,50111.03,50750.22,0.22205999999999768,-606.1399999999994,912.0699999999997,1.7971744753027665,-10,11,12,0,4014,103,1904,2.566018933731938
2026-01-25 19:04:43.066890,0.6279955833333334,103,45,58,43.689320388349515,111.02999999999942,2771.700000000002,2660.6699999999983,61.593333333333376,45.87362068965514,1.0779611650485381,1.0417300905411058,103.76,-86.24,50000.0,50111.03,50750.22,0.22205999999999768,-606.1399999999994,912.0699999999997,1.7971744753027665,-10,11,12,0,4016,103,1905,2.564741035856574
2026-01-25 19:04:43.083045,0.6282648666666667,103,45,58,43.689320388349515,111.02999999999942,2771.700000000002,2660.6699999999983,61.593333333333376,45.87362068965514,1.0779611650485381,1.0417300905411058,103.76,-86.24,50000.0,50111.03,50750.22,0.22205999999999768,-606.1399999999994,912.0699999999997,1.7971744753027665,-10,11,12,0,4018,103,1906,2.563464410154306
2026-01-25 19:04:43.099107,0.6285325166666667,103,45,58,43.689320388349515,111.02999999999942,2771.700000000002,2660.6699999999983,61.593333333333376,45.87362068965514,1.0779611650485381,1.0417300905411058,103.76,-86.24,50000.0,50111.03,50750.22,0.22205999999999768,-606.1399999999994,912.0699999999997,1.7971744753027665,-10,11,12,0,4020,103,1907,2.562189054726368
2026-01-25 19:04:43.115664,0.6288084666666667,103,45,58,43.689320388349515,111.02999999999942,2771.700000000002,2660.6699999999983,61.593333333333376,45.87362068965514,1.0779611650485381,1.0417300905411058,103.76,-86.24,50000.0,50111.03,50750.22,0.22205999999999768,-606.1399999999994,912.0699999999997,1.7971744753027665,-10,11,12,0,4022,103,1908,2.560914967677772
2026-01-25 19:04:43.132323,0.6290861166666667,103,45,58,43.689320388349515,111.02999999999942,2771.700000000002,2660.6699999999983,61.593333333333376,45.87362068965514,1.0779611650485381,1.0417300905411058,103.76,-86.24,50000.0,50111.03,50750.22,0.22205999999999768,-606.1399999999994,912.0699999999997,1.7971744753027665,-10,11,12,0,4024,103,1909,2.5596421471172963
2026-01-25 19:04:43.148213,0.6293509666666667,103,45,58,43.689320388349515,111.02999999999942,2771.700000000002,2660.6699999999983,61.593333333333376,45.87362068965514,1.0779611650485381,1.0417300905411058,103.76,-86.24,50000.0,50111.03,50750.22,0.22205999999999768,-606.1399999999994,912.0699999999997,1.7971744753027665,-10,11,12,0,4026,103,1910,2.5583705911574763
2026-01-25 19:04:43.164482,0.6296221166666667,103,45,58,43.689320388349515,111.02999999999942,2771.700000000002,2660.6699999999983,61.593333333333376,45.87362068965514,1.0779611650485381,1.0417300905411058,103.76,-86.24,50000.0,50111.03,50750.22,0.22205999999999768,-606.1399999999994,912.0699999999997,1.7971744753027665,-10,11,12,0,4028,103,1911,2.557100297914598
2026-01-25 19:04:43.180885,0.6298954833333333,103,45,58,43.689320388349515,111.02999999999942,2771.700000000002,2660.6699999999983,61.593333333333376,45.87362068965514,1.0779611650485381,1.0417300905411058,103.76,-86.24,50000.0,50111.03,50750.22,0.22205999999999768,-606.1399999999994,912.0699999999997,1.7971744753027665,-10,11,12,0,4030,103,1912,2.555831265508685
2026-01-25 19:04:43.197218,0.6301677,103,45,58,43.689320388349515,111.02999999999942,2771.700000000002,2660.6699999999983,61.593333333333376,45.87362068965514,1.0779611650485381,1.0417300905411058,103.76,-86.24,50000.0,50111.03,50750.22,0.22205999999999768,-606.1399999999994,912.0699999999997,1.7971744753027665,-10,11,12,0,4032,103,1913,2.554563492063492
2026-01-25 19:04:43.213773,0.6304436166666666,103,45,58,43.689320388349515,111.02999999999942,2771.700000000002,2660.6699999999983,61.593333333333376,45.87362068965514,1.0779611650485381,1.0417300905411058,103.76,-86.24,50000.0,50111.03,50750.22,0.22205999999999768,-606.1399999999994,912.0699999999997,1.7971744753027665,-10,11,12,0,4034,103,1914,2.5532969757064947
2026-01-25 19:04:43.229968,0.6307135333333334,103,45,58,43.689320388349515,111.02999999999942,2771.700000000002,2660.6699999999983,61.593333333333376,45.87362068965514,1.0779611650485381,1.0417300905411058,103.76,-86.24,50000.0,50111.03,50750.22,0.22205999999999768,-606.1399999999994,912.0699999999997,1.7971744753027665,-10,11,12,0,4036,103,1915,2.55203171456888
2026-01-25 19:04:43.246336,0.6309863333333333,103,45,58,43.689320388349515,111.02999999999942,2771.700000000002,2660.6699999999983,61.593333333333376,45.87362068965514,1.0779611650485381,1.0417300905411058,103.76,-86.24,50000.0,50111.03,50750.22,0.22205999999999768,-606.1399999999994,912.0699999999997,1.7971744753027665,-10,11,12,0,4038,103,1916,2.550767706785537
2026-01-25 19:04:43.263579,0.6312737166666668,103,45,58,43.689320388349515,111.02999999999942,2771.700000000002,2660.6699999999983,61.593333333333376,45.87362068965514,1.0779611650485381,1.0417300905411058,103.76,-86.24,50000.0,50111.03,50750.22,0.22205999999999768,-606.1399999999994,912.0699999999997,1.7971744753027665,-10,11,12,0,4040,103,1917,2.5495049504950495
2026-01-25 19:04:43.280386,0.6315538333333334,103,45,58,43.689320388349515,111.02999999999942,2771.700000000002,2660.6699999999983,61.593333333333376,45.87362068965514,1.0779611650485381,1.0417300905411058,103.76,-86.24,50000.0,50111.03,50750.22,0.22205999999999768,-606.1399999999994,912.0699999999997,1.7971744753027665,-10,11,12,0,4042,103,1918,2.5482434438396835
2026-01-25 19:04:43.297878,0.6318453666666667,103,45,58,43.689320388349515,111.02999999999942,2771.700000000002,2660.6699999999983,61.593333333333376,45.87362068965514,1.0779611650485381,1.0417300905411058,103.76,-86.24,50000.0,50111.03,50750.22,0.22205999999999768,-606.1399999999994,912.0699999999997,1.7971744753027665,-10,11,12,0,4044,103,1919,2.546983184965381
2026-01-25 19:04:43.315018,0.6321310333333333,103,45,58,43.689320388349515,111.02999999999942,2771.700000000002,2660.6699999999983,61.593333333333376,45.87362068965514,1.0779611650485381,1.0417300905411058,103.76,-86.24,50000.0,50111.03,50750.22,0.22205999999999768,0.0,912.0699999999997,1.7971744753027665,-10,11,12,0,4046,103,1920,2.54572417202175
2026-01-25 19:04:43.331348,0.6324031833333332,103,45,58,43.689320388349515,111.02999999999942,2771.700000000002,2660.6699999999983,61.593333333333376,45.87362068965514,1.0779611650485381,1.0417300905411058,103.76,-86.24,50000.0,50111.03,50750.22,0.22205999999999768,0.0,912.0699999999997,1.7971744753027665,-10,11,12,0,4048,103,1921,2.544466403162055
2026-01-25 19:04:43.348183,0.6326837833333333,103,45,58,43.689320388349515,111.02999999999942,2771.700000000002,2660.6699999999983,61.593333333333376,45.87362068965514,1.0779611650485381,1.0417300905411058,103.76,-86.24,50000.0,50111.03,50750.22,0.22205999999999768,0.0,912.0699999999997,1.7971744753027665,-10,11,12,0,4050,103,1922,2.54320987654321
2026-01-25 19:04:43.364951,0.63296325,103,45,58,43.689320388349515,111.02999999999942,2771.700000000002,2660.6699999999983,61.593333333333376,45.87362068965514,1.0779611650485381,1.0417300905411058,103.76,-86.24,50000.0,50111.03,50750.22,0.22205999999999768,0.0,912.0699999999997,1.7971744753027665,-10,11,12,0,4052,103,1923,2.541954590325765
2026-01-25 19:04:43.381658,0.6332416999999999,103,45,58,43.689320388349515,111.02999999999942,2771.700000000002,2660.6699999999983,61.593333333333376,45.87362068965514,1.0779611650485381,1.0417300905411058,103.76,-86.24,50000.0,50111.03,50750.22,0.22205999999999768,0.0,912.0699999999997,1.7971744753027665,-10,11,12,0,4054,103,1924,2.5407005426739024
2026-01-25 19:04:43.398413,0.63352095,103,45,58,43.689320388349515,111.02999999999942,2771.700000000002,2660.6699999999983,61.593333333333376,45.87362068965514,1.0779611650485381,1.0417300905411058,103.76,-86.24,50000.0,50111.03,50750.22,0.22205999999999768,0.0,912.0699999999997,1.7971744753027665,-10,11,12,0,4056,103,1925,2.5394477317554243
2026-01-25 19:04:43.414713,0.6337926166666666,103,45,58,43.689320388349515,111.02999999999942,2771.700000000002,2660.6699999999983,61.593333333333376,45.87362068965514,1.0779611650485381,1.0417300905411058,103.76,-86.24,50000.0,50111.03,50750.22,0.22205999999999768,0.0,912.0699999999997,1.7971744753027665,-10,11,12,0,4058,103,1926,2.5381961557417445
2026-01-25 19:04:43.431677,0.63407535,103,45,58,43.689320388349515,111.02999999999942,2771.700000000002,2660.6699999999983,61.593333333333376,45.87362068965514,1.0779611650485381,1.0417300905411058,103.76,-86.24,50000.0,50111.03,50750.22,0.22205999999999768,0.0,912.0699999999997,1.7971744753027665,-10,11,12,0,4060,103,1927,2.536945812807882
2026-01-25 19:04:43.447750,0.63434325,103,45,58,43.689320388349515,111.02999999999942,2771.700000000002,2660.6699999999983,61.593333333333376,45.87362068965514,1.0779611650485381,1.0417300905411058,103.76,-86.24,50000.0,50111.03,50750.22,0.22205999999999768,0.0,912.0699999999997,1.7971744753027665,-10,11,12,0,4062,103,1928,2.535696701132447
2026-01-25 19:04:43.464766,0.6346268333333334,103,45,58,43.689320388349515,111.02999999999942,2771.700000000002,2660.6699999999983,61.593333333333376,45.87362068965514,1.0779611650485381,1.0417300905411058,103.76,-86.24,50000.0,50111.03,50750.22,0.22205999999999768,0.0,912.0699999999997,1.7971744753027665,-10,11,12,0,4064,103,1929,2.534448818897638
2026-01-25 19:04:43.481345,0.63490315,103,45,58,43.689320388349515,111.02999999999942,2771.700000000002,2660.6699999999983,61.593333333333376,45.87362068965514,1.0779611650485381,1.0417300905411058,103.76,-86.24,50000.0,50111.03,50750.22,0.22205999999999768,0.0,912.0699999999997,1.7971744753027665,-10,11,12,0,4066,103,1930,2.5332021642892277
2026-01-25 19:04:43.497458,0.6351717,103,45,58,43.689320388349515,111.02999999999942,2771.700000000002,2660.6699999999983,61.593333333333376,45.87362068965514,1.0779611650485381,1.0417300905411058,103.76,-86.24,50000.0,50111.03,50750.22,0.22205999999999768,0.0,912.0699999999997,1.7971744753027665,-10,11,12,0,4068,103,1931,2.5319567354965584
2026-01-25 19:04:43.514009,0.63544755,103,45,58,43.689320388349515,111.02999999999942,2771.700000000002,2660.6699999999983,61.593333333333376,45.87362068965514,1.0779611650485381,1.0417300905411058,103.76,-86.24,50000.0,50111.03,50750.22,0.22205999999999768,0.0,912.0699999999997,1.7971744753027665,-10,11,12,0,4070,103,1932,2.5307125307125307
2026-01-25 19:04:43.530325,0.6357194666666667,103,45,58,43.689320388349515,111.02999999999942,2771.700000000002,2660.6699999999983,61.593333333333376,45.87362068965514,1.0779611650485381,1.0417300905411058,103.76,-86.24,50000.0,50111.03,50750.22,0.22205999999999768,0.0,912.0699999999997,1.7971744753027665,-10,11,12,0,4072,103,1933,2.529469548133595
2026-01-25 19:04:43.546306,0.6359858333333333,103,45,58,43.689320388349515,111.02999999999942,2771.700000000002,2660.6699999999983,61.593333333333376,45.87362068965514,1.0779611650485381,1.0417300905411058,103.76,-86.24,50000.0,50111.03,50750.22,0.22205999999999768,0.0,912.0699999999997,1.7971744753027665,-10,11,12,0,4074,103,1934,2.5282277859597446
2026-01-25 19:04:43.562959,0.6362633833333333,103,45,58,43.689320388349515,111.02999999999942,2771.700000000002,2660.6699999999983,61.593333333333376,45.87362068965514,1.0779611650485381,1.0417300905411058,103.76,-86.24,50000.0,50111.03,50750.22,0.22205999999999768,0.0,912.0699999999997,1.7971744753027665,-10,11,12,0,4076,103,1935,2.5269872423945046
2026-01-25 19:04:43.579414,0.6365376333333334,103,45,58,43.689320388349515,111.02999999999942,2771.700000000002,2660.6699999999983,61.593333333333376,45.87362068965514,1.0779611650485381,1.0417300905411058,103.76,-86.24,50000.0,50111.03,50750.22,0.22205999999999768,0.0,912.0699999999997,1.7971744753027665,-10,11,12,0,4078,103,1936,2.525747915644924
2026-01-25 19:04:43.595554,0.6368066333333334,103,45,58,43.689320388349515,111.02999999999942,2771.700000000002,2660.6699999999983,61.593333333333376,45.87362068965514,1.0779611650485381,1.0417300905411058,103.76,-86.24,50000.0,50111.03,50750.22,0.22205999999999768,0.0,912.0699999999997,1.7971744753027665,-10,11,12,0,4080,103,1937,2.5245098039215685
2026-01-25 19:04:43.612055,0.63708165,103,45,58,43.689320388349515,111.02999999999942,2771.700000000002,2660.6699999999983,61.593333333333376,45.87362068965514,1.0779611650485381,1.0417300905411058,103.76,-86.24,50000.0,50111.03,50750.22,0.22205999999999768,0.0,912.0699999999997,1.7971744753027665,-10,11,12,0,4082,103,1938,2.523272905438511
2026-01-25 19:04:43.628457,0.6373550166666667,103,45,58,43.689320388349515,111.02999999999942,2771.700000000002,2660.6699999999983,61.593333333333376,45.87362068965514,1.0779611650485381,1.0417300905411058,103.76,-86.24,50000.0,50111.03,50750.22,0.22205999999999768,0.0,912.0699999999997,1.7971744753027665,-10,11,12,0,4084,103,1939,2.5220372184133204
2026-01-25 19:04:43.645068,0.6376318666666666,103,45,58,43.689320388349515,111.02999999999942,2771.700000000002,2660.6699999999983,61.593333333333376,45.87362068965514,1.0779611650485381,1.0417300905411058,103.76,-86.24,50000.0,50111.03,50750.22,0.22205999999999768,0.0,912.0699999999997,1.7971744753027665,-10,11,12,0,4086,103,1940,2.520802741067058
2026-01-25 19:04:43.661504,0.6379058000000001,103,45,58,43.689320388349515,111.02999999999942,2771.700000000002,2660.6699999999983,61.593333333333376,45.87362068965514,1.0779611650485381,1.0417300905411058,103.76,-86.24,50000.0,50111.03,50750.22,0.22205999999999768,0.0,912.0699999999997,1.7971744753027665,-10,11,12,0,4088,103,1941,2.519569471624266
2026-01-25 19:04:43.677913,0.6381792833333333,103,45,58,43.689320388349515,111.02999999999942,2771.700000000002,2660.6699999999983,61.593333333333376,45.87362068965514,1.0779611650485381,1.0417300905411058,103.76,-86.24,50000.0,50111.03,50750.22,0.22205999999999768,0.0,912.0699999999997,1.7971744753027665,-10,11,12,0,4090,103,1942,2.5183374083129584
2026-01-25 19:04:43.694336,0.638453,103,45,58,43.689320388349515,111.02999999999942,2771.700000000002,2660.6699999999983,61.593333333333376,45.87362068965514,1.0779611650485381,1.0417300905411058,103.76,-86.24,50000.0,50111.03,50750.22,0.22205999999999768,0.0,912.0699999999997,1.7971744753027665,-10,11,12,0,4092,103,1943,2.517106549364614
2026-01-25 19:04:43.710776,0.6387269999999999,103,45,58,43.689320388349515,111.02999999999942,2771.700000000002,2660.6699999999983,61.593333333333376,45.87362068965514,1.0779611650485381,1.0417300905411058,103.76,-86.24,50000.0,50111.03,50750.22,0.22205999999999768,0.0,912.0699999999997,1.7971744753027665,-10,11,12,0,4094,103,1944,2.515876893014167
2026-01-25 19:04:43.727470,0.6390052333333334,103,45,58,43.689320388349515,111.02999999999942,2771.700000000002,2660.6699999999983,61.593333333333376,45.87362068965514,1.0779611650485381,1.0417300905411058,103.76,-86.24,50000.0,50111.03,50750.22,0.22205999999999768,0.0,912.0699999999997,1.7971744753027665,-10,11,12,0,4096,103,1945,2.5146484375
2026-01-25 19:04:43.744435,0.6392879833333333,103,45,58,43.689320388349515,111.02999999999942,2771.700000000002,2660.6699999999983,61.593333333333376,45.87362068965514,1.0779611650485381,1.0417300905411058,103.76,-86.24,50000.0,50111.03,50750.22,0.22205999999999768,0.0,912.0699999999997,1.7971744753027665,-10,11,12,0,4098,103,1946,2.5134211810639338
2026-01-25 19:04:43.761144,0.6395664666666666,103,45,58,43.689320388349515,111.02999999999942,2771.700000000002,2660.6699999999983,61.593333333333376,45.87362068965514,1.0779611650485381,1.0417300905411058,103.76,-86.24,50000.0,50111.03,50750.22,0.22205999999999768,0.0,912.0699999999997,1.7971744753027665,-10,11,12,0,4100,103,1947,2.5121951219512195
2026-01-25 19:04:43.777496,0.639839,103,45,58,43.689320388349515,111.02999999999942,2771.700000000002,2660.6699999999983,61.593333333333376,45.87362068965514,1.0779611650485381,1.0417300905411058,103.76,-86.24,50000.0,50111.03,50750.22,0.22205999999999768,0.0,912.0699999999997,1.7971744753027665,-10,11,12,0,4102,103,1948,2.5109702584105316
2026-01-25 19:04:43.793869,0.6401118833333334,103,45,58,43.689320388349515,111.02999999999942,2771.700000000002,2660.6699999999983,61.593333333333376,45.87362068965514,1.0779611650485381,1.0417300905411058,103.76,-86.24,50000.0,50111.03,50750.22,0.22205999999999768,0.0,912.0699999999997,1.7971744753027665,-10,11,12,0,4104,103,1949,2.509746588693957
2026-01-25 19:04:43.810405,0.6403874833333333,103,45,58,43.689320388349515,111.02999999999942,2771.700000000002,2660.6699999999983,61.593333333333376,45.87362068965514,1.0779611650485381,1.0417300905411058,103.76,-86.24,50000.0,50111.03,50750.22,0.22205999999999768,0.0,912.0699999999997,1.7971744753027665,-10,11,12,0,4106,103,1950,2.50852411105699
2026-01-25 19:04:43.827097,0.6406656833333333,103,45,58,43.689320388349515,111.02999999999942,2771.700000000002,2660.6699999999983,61.593333333333376,45.87362068965514,1.0779611650485381,1.0417300905411058,103.76,-86.24,50000.0,50111.03,50750.22,0.22205999999999768,0.0,912.0699999999997,1.7971744753027665,-10,11,12,0,4108,103,1951,2.5073028237585198
2026-01-25 19:04:43.844237,0.6409513666666666,103,45,58,43.689320388349515,111.02999999999942,2771.700000000002,2660.6699999999983,61.593333333333376,45.87362068965514,1.0779611650485381,1.0417300905411058,103.76,-86.24,50000.0,50111.03,50750.22,0.22205999999999768,0.0,912.0699999999997,1.7971744753027665,-10,11,12,0,4110,103,1952,2.506082725060827
2026-01-25 19:04:43.860691,0.6412255833333333,103,45,58,43.689320388349515,111.02999999999942,2771.700000000002,2660.6699999999983,61.593333333333376,45.87362068965514,1.0779611650485381,1.0417300905411058,103.76,-86.24,50000.0,50111.03,50750.22,0.22205999999999768,0.0,912.0699999999997,1.7971744753027665,-10,11,12,0,4112,103,1953,2.504863813229572
2026-01-25 19:04:43.877190,0.6415005666666667,103,45,58,43.689320388349515,111.02999999999942,2771.700000000002,2660.6699999999983,61.593333333333376,45.87362068965514,1.0779611650485381,1.0417300905411058,103.76,-86.24,50000.0,50111.03,50750.22,0.22205999999999768,0.0,912.0699999999997,1.7971744753027665,-10,11,12,0,4114,103,1954,2.503646086533787
2026-01-25 19:04:43.893851,0.6417782666666666,103,45,58,43.689320388349515,111.02999999999942,2771.700000000002,2660.6699999999983,61.593333333333376,45.87362068965514,1.0779611650485381,1.0417300905411058,103.76,-86.24,50000.0,50111.03,50750.22,0.22205999999999768,0.0,912.0699999999997,1.7971744753027665,-10,11,12,0,4116,103,1955,2.50242954324587
2026-01-25 19:04:43.910664,0.6420584666666667,103,45,58,43.689320388349515,111.02999999999942,2771.700000000002,2660.6699999999983,61.593333333333376,45.87362068965514,1.0779611650485381,1.0417300905411058,103.76,-86.24,50000.0,50111.03,50750.22,0.22205999999999768,0.0,912.0699999999997,1.7971744753027665,-10,11,12,0,4118,103,1956,2.5012141816415734
2026-01-25 19:04:43.927348,0.6423365333333333,103,45,58,43.689320388349515,111.02999999999942,2771.700000000002,2660.6699999999983,61.593333333333376,45.87362068965514,1.0779611650485381,1.0417300905411058,103.76,-86.24,50000.0,50111.03,50750.22,0.22205999999999768,0.0,912.0699999999997,1.7971744753027665,-10,11,12,0,4120,103,1957,2.5
2026-01-25 19:04:43.944023,0.64261445,103,45,58,43.689320388349515,111.02999999999942,2771.700000000002,2660.6699999999983,61.593333333333376,45.87362068965514,1.0779611650485381,1.0417300905411058,103.76,-86.24,50000.0,50111.03,50750.22,0.22205999999999768,0.0,912.0699999999997,1.7971744753027665,-10,11,12,0,4122,103,1958,2.4987869966035903
2026-01-25 19:04:43.960389,0.6428872166666667,103,45,58,43.689320388349515,111.02999999999942,2771.700000000002,2660.6699999999983,61.593333333333376,45.87362068965514,1.0779611650485381,1.0417300905411058,103.76,-86.24,50000.0,50111.03,50750.22,0.22205999999999768,0.0,912.0699999999997,1.7971744753027665,-10,11,12,0,4124,103,1959,2.4975751697381186
2026-01-25 19:04:43.977083,0.64316545,103,45,58,43.689320388349515,111.02999999999942,2771.700000000002,2660.6699999999983,61.593333333333376,45.87362068965514,1.0779611650485381,1.0417300905411058,103.76,-86.24,50000.0,50111.03,50750.22,0.22205999999999768,0.0,912.0699999999997,1.7971744753027665,-10,11,12,0,4126,103,1960,2.4963645176926805
2026-01-25 19:04:43.993823,0.6434444500000001,103,45,58,43.689320388349515,111.02999999999942,2771.700000000002,2660.6699999999983,61.593333333333376,45.87362068965514,1.0779611650485381,1.0417300905411058,103.76,-86.24,50000.0,50111.03,50750.22,0.22205999999999768,0.0,912.0699999999997,1.7971744753027665,-10,11,12,0,4128,103,1961,2.4951550387596897
2026-01-25 19:04:44.010433,0.6437212833333333,103,45,58,43.689320388349515,111.02999999999942,2771.700000000002,2660.6699999999983,61.593333333333376,45.87362068965514,1.0779611650485381,1.0417300905411058,103.76,-86.24,50000.0,50111.03,50750.22,0.22205999999999768,0.0,912.0699999999997,1.7971744753027665,-10,11,12,0,4130,103,1962,2.4939467312348667
2026-01-25 19:04:44.027091,0.6439989333333334,103,45,58,43.689320388349515,111.02999999999942,2771.700000000002,2660.6699999999983,61.593333333333376,45.87362068965514,1.0779611650485381,1.0417300905411058,103.76,-86.24,50000.0,50111.03,50750.22,0.22205999999999768,0.0,912.0699999999997,1.7971744753027665,-10,11,12,0,4132,103,1963,2.492739593417231
2026-01-25 19:04:44.044037,0.64428135,103,45,58,43.689320388349515,111.02999999999942,2771.700000000002,2660.6699999999983,61.593333333333376,45.87362068965514,1.0779611650485381,1.0417300905411058,103.76,-86.24,50000.0,50111.03,50750.22,0.22205999999999768,0.0,912.0699999999997,1.7971744753027665,-10,11,12,0,4134,103,1964,2.491533623609095
2026-01-25 19:04:44.060401,0.6445541,103,45,58,43.689320388349515,111.02999999999942,2771.700000000002,2660.6699999999983,61.593333333333376,45.87362068965514,1.0779611650485381,1.0417300905411058,103.76,-86.24,50000.0,50111.03,50750.22,0.22205999999999768,0.0,912.0699999999997,1.7971744753027665,-10,11,12,0,4136,103,1965,2.490328820116054
2026-01-25 19:04:44.077200,0.6448340666666666,103,45,58,43.689320388349515,111.02999999999942,2771.700000000002,2660.6699999999983,61.593333333333376,45.87362068965514,1.0779611650485381,1.0417300905411058,103.76,-86.24,50000.0,50111.03,50750.22,0.22205999999999768,0.0,912.0699999999997,1.7971744753027665,-10,11,12,0,4138,103,1966,2.4891251812469792
2026-01-25 19:04:44.093720,0.6451094,103,45,58,43.689320388349515,111.02999999999942,2771.700000000002,2660.6699999999983,61.593333333333376,45.87362068965514,1.0779611650485381,1.0417300905411058,103.76,-86.24,50000.0,50111.03,50750.22,0.22205999999999768,0.0,912.0699999999997,1.7971744753027665,-10,11,12,0,4140,103,1967,2.4879227053140096
2026-01-25 19:04:44.110382,0.6453871,103,45,58,43.689320388349515,111.02999999999942,2771.700000000002,2660.6699999999983,61.593333333333376,45.87362068965514,1.0779611650485381,1.0417300905411058,103.76,-86.24,50000.0,50111.03,50750.22,0.22205999999999768,0.0,912.0699999999997,1.7971744753027665,-10,11,12,0,4142,103,1968,2.4867213906325447
2026-01-25 19:04:44.127052,0.6456649333333334,103,45,58,43.689320388349515,111.02999999999942,2771.700000000002,2660.6699999999983,61.593333333333376,45.87362068965514,1.0779611650485381,1.0417300905411058,103.76,-86.24,50000.0,50111.03,50750.22,0.22205999999999768,0.0,912.0699999999997,1.7971744753027665,-10,11,12,0,4144,103,1969,2.4855212355212353
2026-01-25 19:04:44.143387,0.6459371833333333,103,45,58,43.689320388349515,111.02999999999942,2771.700000000002,2660.6699999999983,61.593333333333376,45.87362068965514,1.0779611650485381,1.0417300905411058,103.76,-86.24,50000.0,50111.03,50750.22,0.22205999999999768,0.0,912.0699999999997,1.7971744753027665,-10,11,12,0,4146,103,1970,2.484322238301978
2026-01-25 19:04:44.160661,0.6462250833333333,103,45,58,43.689320388349515,111.02999999999942,2771.700000000002,2660.6699999999983,61.593333333333376,45.87362068965514,1.0779611650485381,1.0417300905411058,103.76,-86.24,50000.0,50111.03,50750.22,0.22205999999999768,0.0,912.0699999999997,1.7971744753027665,-10,11,12,0,4148,103,1971,2.4831243972999033
2026-01-25 19:04:44.178177,0.6465170166666667,103,45,58,43.689320388349515,111.02999999999942,2771.700000000002,2660.6699999999983,61.593333333333376,45.87362068965514,1.0779611650485381,1.0417300905411058,103.76,-86.24,50000.0,50111.03,50750.22,0.22205999999999768,0.0,912.0699999999997,1.7971744753027665,-10,11,12,0,4150,103,1972,2.4819277108433733
2026-01-25 19:04:44.195748,0.6468098833333333,103,45,58,43.689320388349515,111.02999999999942,2771.700000000002,2660.6699999999983,61.593333333333376,45.87362068965514,1.0779611650485381,1.0417300905411058,103.76,-86.24,50000.0,50111.03,50750.22,0.22205999999999768,0.0,912.0699999999997,1.7971744753027665,-10,11,12,0,4152,103,1973,2.480732177263969
2026-01-25 19:04:44.214863,0.6471284833333333,103,45,58,43.689320388349515,111.02999999999942,2771.700000000002,2660.6699999999983,61.593333333333376,45.87362068965514,1.0779611650485381,1.0417300905411058,103.76,-86.24,50000.0,50111.03,50750.22,0.22205999999999768,0.0,912.0699999999997,1.7971744753027665,-10,11,12,0,4154,103,1974,2.479537794896485
2026-01-25 19:04:44.231662,0.6474084333333334,103,45,58,43.689320388349515,111.02999999999942,2771.700000000002,2660.6699999999983,61.593333333333376,45.87362068965514,1.0779611650485381,1.0417300905411058,103.76,-86.24,50000.0,50111.03,50750.22,0.22205999999999768,0.0,912.0699999999997,1.7971744753027665,-10,11,12,0,4156,103,1975,2.478344562078922
2026-01-25 19:04:44.249119,0.6476993833333334,103,45,58,43.689320388349515,111.02999999999942,2771.700000000002,2660.6699999999983,61.593333333333376,45.87362068965514,1.0779611650485381,1.0417300905411058,103.76,-86.24,50000.0,50111.03,50750.22,0.22205999999999768,0.0,912.0699999999997,1.7971744753027665,-10,11,12,0,4158,103,1976,2.477152477152477
2026-01-25 19:04:44.266940,0.6479964166666666,103,45,58,43.689320388349515,111.02999999999942,2771.700000000002,2660.6699999999983,61.593333333333376,45.87362068965514,1.0779611650485381,1.0417300905411058,103.76,-86.24,50000.0,50111.03,50750.22,0.22205999999999768,0.0,912.0699999999997,1.7971744753027665,-10,11,12,0,4160,103,1977,2.4759615384615383
2026-01-25 19:04:44.283091,0.6482655833333334,103,45,58,43.689320388349515,111.02999999999942,2771.700000000002,2660.6699999999983,61.593333333333376,45.87362068965514,1.0779611650485381,1.0417300905411058,103.76,-86.24,50000.0,50111.03,50750.22,0.22205999999999768,0.0,912.0699999999997,1.7971744753027665,-10,11,12,0,4162,103,1978,2.474771744353676
2026-01-25 19:04:44.299546,0.6485398333333333,103,45,58,43.689320388349515,111.02999999999942,2771.700000000002,2660.6699999999983,61.593333333333376,45.87362068965514,1.0779611650485381,1.0417300905411058,103.76,-86.24,50000.0,50111.03,50750.22,0.22205999999999768,0.0,912.0699999999997,1.7971744753027665,-10,11,12,0,4164,103,1979,2.4735830931796348
2026-01-25 19:04:44.316417,0.6488210666666667,103,45,58,43.689320388349515,111.02999999999942,2771.700000000002,2660.6699999999983,61.593333333333376,45.87362068965514,1.0779611650485381,1.0417300905411058,103.76,-86.24,50000.0,50111.03,50750.22,0.22205999999999768,0.0,912.0699999999997,1.7971744753027665,-10,11,12,0,4166,103,1980,2.472395583293327
2026-01-25 19:04:44.332776,0.6490936666666667,103,45,58,43.689320388349515,111.02999999999942,2771.700000000002,2660.6699999999983,61.593333333333376,45.87362068965514,1.0779611650485381,1.0417300905411058,103.76,-86.24,50000.0,50111.03,50750.22,0.22205999999999768,0.0,912.0699999999997,1.7971744753027665,-10,11,12,0,4168,103,1981,2.4712092130518233
2026-01-25 19:04:44.349231,0.6493679166666666,103,45,58,43.689320388349515,111.02999999999942,2771.700000000002,2660.6699999999983,61.593333333333376,45.87362068965514,1.0779611650485381,1.0417300905411058,103.76,-86.24,50000.0,50111.03,50750.22,0.22205999999999768,0.0,912.0699999999997,1.7971744753027665,-10,11,12,0,4170,103,1982,2.470023980815348
2026-01-25 19:04:44.365898,0.6496457,103,45,58,43.689320388349515,111.02999999999942,2771.700000000002,2660.6699999999983,61.593333333333376,45.87362068965514,1.0779611650485381,1.0417300905411058,103.76,-86.24,50000.0,50111.03,50750.22,0.22205999999999768,0.0,912.0699999999997,1.7971744753027665,-10,11,12,0,4172,103,1983,2.4688398849472675
2026-01-25 19:04:44.382507,0.6499225166666667,103,45,58,43.689320388349515,111.02999999999942,2771.700000000002,2660.6699999999983,61.593333333333376,45.87362068965514,1.0779611650485381,1.0417300905411058,103.76,-86.24,50000.0,50111.03,50750.22,0.22205999999999768,0.0,912.0699999999997,1.7971744753027665,-10,11,12,0,4174,103,1984,2.467656923814087
2026-01-25 19:04:44.399350,0.65020325,103,45,58,43.689320388349515,111.02999999999942,2771.700000000002,2660.6699999999983,61.593333333333376,45.87362068965514,1.0779611650485381,1.0417300905411058,103.76,-86.24,50000.0,50111.03,50750.22,0.22205999999999768,0.0,912.0699999999997,1.7971744753027665,-10,11,12,0,4176,103,1985,2.4664750957854404
2026-01-25 19:04:44.416218,0.6504843666666668,103,45,58,43.689320388349515,111.02999999999942,2771.700000000002,2660.6699999999983,61.593333333333376,45.87362068965514,1.0779611650485381,1.0417300905411058,103.76,-86.24,50000.0,50111.03,50750.22,0.22205999999999768,0.0,912.0699999999997,1.7971744753027665,-10,11,12,0,4178,103,1986,2.4652943992340837
2026-01-25 19:04:44.432665,0.6507584833333334,103,45,58,43.689320388349515,111.02999999999942,2771.700000000002,2660.6699999999983,61.593333333333376,45.87362068965514,1.0779611650485381,1.0417300905411058,103.76,-86.24,50000.0,50111.03,50750.22,0.22205999999999768,0.0,912.0699999999997,1.7971744753027665,-10,11,12,0,4180,103,1987,2.464114832535885
2026-01-25 19:04:44.449174,0.6510336333333334,103,45,58,43.689320388349515,111.02999999999942,2771.700000000002,2660.6699999999983,61.593333333333376,45.87362068965514,1.0779611650485381,1.0417300905411058,103.76,-86.24,50000.0,50111.03,50750.22,0.22205999999999768,0.0,912.0699999999997,1.7971744753027665,-10,11,12,0,4182,103,1988,2.462936394069823
2026-01-25 19:04:44.466176,0.6513170166666666,103,45,58,43.689320388349515,111.02999999999942,2771.700000000002,2660.6699999999983,61.593333333333376,45.87362068965514,1.0779611650485381,1.0417300905411058,103.76,-86.24,50000.0,50111.03,50750.22,0.22205999999999768,0.0,912.0699999999997,1.7971744753027665,-10,11,12,0,4184,103,1989,2.461759082217973
2026-01-25 19:04:44.484854,0.6516283,103,45,58,43.689320388349515,111.02999999999942,2771.700000000002,2660.6699999999983,61.593333333333376,45.87362068965514,1.0779611650485381,1.0417300905411058,103.76,-86.24,50000.0,50111.03,50750.22,0.22205999999999768,0.0,912.0699999999997,1.7971744753027665,-10,11,12,0,4186,103,1990,2.460582895365504
2026-01-25 19:04:44.502965,0.6519301666666667,103,45,58,43.689320388349515,111.02999999999942,2771.700000000002,2660.6699999999983,61.593333333333376,45.87362068965514,1.0779611650485381,1.0417300905411058,103.76,-86.24,50000.0,50111.03,50750.22,0.22205999999999768,0.0,912.0699999999997,1.7971744753027665,-10,11,12,0,4188,103,1991,2.4594078319006685
2026-01-25 19:04:44.520639,0.6522247166666666,103,45,58,43.689320388349515,111.02999999999942,2771.700000000002,2660.6699999999983,61.593333333333376,45.87362068965514,1.0779611650485381,1.0417300905411058,103.76,-86.24,50000.0,50111.03,50750.22,0.22205999999999768,0.0,912.0699999999997,1.7971744753027665,-10,11,12,0,4190,103,1992,2.458233890214797
2026-01-25 19:04:44.539316,0.652536,103,45,58,43.689320388349515,111.02999999999942,2771.700000000002,2660.6699999999983,61.593333333333376,45.87362068965514,1.0779611650485381,1.0417300905411058,103.76,-86.24,50000.0,50111.03,50750.22,0.22205999999999768,0.0,912.0699999999997,1.7971744753027665,-10,11,12,0,4192,103,1993,2.45706106870229
2026-01-25 19:04:44.558411,0.6528542500000001,103,45,58,43.689320388349515,111.02999999999942,2771.700000000002,2660.6699999999983,61.593333333333376,45.87362068965514,1.0779611650485381,1.0417300905411058,103.76,-86.24,50000.0,50111.03,50750.22,0.22205999999999768,0.0,912.0699999999997,1.7971744753027665,-10,11,12,0,4194,103,1994,2.4558893657606102
2026-01-25 19:04:44.576970,0.6531635666666666,103,45,58,43.689320388349515,111.02999999999942,2771.700000000002,2660.6699999999983,61.593333333333376,45.87362068965514,1.0779611650485381,1.0417300905411058,103.76,-86.24,50000.0,50111.03,50750.22,0.22205999999999768,0.0,912.0699999999997,1.7971744753027665,-10,11,12,0,4196,103,1995,2.4547187797902765
2026-01-25 19:04:44.594444,0.6534548,103,45,58,43.689320388349515,111.02999999999942,2771.700000000002,2660.6699999999983,61.593333333333376,45.87362068965514,1.0779611650485381,1.0417300905411058,103.76,-86.24,50000.0,50111.03,50750.22,0.22205999999999768,0.0,912.0699999999997,1.7971744753027665,-10,11,12,0,4198,103,1996,2.453549309194855
2026-01-25 19:04:44.612768,0.6537602,103,45,58,43.689320388349515,111.02999999999942,2771.700000000002,2660.6699999999983,61.593333333333376,45.87362068965514,1.0779611650485381,1.0417300905411058,103.76,-86.24,50000.0,50111.03,50750.22,0.22205999999999768,0.0,912.0699999999997,1.7971744753027665,-10,11,12,0,4200,103,1997,2.4523809523809526
2026-01-25 19:04:44.631765,0.6540768166666666,103,45,58,43.689320388349515,111.02999999999942,2771.700000000002,2660.6699999999983,61.593333333333376,45.87362068965514,1.0779611650485381,1.0417300905411058,103.76,-86.24,50000.0,50111.03,50750.22,0.22205999999999768,0.0,912.0699999999997,1.7971744753027665,-10,11,12,0,4202,103,1998,2.4512137077582103
2026-01-25 19:04:44.650909,0.6543958833333333,103,45,58,43.689320388349515,111.02999999999942,2771.700000000002,2660.6699999999983,61.593333333333376,45.87362068965514,1.0779611650485381,1.0417300905411058,103.76,-86.24,50000.0,50111.03,50750.22,0.22205999999999768,0.0,912.0699999999997,1.7971744753027665,-10,11,12,0,4204,103,1999,2.450047573739296
2026-01-25 19:04:44.668047,0.6546815166666666,103,45,58,43.689320388349515,111.02999999999942,2771.700000000002,2660.6699999999983,61.593333333333376,45.87362068965514,1.0779611650485381,1.0417300905411058,103.76,-86.24,50000.0,50111.03,50750.22,0.22205999999999768,0.0,912.0699999999997,1.7971744753027665,-10,11,12,0,4206,103,2000,2.4488825487398955
2026-01-25 19:04:44.685159,0.6549667166666667,103,45,58,43.689320388349515,111.02999999999942,2771.700000000002,2660.6699999999983,61.593333333333376,45.87362068965514,1.0779611650485381,1.0417300905411058,103.76,-86.24,50000.0,50111.03,50750.22,0.22205999999999768,0.0,912.0699999999997,1.7971744753027665,-10,11,12,1,4208,104,2000,2.4714828897338403
2026-01-25 19:04:44.701722,0.6552427833333333,103,45,58,43.689320388349515,111.02999999999942,2771.700000000002,2660.6699999999983,61.593333333333376,45.87362068965514,1.0779611650485381,1.0417300905411058,103.76,-86.24,50000.0,50142.28,50750.22,0.2845599999999977,31.25,912.0699999999997,1.7971744753027665,-10,11,12,1,4210,104,2001,2.470308788598575
2026-01-25 19:04:44.718184,0.6555171333333334,103,45,58,43.689320388349515,111.02999999999942,2771.700000000002,2660.6699999999983,61.593333333333376,45.87362068965514,1.0779611650485381,1.0417300905411058,103.76,-86.24,50000.0,50188.53,50750.22,0.3770599999999977,77.5,912.0699999999997,1.7971744753027665,-10,11,12,1,4212,104,2002,2.4691358024691357
2026-01-25 19:04:44.734993,0.6557972833333333,104,46,58,44.230769230769226,206.03999999999942,2866.7100000000023,2660.6699999999983,62.319782608695704,45.87362068965514,1.9811538461538407,1.0774391412689301,103.76,-86.24,50000.0,50206.04,50750.22,0.4120800000000017,95.01000000000204,912.0699999999997,1.7971744753027665,1,11,12,0,4214,104,2003,2.4679639297579494
2026-01-25 19:04:44.751590,0.6560739000000001,104,46,58,44.230769230769226,206.03999999999942,2866.7100000000023,2660.6699999999983,62.319782608695704,45.87362068965514,1.9811538461538407,1.0774391412689301,103.76,-86.24,50000.0,50206.04,50750.22,0.4120800000000017,95.01000000000204,912.0699999999997,1.7971744753027665,1,11,12,0,4216,104,2004,2.4667931688804554
2026-01-25 19:04:44.768345,0.6563531499999999,104,46,58,44.230769230769226,206.03999999999942,2866.7100000000023,2660.6699999999983,62.319782608695704,45.87362068965514,1.9811538461538407,1.0774391412689301,103.76,-86.24,50000.0,50206.04,50750.22,0.4120800000000017,95.01000000000204,912.0699999999997,1.7971744753027665,1,11,12,0,4218,104,2005,2.4656235182550974
2026-01-25 19:04:44.784661,0.6566250833333334,104,46,58,44.230769230769226,206.03999999999942,2866.7100000000023,2660.6699999999983,62.319782608695704,45.87362068965514,1.9811538461538407,1.0774391412689301,103.76,-86.24,50000.0,50206.04,50750.22,0.4120800000000017,95.01000000000204,912.0699999999997,1.7971744753027665,1,11,12,0,4220,104,2006,2.4644549763033177
2026-01-25 19:04:44.801289,0.6569022166666667,104,46,58,44.230769230769226,206.03999999999942,2866.7100000000023,2660.6699999999983,62.319782608695704,45.87362068965514,1.9811538461538407,1.0774391412689301,103.76,-86.24,50000.0,50206.04,50750.22,0.4120800000000017,95.01000000000204,912.0699999999997,1.7971744753027665,1,11,12,0,4222,104,2007,2.46328754144955
2026-01-25 19:04:44.817883,0.6571787833333332,104,46,58,44.230769230769226,206.03999999999942,2866.7100000000023,2660.6699999999983,62.319782608695704,45.87362068965514,1.9811538461538407,1.0774391412689301,103.76,-86.24,50000.0,50206.04,50750.22,0.4120800000000017,95.01000000000204,912.0699999999997,1.7971744753027665,1,11,12,0,4224,104,2008,2.462121212121212
2026-01-25 19:04:44.834572,0.6574569333333333,104,46,58,44.230769230769226,206.03999999999942,2866.7100000000023,2660.6699999999983,62.319782608695704,45.87362068965514,1.9811538461538407,1.0774391412689301,103.76,-86.24,50000.0,50206.04,50750.22,0.4120800000000017,95.01000000000204,912.0699999999997,1.7971744753027665,1,11,12,0,4226,104,2009,2.4609559867486985
2026-01-25 19:04:44.851186,0.65773385,104,46,58,44.230769230769226,206.03999999999942,2866.7100000000023,2660.6699999999983,62.319782608695704,45.87362068965514,1.9811538461538407,1.0774391412689301,103.76,-86.24,50000.0,50206.04,50750.22,0.4120800000000017,95.01000000000204,912.0699999999997,1.7971744753027665,1,11,12,0,4228,104,2010,2.459791863765374
2026-01-25 19:04:44.867869,0.6580118833333334,104,46,58,44.230769230769226,206.03999999999942,2866.7100000000023,2660.6699999999983,62.319782608695704,45.87362068965514,1.9811538461538407,1.0774391412689301,103.76,-86.24,50000.0,50206.04,50750.22,0.4120800000000017,95.01000000000204,912.0699999999997,1.7971744753027665,1,11,12,0,4230,104,2011,2.458628841607565
2026-01-25 19:04:44.884108,0.6582825333333333,104,46,58,44.230769230769226,206.03999999999942,2866.7100000000023,2660.6699999999983,62.319782608695704,45.87362068965514,1.9811538461538407,1.0774391412689301,103.76,-86.24,50000.0,50206.04,50750.22,0.4120800000000017,95.01000000000204,912.0699999999997,1.7971744753027665,1,11,12,0,4232,104,2012,2.4574669187145557
2026-01-25 19:04:44.900493,0.6585556166666666,104,46,58,44.230769230769226,206.03999999999942,2866.7100000000023,2660.6699999999983,62.319782608695704,45.87362068965514,1.9811538461538407,1.0774391412689301,103.76,-86.24,50000.0,50206.04,50750.22,0.4120800000000017,95.01000000000204,912.0699999999997,1.7971744753027665,1,11,12,0,4234,104,2013,2.456306093528578
2026-01-25 19:04:44.917090,0.6588322333333333,104,46,58,44.230769230769226,206.03999999999942,2866.7100000000023,2660.6699999999983,62.319782608695704,45.87362068965514,1.9811538461538407,1.0774391412689301,103.76,-86.24,50000.0,50206.04,50750.22,0.4120800000000017,95.01000000000204,912.0699999999997,1.7971744753027665,1,11,12,0,4236,104,2014,2.4551463644948064
2026-01-25 19:04:44.933842,0.6591114499999999,104,46,58,44.230769230769226,206.03999999999942,2866.7100000000023,2660.6699999999983,62.319782608695704,45.87362068965514,1.9811538461538407,1.0774391412689301,103.76,-86.24,50000.0,50206.04,50750.22,0.4120800000000017,95.01000000000204,912.0699999999997,1.7971744753027665,1,11,12,0,4238,104,2015,2.4539877300613497
2026-01-25 19:04:44.950934,0.6593962999999999,104,46,58,44.230769230769226,206.03999999999942,2866.7100000000023,2660.6699999999983,62.319782608695704,45.87362068965514,1.9811538461538407,1.0774391412689301,103.76,-86.24,50000.0,50206.04,50750.22,0.4120800000000017,95.01000000000204,912.0699999999997,1.7971744753027665,1,11,12,0,4240,104,2016,2.4528301886792456
2026-01-25 19:04:44.967719,0.65967605,104,46,58,44.230769230769226,206.03999999999942,2866.7100000000023,2660.6699999999983,62.319782608695704,45.87362068965514,1.9811538461538407,1.0774391412689301,103.76,-86.24,50000.0,50206.04,50750.22,0.4120800000000017,95.01000000000204,912.0699999999997,1.7971744753027665,1,11,12,0,4242,104,2017,2.4516737388024517
2026-01-25 19:04:44.984307,0.6599525166666667,104,46,58,44.230769230769226,206.03999999999942,2866.7100000000023,2660.6699999999983,62.319782608695704,45.87362068965514,1.9811538461538407,1.0774391412689301,103.76,-86.24,50000.0,50206.04,50750.22,0.4120800000000017,95.01000000000204,912.0699999999997,1.7971744753027665,1,11,12,0,4244,104,2018,2.4505183788878417
2026-01-25 19:04:45.000779,0.6602270499999999,104,46,58,44.230769230769226,206.03999999999942,2866.7100000000023,2660.6699999999983,62.319782608695704,45.87362068965514,1.9811538461538407,1.0774391412689301,103.76,-86.24,50000.0,50206.04,50750.22,0.4120800000000017,95.01000000000204,912.0699999999997,1.7971744753027665,1,11,12,0,4246,104,2019,2.4493641073951955
2026-01-25 19:04:45.017351,0.66050325,104,46,58,44.230769230769226,206.03999999999942,2866.7100000000023,2660.6699999999983,62.319782608695704,45.87362068965514,1.9811538461538407,1.0774391412689301,103.76,-86.24,50000.0,50206.04,50750.22,0.4120800000000017,95.01000000000204,912.0699999999997,1.7971744753027665,1,11,12,0,4248,104,2020,2.4482109227871938
2026-01-25 19:04:45.034038,0.6607813666666666,104,46,58,44.230769230769226,206.03999999999942,2866.7100000000023,2660.6699999999983,62.319782608695704,45.87362068965514,1.9811538461538407,1.0774391412689301,103.76,-86.24,50000.0,50206.04,50750.22,0.4120800000000017,95.01000000000204,912.0699999999997,1.7971744753027665,1,11,12,0,4250,104,2021,2.447058823529412
2026-01-25 19:04:45.050715,0.6610593166666666,104,46,58,44.230769230769226,206.03999999999942,2866.7100000000023,2660.6699999999983,62.319782608695704,45.87362068965514,1.9811538461538407,1.0774391412689301,103.76,-86.24,50000.0,50206.04,50750.22,0.4120800000000017,95.01000000000204,912.0699999999997,1.7971744753027665,1,11,12,0,4252,104,2022,2.4459078080903107
2026-01-25 19:04:45.067324,0.6613361333333334,104,46,58,44.230769230769226,206.03999999999942,2866.7100000000023,2660.6699999999983,62.319782608695704,45.87362068965514,1.9811538461538407,1.0774391412689301,103.76,-86.24,50000.0,50206.04,50750.22,0.4120800000000017,95.01000000000204,912.0699999999997,1.7971744753027665,1,11,12,0,4254,104,2023,2.444757874941232
2026-01-25 19:04:45.083529,0.6616062333333333,104,46,58,44.230769230769226,206.03999999999942,2866.7100000000023,2660.6699999999983,62.319782608695704,45.87362068965514,1.9811538461538407,1.0774391412689301,103.76,-86.24,50000.0,50206.04,50750.22,0.4120800000000017,95.01000000000204,912.0699999999997,1.7971744753027665,1,11,12,0,4256,104,2024,2.443609022556391
2026-01-25 19:04:45.099695,0.6618756666666666,104,46,58,44.230769230769226,206.03999999999942,2866.7100000000023,2660.6699999999983,62.319782608695704,45.87362068965514,1.9811538461538407,1.0774391412689301,103.76,-86.24,50000.0,50206.04,50750.22,0.4120800000000017,95.01000000000204,912.0699999999997,1.7971744753027665,1,11,12,0,4258,104,2025,2.4424612494128697
2026-01-25 19:04:45.116647,0.6621582,104,46,58,44.230769230769226,206.03999999999942,2866.7100000000023,2660.6699999999983,62.319782608695704,45.87362068965514,1.9811538461538407,1.0774391412689301,103.76,-86.24,50000.0,50206.04,50750.22,0.4120800000000017,95.01000000000204,912.0699999999997,1.7971744753027665,1,11,12,0,4260,104,2026,2.4413145539906105
2026-01-25 19:04:45.133364,0.6624368,104,46,58,44.230769230769226,206.03999999999942,2866.7100000000023,2660.6699999999983,62.319782608695704,45.87362068965514,1.9811538461538407,1.0774391412689301,103.76,-86.24,50000.0,50206.04,50750.22,0.4120800000000017,95.01000000000204,912.0699999999997,1.7971744753027665,1,11,12,0,4262,104,2027,2.4401689347724074
2026-01-25 19:04:45.150520,0.66272275,104,46,58,44.230769230769226,206.03999999999942,2866.7100000000023,2660.6699999999983,62.319782608695704,45.87362068965514,1.9811538461538407,1.0774391412689301,103.76,-86.24,50000.0,50206.04,50750.22,0.4120800000000017,95.01000000000204,912.0699999999997,1.7971744753027665,1,11,12,0,4264,104,2028,2.4390243902439024
2026-01-25 19:04:45.167441,0.66300475,104,46,58,44.230769230769226,206.03999999999942,2866.7100000000023,2660.6699999999983,62.319782608695704,45.87362068965514,1.9811538461538407,1.0774391412689301,103.76,-86.24,50000.0,50206.04,50750.22,0.4120800000000017,95.01000000000204,912.0699999999997,1.7971744753027665,1,11,12,0,4266,104,2029,2.437880918893577
2026-01-25 19:04:45.183935,0.66327965,104,46,58,44.230769230769226,206.03999999999942,2866.7100000000023,2660.6699999999983,62.319782608695704,45.87362068965514,1.9811538461538407,1.0774391412689301,103.76,-86.24,50000.0,50206.04,50750.22,0.4120800000000017,95.01000000000204,912.0699999999997,1.7971744753027665,1,11,12,0,4268,104,2030,2.436738519212746
2026-01-25 19:04:45.200415,0.6635543166666668,104,46,58,44.230769230769226,206.03999999999942,2866.7100000000023,2660.6699999999983,62.319782608695704,45.87362068965514,1.9811538461538407,1.0774391412689301,103.76,-86.24,50000.0,50206.04,50750.22,0.4120800000000017,95.01000000000204,912.0699999999997,1.7971744753027665,1,11,12,0,4270,104,2031,2.4355971896955504
2026-01-25 19:04:45.217075,0.6638319833333333,104,46,58,44.230769230769226,206.03999999999942,2866.7100000000023,2660.6699999999983,62.319782608695704,45.87362068965514,1.9811538461538407,1.0774391412689301,103.76,-86.24,50000.0,50206.04,50750.22,0.4120800000000017,95.01000000000204,912.0699999999997,1.7971744753027665,1,11,12,0,4272,104,2032,2.4344569288389515
2026-01-25 19:04:45.233469,0.6641052166666667,104,46,58,44.230769230769226,206.03999999999942,2866.7100000000023,2660.6699999999983,62.319782608695704,45.87362068965514,1.9811538461538407,1.0774391412689301,103.76,-86.24,50000.0,50206.04,50750.22,0.4120800000000017,95.01000000000204,912.0699999999997,1.7971744753027665,1,11,12,0,4274,104,2033,2.4333177351427238
2026-01-25 19:04:45.249585,0.6643738166666666,104,46,58,44.230769230769226,206.03999999999942,2866.7100000000023,2660.6699999999983,62.319782608695704,45.87362068965514,1.9811538461538407,1.0774391412689301,103.76,-86.24,50000.0,50206.04,50750.22,0.4120800000000017,95.01000000000204,912.0699999999997,1.7971744753027665,1,11,12,0,4276,104,2034,2.432179607109448
2026-01-25 19:04:45.267706,0.6646758333333334,104,46,58,44.230769230769226,206.03999999999942,2866.7100000000023,2660.6699999999983,62.319782608695704,45.87362068965514,1.9811538461538407,1.0774391412689301,103.76,-86.24,50000.0,50206.04,50750.22,0.4120800000000017,95.01000000000204,912.0699999999997,1.7971744753027665,1,11,12,0,4278,104,2035,2.431042543244507
2026-01-25 19:04:45.284181,0.6649504333333333,104,46,58,44.230769230769226,206.03999999999942,2866.7100000000023,2660.6699999999983,62.319782608695704,45.87362068965514,1.9811538461538407,1.0774391412689301,103.76,-86.24,50000.0,50206.04,50750.22,0.4120800000000017,95.01000000000204,912.0699999999997,1.7971744753027665,1,11,12,0,4280,104,2036,2.4299065420560746
2026-01-25 19:04:45.300695,0.66522565,104,46,58,44.230769230769226,206.03999999999942,2866.7100000000023,2660.6699999999983,62.319782608695704,45.87362068965514,1.9811538461538407,1.0774391412689301,103.76,-86.24,50000.0,50206.04,50750.22,0.4120800000000017,95.01000000000204,912.0699999999997,1.7971744753027665,1,11,12,0,4282,104,2037,2.4287716020551144
2026-01-25 19:04:45.317239,0.6655013833333334,104,46,58,44.230769230769226,206.03999999999942,2866.7100000000023,2660.6699999999983,62.319782608695704,45.87362068965514,1.9811538461538407,1.0774391412689301,103.76,-86.24,50000.0,50206.04,50750.22,0.4120800000000017,95.01000000000204,912.0699999999997,1.7971744753027665,1,11,12,0,4284,104,2038,2.427637721755369
2026-01-25 19:04:45.333723,0.6657761166666667,104,46,58,44.230769230769226,206.03999999999942,2866.7100000000023,2660.6699999999983,62.319782608695704,45.87362068965514,1.9811538461538407,1.0774391412689301,103.76,-86.24,50000.0,50206.04,50750.22,0.4120800000000017,95.01000000000204,912.0699999999997,1.7971744753027665,1,11,12,0,4286,104,2039,2.426504899673355
2026-01-25 19:04:45.350382,0.6660537833333334,104,46,58,44.230769230769226,206.03999999999942,2866.7100000000023,2660.6699999999983,62.319782608695704,45.87362068965514,1.9811538461538407,1.0774391412689301,103.76,-86.24,50000.0,50206.04,50750.22,0.4120800000000017,95.01000000000204,912.0699999999997,1.7971744753027665,1,11,12,0,4288,104,2040,2.425373134328358
2026-01-25 19:04:45.366712,0.6663259333333333,104,46,58,44.230769230769226,206.03999999999942,2866.7100000000023,2660.6699999999983,62.319782608695704,45.87362068965514,1.9811538461538407,1.0774391412689301,103.76,-86.24,50000.0,50206.04,50750.22,0.4120800000000017,95.01000000000204,912.0699999999997,1.7971744753027665,1,11,12,0,4290,104,2041,2.4242424242424243
2026-01-25 19:04:45.383731,0.6666095833333333,104,46,58,44.230769230769226,206.03999999999942,2866.7100000000023,2660.6699999999983,62.319782608695704,45.87362068965514,1.9811538461538407,1.0774391412689301,103.76,-86.24,50000.0,50206.04,50750.22,0.4120800000000017,95.01000000000204,912.0699999999997,1.7971744753027665,1,11,12,0,4292,104,2042,2.423112767940354
2026-01-25 19:04:45.400254,0.6668849833333332,104,46,58,44.230769230769226,206.03999999999942,2866.7100000000023,2660.6699999999983,62.319782608695704,45.87362068965514,1.9811538461538407,1.0774391412689301,103.76,-86.24,50000.0,50206.04,50750.22,0.4120800000000017,95.01000000000204,912.0699999999997,1.7971744753027665,1,11,12,0,4294,104,2043,2.421984163949697
2026-01-25 19:04:45.416464,0.6671551333333333,104,46,58,44.230769230769226,206.03999999999942,2866.7100000000023,2660.6699999999983,62.319782608695704,45.87362068965514,1.9811538461538407,1.0774391412689301,103.76,-86.24,50000.0,50206.04,50750.22,0.4120800000000017,95.01000000000204,912.0699999999997,1.7971744753027665,1,11,12,0,4296,104,2044,2.4208566108007448
2026-01-25 19:04:45.432837,0.6674280166666667,104,46,58,44.230769230769226,206.03999999999942,2866.7100000000023,2660.6699999999983,62.319782608695704,45.87362068965514,1.9811538461538407,1.0774391412689301,103.76,-86.24,50000.0,50206.04,50750.22,0.4120800000000017,95.01000000000204,912.0699999999997,1.7971744753027665,1,11,12,0,4298,104,2045,2.419730107026524
2026-01-25 19:04:45.448979,0.6676970499999999,104,46,58,44.230769230769226,206.03999999999942,2866.7100000000023,2660.6699999999983,62.319782608695704,45.87362068965514,1.9811538461538407,1.0774391412689301,103.76,-86.24,50000.0,50206.04,50750.22,0.4120800000000017,95.01000000000204,912.0699999999997,1.7971744753027665,1,11,12,0,4300,104,2046,2.4186046511627906
2026-01-25 19:04:45.465323,0.66796945,104,46,58,44.230769230769226,206.03999999999942,2866.7100000000023,2660.6699999999983,62.319782608695704,45.87362068965514,1.9811538461538407,1.0774391412689301,103.76,-86.24,50000.0,50206.04,50750.22,0.4120800000000017,95.01000000000204,912.0699999999997,1.7971744753027665,1,11,12,0,4302,104,2047,2.417480241748024
2026-01-25 19:04:45.481688,0.6682422,104,46,58,44.230769230769226,206.03999999999942,2866.7100000000023,2660.6699999999983,62.319782608695704,45.87362068965514,1.9811538461538407,1.0774391412689301,103.76,-86.24,50000.0,50206.04,50750.22,0.4120800000000017,95.01000000000204,912.0699999999997,1.7971744753027665,1,11,12,0,4304,104,2048,2.41635687732342
2026-01-25 19:04:45.498050,0.6685149,104,46,58,44.230769230769226,206.03999999999942,2866.7100000000023,2660.6699999999983,62.319782608695704,45.87362068965514,1.9811538461538407,1.0774391412689301,103.76,-86.24,50000.0,50206.04,50750.22,0.4120800000000017,95.01000000000204,912.0699999999997,1.7971744753027665,1,11,12,0,4306,104,2049,2.415234556432884
2026-01-25 19:04:45.514346,0.6687865,104,46,58,44.230769230769226,206.03999999999942,2866.7100000000023,2660.6699999999983,62.319782608695704,45.87362068965514,1.9811538461538407,1.0774391412689301,103.76,-86.24,50000.0,50206.04,50750.22,0.4120800000000017,95.01000000000204,912.0699999999997,1.7971744753027665,1,11,12,0,4308,104,2050,2.414113277623027
2026-01-25 19:04:45.530449,0.6690548833333333,104,46,58,44.230769230769226,206.03999999999942,2866.7100000000023,2660.6699999999983,62.319782608695704,45.87362068965514,1.9811538461538407,1.0774391412689301,103.76,-86.24,50000.0,50206.04,50750.22,0.4120800000000017,95.01000000000204,912.0699999999997,1.7971744753027665,1,11,12,0,4310,104,2051,2.4129930394431556
2026-01-25 19:04:45.546661,0.6693251,104,46,58,44.230769230769226,206.03999999999942,2866.7100000000023,2660.6699999999983,62.319782608695704,45.87362068965514,1.9811538461538407,1.0774391412689301,103.76,-86.24,50000.0,50206.04,50750.22,0.4120800000000017,95.01000000000204,912.0699999999997,1.7971744753027665,1,11,12,0,4312,104,2052,2.411873840445269
2026-01-25 19:04:45.563348,0.6696032,104,46,58,44.230769230769226,206.03999999999942,2866.7100000000023,2660.6699999999983,62.319782608695704,45.87362068965514,1.9811538461538407,1.0774391412689301,103.76,-86.24,50000.0,50206.04,50750.22,0.4120800000000017,95.01000000000204,912.0699999999997,1.7971744753027665,1,11,12,0,4314,104,2053,2.410755679184052
2026-01-25 19:04:45.579336,0.6698696833333333,104,46,58,44.230769230769226,206.03999999999942,2866.7100000000023,2660.6699999999983,62.319782608695704,45.87362068965514,1.9811538461538407,1.0774391412689301,103.76,-86.24,50000.0,50206.04,50750.22,0.4120800000000017,95.01000000000204,912.0699999999997,1.7971744753027665,1,11,12,0,4316,104,2054,2.4096385542168677
2026-01-25 19:04:45.595816,0.6701443333333333,104,46,58,44.230769230769226,206.03999999999942,2866.7100000000023,2660.6699999999983,62.319782608695704,45.87362068965514,1.9811538461538407,1.0774391412689301,103.76,-86.24,50000.0,50206.04,50750.22,0.4120800000000017,95.01000000000204,912.0699999999997,1.7971744753027665,1,11,12,0,4318,104,2055,2.4085224641037515
2026-01-25 19:04:45.612537,0.6704230166666666,104,46,58,44.230769230769226,206.03999999999942,2866.7100000000023,2660.6699999999983,62.319782608695704,45.87362068965514,1.9811538461538407,1.0774391412689301,103.76,-86.24,50000.0,50206.04,50750.22,0.4120800000000017,95.01000000000204,912.0699999999997,1.7971744753027665,1,11,12,0,4320,104,2056,2.4074074074074074
2026-01-25 19:04:45.628734,0.6706929666666667,104,46,58,44.230769230769226,206.03999999999942,2866.7100000000023,2660.6699999999983,62.319782608695704,45.87362068965514,1.9811538461538407,1.0774391412689301,103.76,-86.24,50000.0,50206.04,50750.22,0.4120800000000017,95.01000000000204,912.0699999999997,1.7971744753027665,1,11,12,0,4322,104,2057,2.406293382693198
2026-01-25 19:04:45.645256,0.6709683333333333,104,46,58,44.230769230769226,206.03999999999942,2866.7100000000023,2660.6699999999983,62.319782608695704,45.87362068965514,1.9811538461538407,1.0774391412689301,103.76,-86.24,50000.0,50206.04,50750.22,0.4120800000000017,95.01000000000204,912.0699999999997,1.7971744753027665,1,11,12,0,4324,104,2058,2.4051803885291396
2026-01-25 19:04:45.661616,0.671241,104,46,58,44.230769230769226,206.03999999999942,2866.7100000000023,2660.6699999999983,62.319782608695704,45.87362068965514,1.9811538461538407,1.0774391412689301,103.76,-86.24,50000.0,50206.04,50750.22,0.4120800000000017,95.01000000000204,912.0699999999997,1.7971744753027665,1,11,12,0,4326,104,2059,2.4040684234858993
2026-01-25 19:04:45.677799,0.6715107166666667,104,46,58,44.230769230769226,206.03999999999942,2866.7100000000023,2660.6699999999983,62.319782608695704,45.87362068965514,1.9811538461538407,1.0774391412689301,103.76,-86.24,50000.0,50206.04,50750.22,0.4120800000000017,95.01000000000204,912.0699999999997,1.7971744753027665,1,11,12,0,4328,104,2060,2.4029574861367835
2026-01-25 19:04:45.694159,0.6717833833333333,104,46,58,44.230769230769226,206.03999999999942,2866.7100000000023,2660.6699999999983,62.319782608695704,45.87362068965514,1.9811538461538407,1.0774391412689301,103.76,-86.24,50000.0,50206.04,50750.22,0.4120800000000017,95.01000000000204,912.0699999999997,1.7971744753027665,1,11,12,0,4330,104,2061,2.401847575057737
2026-01-25 19:04:45.710369,0.67205355,104,46,58,44.230769230769226,206.03999999999942,2866.7100000000023,2660.6699999999983,62.319782608695704,45.87362068965514,1.9811538461538407,1.0774391412689301,103.76,-86.24,50000.0,50206.04,50750.22,0.4120800000000017,95.01000000000204,912.0699999999997,1.7971744753027665,1,11,12,0,4332,104,2062,2.4007386888273317
2026-01-25 19:04:45.726803,0.6723274666666667,104,46,58,44.230769230769226,206.03999999999942,2866.7100000000023,2660.6699999999983,62.319782608695704,45.87362068965514,1.9811538461538407,1.0774391412689301,103.76,-86.24,50000.0,50206.04,50750.22,0.4120800000000017,95.01000000000204,912.0699999999997,1.7971744753027665,1,11,12,0,4334,104,2063,2.3996308260267654
2026-01-25 19:04:45.743424,0.6726044833333333,104,46,58,44.230769230769226,206.03999999999942,2866.7100000000023,2660.6699999999983,62.319782608695704,45.87362068965514,1.9811538461538407,1.0774391412689301,103.76,-86.24,50000.0,50206.04,50750.22,0.4120800000000017,95.01000000000204,912.0699999999997,1.7971744753027665,1,11,12,0,4336,104,2064,2.3985239852398523
2026-01-25 19:04:45.759874,0.6728786333333333,104,46,58,44.230769230769226,206.03999999999942,2866.7100000000023,2660.6699999999983,62.319782608695704,45.87362068965514,1.9811538461538407,1.0774391412689301,103.76,-86.24,50000.0,50206.04,50750.22,0.4120800000000017,95.01000000000204,912.0699999999997,1.7971744753027665,1,11,12,0,4338,104,2065,2.39741816505302
2026-01-25 19:04:45.776411,0.67315425,104,46,58,44.230769230769226,206.03999999999942,2866.7100000000023,2660.6699999999983,62.319782608695704,45.87362068965514,1.9811538461538407,1.0774391412689301,103.76,-86.24,50000.0,50206.04,50750.22,0.4120800000000017,95.01000000000204,912.0699999999997,1.7971744753027665,1,11,12,0,4340,104,2066,2.3963133640553
2026-01-25 19:04:45.793032,0.67343125,104,46,58,44.230769230769226,206.03999999999942,2866.7100000000023,2660.6699999999983,62.319782608695704,45.87362068965514,1.9811538461538407,1.0774391412689301,103.76,-86.24,50000.0,50206.04,50750.22,0.4120800000000017,95.01000000000204,912.0699999999997,1.7971744753027665,1,11,12,0,4342,104,2067,2.3952095808383236
2026-01-25 19:04:45.809390,0.6737039,104,46,58,44.230769230769226,206.03999999999942,2866.7100000000023,2660.6699999999983,62.319782608695704,45.87362068965514,1.9811538461538407,1.0774391412689301,103.76,-86.24,50000.0,50206.04,50750.22,0.4120800000000017,95.01000000000204,912.0699999999997,1.7971744753027665,1,11,12,0,4344,104,2068,2.394106813996317
2026-01-25 19:04:45.825782,0.6739771,104,46,58,44.230769230769226,206.03999999999942,2866.7100000000023,2660.6699999999983,62.319782608695704,45.87362068965514,1.9811538461538407,1.0774391412689301,103.76,-86.24,50000.0,50206.04,50750.22,0.4120800000000017,95.01000000000204,912.0699999999997,1.7971744753027665,1,11,12,0,4346,104,2069,2.3930050621260928
2026-01-25 19:04:45.842474,0.6742553,104,46,58,44.230769230769226,206.03999999999942,2866.7100000000023,2660.6699999999983,62.319782608695704,45.87362068965514,1.9811538461538407,1.0774391412689301,103.76,-86.24,50000.0,50206.04,50750.22,0.4120800000000017,95.01000000000204,912.0699999999997,1.7971744753027665,1,11,12,0,4348,104,2070,2.391904323827047
2026-01-25 19:04:45.859069,0.6745318833333334,104,46,58,44.230769230769226,206.03999999999942,2866.7100000000023,2660.6699999999983,62.319782608695704,45.87362068965514,1.9811538461538407,1.0774391412689301,103.76,-86.24,50000.0,50206.04,50750.22,0.4120800000000017,95.01000000000204,912.0699999999997,1.7971744753027665,1,11,12,0,4350,104,2071,2.3908045977011496
2026-01-25 19:04:45.875912,0.6748126,104,46,58,44.230769230769226,206.03999999999942,2866.7100000000023,2660.6699999999983,62.319782608695704,45.87362068965514,1.9811538461538407,1.0774391412689301,103.76,-86.24,50000.0,50206.04,50750.22,0.4120800000000017,95.01000000000204,912.0699999999997,1.7971744753027665,1,11,12,0,4352,104,2072,2.389705882352941
2026-01-25 19:04:45.892161,0.6750834333333333,104,46,58,44.230769230769226,206.03999999999942,2866.7100000000023,2660.6699999999983,62.319782608695704,45.87362068965514,1.9811538461538407,1.0774391412689301,103.76,-86.24,50000.0,50206.04,50750.22,0.4120800000000017,95.01000000000204,912.0699999999997,1.7971744753027665,1,11,12,0,4354,104,2073,2.388608176389527
2026-01-25 19:04:45.909170,0.6753669,104,46,58,44.230769230769226,206.03999999999942,2866.7100000000023,2660.6699999999983,62.319782608695704,45.87362068965514,1.9811538461538407,1.0774391412689301,103.76,-86.24,50000.0,50206.04,50750.22,0.4120800000000017,95.01000000000204,912.0699999999997,1.7971744753027665,1,11,12,0,4356,104,2074,2.3875114784205693
2026-01-25 19:04:45.925829,0.67564455,104,46,58,44.230769230769226,206.03999999999942,2866.7100000000023,2660.6699999999983,62.319782608695704,45.87362068965514,1.9811538461538407,1.0774391412689301,103.76,-86.24,50000.0,50206.04,50750.22,0.4120800000000017,0.0,912.0699999999997,1.7971744753027665,1,11,12,0,4358,104,2075,2.3864157870582834
2026-01-25 19:04:45.942643,0.6759247833333333,104,46,58,44.230769230769226,206.03999999999942,2866.7100000000023,2660.6699999999983,62.319782608695704,45.87362068965514,1.9811538461538407,1.0774391412689301,103.76,-86.24,50000.0,50206.04,50750.22,0.4120800000000017,0.0,912.0699999999997,1.7971744753027665,1,11,12,0,4360,104,2076,2.385321100917431
2026-01-25 19:04:45.959603,0.6762074499999999,104,46,58,44.230769230769226,206.03999999999942,2866.7100000000023,2660.6699999999983,62.319782608695704,45.87362068965514,1.9811538461538407,1.0774391412689301,103.76,-86.24,50000.0,50206.04,50750.22,0.4120800000000017,0.0,912.0699999999997,1.7971744753027665,1,11,12,0,4362,104,2077,2.384227418615314
2026-01-25 19:04:45.976347,0.6764865166666667,104,46,58,44.230769230769226,206.03999999999942,2866.7100000000023,2660.6699999999983,62.319782608695704,45.87362068965514,1.9811538461538407,1.0774391412689301,103.76,-86.24,50000.0,50206.04,50750.22,0.4120800000000017,0.0,912.0699999999997,1.7971744753027665,1,11,12,0,4364,104,2078,2.383134738771769
2026-01-25 19:04:45.993050,0.6767648833333334,104,46,58,44.230769230769226,206.03999999999942,2866.7100000000023,2660.6699999999983,62.319782608695704,45.87362068965514,1.9811538461538407,1.0774391412689301,103.76,-86.24,50000.0,50206.04,50750.22,0.4120800000000017,0.0,912.0699999999997,1.7971744753027665,1,11,12,0,4366,104,2079,2.3820430600091616
2026-01-25 19:04:46.010163,0.6770501333333333,104,46,58,44.230769230769226,206.03999999999942,2866.7100000000023,2660.6699999999983,62.319782608695704,45.87362068965514,1.9811538461538407,1.0774391412689301,103.76,-86.24,50000.0,50206.04,50750.22,0.4120800000000017,0.0,912.0699999999997,1.7971744753027665,1,11,12,0,4368,104,2080,2.380952380952381
2026-01-25 19:04:46.028769,0.6773602333333333,104,46,58,44.230769230769226,206.03999999999942,2866.7100000000023,2660.6699999999983,62.319782608695704,45.87362068965514,1.9811538461538407,1.0774391412689301,103.76,-86.24,50000.0,50206.04,50750.22,0.4120800000000017,0.0,912.0699999999997,1.7971744753027665,1,11,12,0,4370,104,2081,2.379862700228833
2026-01-25 19:04:46.047931,0.6776795833333333,104,46,58,44.230769230769226,206.03999999999942,2866.7100000000023,2660.6699999999983,62.319782608695704,45.87362068965514,1.9811538461538407,1.0774391412689301,103.76,-86.24,50000.0,50206.04,50750.22,0.4120800000000017,0.0,912.0699999999997,1.7971744753027665,1,11,12,0,4372,104,2082,2.3787740164684354
2026-01-25 19:04:46.066783,0.6779937833333334,104,46,58,44.230769230769226,206.03999999999942,2866.7100000000023,2660.6699999999983,62.319782608695704,45.87362068965514,1.9811538461538407,1.0774391412689301,103.76,-86.24,50000.0,50206.04,50750.22,0.4120800000000017,0.0,912.0699999999997,1.7971744753027665,1,11,12,0,4374,104,2083,2.377686328303612
2026-01-25 19:04:46.082797,0.6782606999999999,104,46,58,44.230769230769226,206.03999999999942,2866.7100000000023,2660.6699999999983,62.319782608695704,45.87362068965514,1.9811538461538407,1.0774391412689301,103.76,-86.24,50000.0,50206.04,50750.22,0.4120800000000017,0.0,912.0699999999997,1.7971744753027665,1,11,12,0,4376,104,2084,2.376599634369287
2026-01-25 19:04:46.099706,0.6785425,104,46,58,44.230769230769226,206.03999999999942,2866.7100000000023,2660.6699999999983,62.319782608695704,45.87362068965514,1.9811538461538407,1.0774391412689301,103.76,-86.24,50000.0,50206.04,50750.22,0.4120800000000017,0.0,912.0699999999997,1.7971744753027665,1,11,12,0,4378,104,2085,2.375513933302878
2026-01-25 19:04:46.116714,0.6788259833333333,104,46,58,44.230769230769226,206.03999999999942,2866.7100000000023,2660.6699999999983,62.319782608695704,45.87362068965514,1.9811538461538407,1.0774391412689301,103.76,-86.24,50000.0,50206.04,50750.22,0.4120800000000017,0.0,912.0699999999997,1.7971744753027665,1,11,12,0,4380,104,2086,2.374429223744292
2026-01-25 19:04:46.133052,0.6790982833333333,104,46,58,44.230769230769226,206.03999999999942,2866.7100000000023,2660.6699999999983,62.319782608695704,45.87362068965514,1.9811538461538407,1.0774391412689301,103.76,-86.24,50000.0,50206.04,50750.22,0.4120800000000017,0.0,912.0699999999997,1.7971744753027665,1,11,12,0,4382,104,2087,2.3733455043359197
2026-01-25 19:04:46.149853,0.6793782833333334,104,46,58,44.230769230769226,206.03999999999942,2866.7100000000023,2660.6699999999983,62.319782608695704,45.87362068965514,1.9811538461538407,1.0774391412689301,103.76,-86.24,50000.0,50206.04,50750.22,0.4120800000000017,0.0,912.0699999999997,1.7971744753027665,1,11,12,0,4384,104,2088,2.3722627737226274
2026-01-25 19:04:46.166485,0.6796554833333333,104,46,58,44.230769230769226,206.03999999999942,2866.7100000000023,2660.6699999999983,62.319782608695704,45.87362068965514,1.9811538461538407,1.0774391412689301,103.76,-86.24,50000.0,50206.04,50750.22,0.4120800000000017,0.0,912.0699999999997,1.7971744753027665,1,11,12,0,4386,104,2089,2.3711810305517558
2026-01-25 19:04:46.183329,0.6799362333333333,104,46,58,44.230769230769226,206.03999999999942,2866.7100000000023,2660.6699999999983,62.319782608695704,45.87362068965514,1.9811538461538407,1.0774391412689301,103.76,-86.24,50000.0,50206.04,50750.22,0.4120800000000017,0.0,912.0699999999997,1.7971744753027665,1,11,12,0,4388,104,2090,2.3701002734731085
2026-01-25 19:04:46.199965,0.6802134833333333,104,46,58,44.230769230769226,206.03999999999942,2866.7100000000023,2660.6699999999983,62.319782608695704,45.87362068965514,1.9811538461538407,1.0774391412689301,103.76,-86.24,50000.0,50206.04,50750.22,0.4120800000000017,0.0,912.0699999999997,1.7971744753027665,1,11,12,0,4390,104,2091,2.369020501138952
2026-01-25 19:04:46.216067,0.6804818499999999,104,46,58,44.230769230769226,206.03999999999942,2866.7100000000023,2660.6699999999983,62.319782608695704,45.87362068965514,1.9811538461538407,1.0774391412689301,103.76,-86.24,50000.0,50206.04,50750.22,0.4120800000000017,0.0,912.0699999999997,1.7971744753027665,1,11,12,0,4392,104,2092,2.3679417122040074
2026-01-25 19:04:46.232595,0.6807573166666666,104,46,58,44.230769230769226,206.03999999999942,2866.7100000000023,2660.6699999999983,62.319782608695704,45.87362068965514,1.9811538461538407,1.0774391412689301,103.76,-86.24,50000.0,50206.04,50750.22,0.4120800000000017,0.0,912.0699999999997,1.7971744753027665,1,11,12,0,4394,104,2093,2.366863905325444
2026-01-25 19:04:46.248558,0.6810233666666666,104,46,58,44.230769230769226,206.03999999999942,2866.7100000000023,2660.6699999999983,62.319782608695704,45.87362068965514,1.9811538461538407,1.0774391412689301,103.76,-86.24,50000.0,50206.04,50750.22,0.4120800000000017,0.0,912.0699999999997,1.7971744753027665,1,11,12,0,4396,104,2094,2.3657870791628755
2026-01-25 19:04:46.265204,0.6813008,104,46,58,44.230769230769226,206.03999999999942,2866.7100000000023,2660.6699999999983,62.319782608695704,45.87362068965514,1.9811538461538407,1.0774391412689301,103.76,-86.24,50000.0,50206.04,50750.22,0.4120800000000017,0.0,912.0699999999997,1.7971744753027665,1,11,12,0,4398,104,2095,2.364711232378354
2026-01-25 19:04:46.281386,0.6815705,104,46,58,44.230769230769226,206.03999999999942,2866.7100000000023,2660.6699999999983,62.319782608695704,45.87362068965514,1.9811538461538407,1.0774391412689301,103.76,-86.24,50000.0,50206.04,50750.22,0.4120800000000017,0.0,912.0699999999997,1.7971744753027665,1,11,12,0,4400,104,2096,2.3636363636363638
2026-01-25 19:04:46.297828,0.68184455,104,46,58,44.230769230769226,206.03999999999942,2866.7100000000023,2660.6699999999983,62.319782608695704,45.87362068965514,1.9811538461538407,1.0774391412689301,103.76,-86.24,50000.0,50206.04,50750.22,0.4120800000000017,0.0,912.0699999999997,1.7971744753027665,1,11,12,0,4402,104,2097,2.3625624716038165
2026-01-25 19:04:46.314429,0.6821212166666667,104,46,58,44.230769230769226,206.03999999999942,2866.7100000000023,2660.6699999999983,62.319782608695704,45.87362068965514,1.9811538461538407,1.0774391412689301,103.76,-86.24,50000.0,50206.04,50750.22,0.4120800000000017,0.0,912.0699999999997,1.7971744753027665,1,11,12,0,4404,104,2098,2.361489554950045
2026-01-25 19:04:46.330381,0.6823870833333333,104,46,58,44.230769230769226,206.03999999999942,2866.7100000000023,2660.6699999999983,62.319782608695704,45.87362068965514,1.9811538461538407,1.0774391412689301,103.76,-86.24,50000.0,50206.04,50750.22,0.4120800000000017,0.0,912.0699999999997,1.7971744753027665,1,11,12,0,4406,104,2099,2.3604176123468
2026-01-25 19:04:46.346910,0.6826625666666666,104,46,58,44.230769230769226,206.03999999999942,2866.7100000000023,2660.6699999999983,62.319782608695704,45.87362068965514,1.9811538461538407,1.0774391412689301,103.76,-86.24,50000.0,50206.04,50750.22,0.4120800000000017,0.0,912.0699999999997,1.7971744753027665,1,11,12,0,4408,104,2100,2.35934664246824
2026-01-25 19:04:46.363291,0.6829355833333334,104,46,58,44.230769230769226,206.03999999999942,2866.7100000000023,2660.6699999999983,62.319782608695704,45.87362068965514,1.9811538461538407,1.0774391412689301,103.76,-86.24,50000.0,50206.04,50750.22,0.4120800000000017,0.0,912.0699999999997,1.7971744753027665,1,11,12,0,4410,104,2101,2.35827664399093
2026-01-25 19:04:46.379173,0.6832002833333333,104,46,58,44.230769230769226,206.03999999999942,2866.7100000000023,2660.6699999999983,62.319782608695704,45.87362068965514,1.9811538461538407,1.0774391412689301,103.76,-86.24,50000.0,50206.04,50750.22,0.4120800000000017,0.0,912.0699999999997,1.7971744753027665,1,11,12,0,4412,104,2102,2.357207615593835
2026-01-25 19:04:46.395692,0.6834756,104,46,58,44.230769230769226,206.03999999999942,2866.7100000000023,2660.6699999999983,62.319782608695704,45.87362068965514,1.9811538461538407,1.0774391412689301,103.76,-86.24,50000.0,50206.04,50750.22,0.4120800000000017,0.0,912.0699999999997,1.7971744753027665,1,11,12,0,4414,104,2103,2.3561395559583147
2026-01-25 19:04:46.412121,0.6837494166666667,104,46,58,44.230769230769226,206.03999999999942,2866.7100000000023,2660.6699999999983,62.319782608695704,45.87362068965514,1.9811538461538407,1.0774391412689301,103.76,-86.24,50000.0,50206.04,50750.22,0.4120800000000017,0.0,912.0699999999997,1.7971744753027665,1,11,12,0,4416,104,2104,2.355072463768116
2026-01-25 19:04:46.428444,0.6840214833333333,104,46,58,44.230769230769226,206.03999999999942,2866.7100000000023,2660.6699999999983,62.319782608695704,45.87362068965514,1.9811538461538407,1.0774391412689301,103.76,-86.24,50000.0,50206.04,50750.22,0.4120800000000017,0.0,912.0699999999997,1.7971744753027665,1,11,12,0,4418,104,2105,2.3540063377093707
2026-01-25 19:04:46.444950,0.6842965666666667,104,46,58,44.230769230769226,206.03999999999942,2866.7100000000023,2660.6699999999983,62.319782608695704,45.87362068965514,1.9811538461538407,1.0774391412689301,103.76,-86.24,50000.0,50206.04,50750.22,0.4120800000000017,0.0,912.0699999999997,1.7971744753027665,1,11,12,0,4420,104,2106,2.3529411764705883
2026-01-25 19:04:46.461583,0.6845737833333333,104,46,58,44.230769230769226,206.03999999999942,2866.7100000000023,2660.6699999999983,62.319782608695704,45.87362068965514,1.9811538461538407,1.0774391412689301,103.76,-86.24,50000.0,50206.04,50750.22,0.4120800000000017,0.0,912.0699999999997,1.7971744753027665,1,11,12,0,4422,104,2107,2.3518769787426503
2026-01-25 19:04:46.478049,0.6848482166666667,104,46,58,44.230769230769226,206.03999999999942,2866.7100000000023,2660.6699999999983,62.319782608695704,45.87362068965514,1.9811538461538407,1.0774391412689301,103.76,-86.24,50000.0,50206.04,50750.22,0.4120800000000017,0.0,912.0699999999997,1.7971744753027665,1,11,12,0,4424,104,2108,2.3508137432188065
2026-01-25 19:04:46.495801,0.6851440833333334,104,46,58,44.230769230769226,206.03999999999942,2866.7100000000023,2660.6699999999983,62.319782608695704,45.87362068965514,1.9811538461538407,1.0774391412689301,103.76,-86.24,50000.0,50206.04,50750.22,0.4120800000000017,0.0,912.0699999999997,1.7971744753027665,1,11,12,0,4426,104,2109,2.349751468594668
2026-01-25 19:04:46.514147,0.6854498666666667,104,46,58,44.230769230769226,206.03999999999942,2866.7100000000023,2660.6699999999983,62.319782608695704,45.87362068965514,1.9811538461538407,1.0774391412689301,103.76,-86.24,50000.0,50206.04,50750.22,0.4120800000000017,0.0,912.0699999999997,1.7971744753027665,1,11,12,0,4428,104,2110,2.3486901535682025
2026-01-25 19:04:46.530534,0.68572295,104,46,58,44.230769230769226,206.03999999999942,2866.7100000000023,2660.6699999999983,62.319782608695704,45.87362068965514,1.9811538461538407,1.0774391412689301,103.76,-86.24,50000.0,50206.04,50750.22,0.4120800000000017,0.0,912.0699999999997,1.7971744753027665,1,11,12,0,4430,104,2111,2.347629796839729
2026-01-25 19:04:46.547584,0.6860071166666667,104,46,58,44.230769230769226,206.03999999999942,2866.7100000000023,2660.6699999999983,62.319782608695704,45.87362068965514,1.9811538461538407,1.0774391412689301,103.76,-86.24,50000.0,50206.04,50750.22,0.4120800000000017,0.0,912.0699999999997,1.7971744753027665,1,11,12,0,4432,104,2112,2.3465703971119134
2026-01-25 19:04:46.564065,0.6862818166666667,104,46,58,44.230769230769226,206.03999999999942,2866.7100000000023,2660.6699999999983,62.319782608695704,45.87362068965514,1.9811538461538407,1.0774391412689301,103.76,-86.24,50000.0,50206.04,50750.22,0.4120800000000017,0.0,912.0699999999997,1.7971744753027665,1,11,12,0,4434,104,2113,2.345511953089761
2026-01-25 19:04:46.580346,0.6865531666666667,104,46,58,44.230769230769226,206.03999999999942,2866.7100000000023,2660.6699999999983,62.319782608695704,45.87362068965514,1.9811538461538407,1.0774391412689301,103.76,-86.24,50000.0,50206.04,50750.22,0.4120800000000017,0.0,912.0699999999997,1.7971744753027665,1,11,12,0,4436,104,2114,2.3444544634806133
2026-01-25 19:04:46.596900,0.6868290666666667,104,46,58,44.230769230769226,206.03999999999942,2866.7100000000023,2660.6699999999983,62.319782608695704,45.87362068965514,1.9811538461538407,1.0774391412689301,103.76,-86.24,50000.0,50206.04,50750.22,0.4120800000000017,0.0,912.0699999999997,1.7971744753027665,1,11,12,0,4438,104,2115,2.3433979269941414
2026-01-25 19:04:46.635931,0.6874795833333334,104,46,58,44.230769230769226,206.03999999999942,2866.7100000000023,2660.6699999999983,62.319782608695704,45.87362068965514,1.9811538461538407,1.0774391412689301,103.76,-86.24,50000.0,50206.04,50750.22,0.4120800000000017,0.0,912.0699999999997,1.7971744753027665,1,11,12,0,4440,104,2116,2.3423423423423424
2026-01-25 19:04:46.652527,0.6877561833333333,104,46,58,44.230769230769226,206.03999999999942,2866.7100000000023,2660.6699999999983,62.319782608695704,45.87362068965514,1.9811538461538407,1.0774391412689301,103.76,-86.24,50000.0,50206.04,50750.22,0.4120800000000017,0.0,912.0699999999997,1.7971744753027665,1,11,12,0,4442,104,2117,2.341287708239532
2026-01-25 19:04:46.669259,0.68803505,104,46,58,44.230769230769226,206.03999999999942,2866.7100000000023,2660.6699999999983,62.319782608695704,45.87362068965514,1.9811538461538407,1.0774391412689301,103.76,-86.24,50000.0,50206.04,50750.22,0.4120800000000017,0.0,912.0699999999997,1.7971744753027665,1,11,12,0,4444,104,2118,2.34023402340234
2026-01-25 19:04:46.685713,0.6883092833333334,104,46,58,44.230769230769226,206.03999999999942,2866.7100000000023,2660.6699999999983,62.319782608695704,45.87362068965514,1.9811538461538407,1.0774391412689301,103.76,-86.24,50000.0,50206.04,50750.22,0.4120800000000017,0.0,912.0699999999997,1.7971744753027665,1,11,12,0,4446,104,2119,2.3391812865497075
2026-01-25 19:04:46.702682,0.6885920999999999,104,46,58,44.230769230769226,206.03999999999942,2866.7100000000023,2660.6699999999983,62.319782608695704,45.87362068965514,1.9811538461538407,1.0774391412689301,103.76,-86.24,50000.0,50206.04,50750.22,0.4120800000000017,0.0,912.0699999999997,1.7971744753027665,1,11,12,0,4448,104,2120,2.338129496402878
2026-01-25 19:04:46.719385,0.6888704833333333,104,46,58,44.230769230769226,206.03999999999942,2866.7100000000023,2660.6699999999983,62.319782608695704,45.87362068965514,1.9811538461538407,1.0774391412689301,103.76,-86.24,50000.0,50206.04,50750.22,0.4120800000000017,0.0,912.0699999999997,1.7971744753027665,1,11,12,0,4450,104,2121,2.337078651685393
2026-01-25 19:04:46.736116,0.6891493333333333,104,46,58,44.230769230769226,206.03999999999942,2866.7100000000023,2660.6699999999983,62.319782608695704,45.87362068965514,1.9811538461538407,1.0774391412689301,103.76,-86.24,50000.0,50206.04,50750.22,0.4120800000000017,0.0,912.0699999999997,1.7971744753027665,1,11,12,0,4452,104,2122,2.336028751123091
2026-01-25 19:04:46.752409,0.6894208833333334,104,46,58,44.230769230769226,206.03999999999942,2866.7100000000023,2660.6699999999983,62.319782608695704,45.87362068965514,1.9811538461538407,1.0774391412689301,103.76,-86.24,50000.0,50206.04,50750.22,0.4120800000000017,0.0,912.0699999999997,1.7971744753027665,1,11,12,0,4454,104,2123,2.334979793444095
2026-01-25 19:04:46.768885,0.6896954833333333,104,46,58,44.230769230769226,206.03999999999942,2866.7100000000023,2660.6699999999983,62.319782608695704,45.87362068965514,1.9811538461538407,1.0774391412689301,103.76,-86.24,50000.0,50206.04,50750.22,0.4120800000000017,0.0,912.0699999999997,1.7971744753027665,1,11,12,0,4456,104,2124,2.333931777378815
2026-01-25 19:04:46.785123,0.6899661166666667,104,46,58,44.230769230769226,206.03999999999942,2866.7100000000023,2660.6699999999983,62.319782608695704,45.87362068965514,1.9811538461538407,1.0774391412689301,103.76,-86.24,50000.0,50206.04,50750.22,0.4120800000000017,0.0,912.0699999999997,1.7971744753027665,1,11,12,0,4458,104,2125,2.332884701659937
2026-01-25 19:04:46.801607,0.69024085,104,46,58,44.230769230769226,206.03999999999942,2866.7100000000023,2660.6699999999983,62.319782608695704,45.87362068965514,1.9811538461538407,1.0774391412689301,103.76,-86.24,50000.0,50206.04,50750.22,0.4120800000000017,0.0,912.0699999999997,1.7971744753027665,1,11,12,0,4460,104,2126,2.3318385650224216
2026-01-25 19:04:46.818084,0.6905154666666667,104,46,58,44.230769230769226,206.03999999999942,2866.7100000000023,2660.6699999999983,62.319782608695704,45.87362068965514,1.9811538461538407,1.0774391412689301,103.76,-86.24,50000.0,50206.04,50750.22,0.4120800000000017,0.0,912.0699999999997,1.7971744753027665,1,11,12,0,4462,104,2127,2.3307933662034963
2026-01-25 19:04:46.834938,0.6907963666666667,104,46,58,44.230769230769226,206.03999999999942,2866.7100000000023,2660.6699999999983,62.319782608695704,45.87362068965514,1.9811538461538407,1.0774391412689301,103.76,-86.24,50000.0,50206.04,50750.22,0.4120800000000017,0.0,912.0699999999997,1.7971744753027665,1,11,12,0,4464,104,2128,2.3297491039426523
2026-01-25 19:04:46.851585,0.6910738166666667,104,46,58,44.230769230769226,206.03999999999942,2866.7100000000023,2660.6699999999983,62.319782608695704,45.87362068965514,1.9811538461538407,1.0774391412689301,103.76,-86.24,50000.0,50206.04,50750.22,0.4120800000000017,0.0,912.0699999999997,1.7971744753027665,1,11,12,0,4466,104,2129,2.3287057769816393
2026-01-25 19:04:46.868364,0.6913534833333334,104,46,58,44.230769230769226,206.03999999999942,2866.7100000000023,2660.6699999999983,62.319782608695704,45.87362068965514,1.9811538461538407,1.0774391412689301,103.76,-86.24,50000.0,50206.04,50750.22,0.4120800000000017,0.0,912.0699999999997,1.7971744753027665,1,11,12,0,4468,104,2130,2.3276633840644583
2026-01-25 19:04:46.884889,0.6916288833333333,104,46,58,44.230769230769226,206.03999999999942,2866.7100000000023,2660.6699999999983,62.319782608695704,45.87362068965514,1.9811538461538407,1.0774391412689301,103.76,-86.24,50000.0,50206.04,50750.22,0.4120800000000017,0.0,912.0699999999997,1.7971744753027665,1,11,12,0,4470,104,2131,2.3266219239373602
2026-01-25 19:04:46.901588,0.6919072,104,46,58,44.230769230769226,206.03999999999942,2866.7100000000023,2660.6699999999983,62.319782608695704,45.87362068965514,1.9811538461538407,1.0774391412689301,103.76,-86.24,50000.0,50206.04,50750.22,0.4120800000000017,0.0,912.0699999999997,1.7971744753027665,1,11,12,0,4472,104,2132,2.3255813953488373
2026-01-25 19:04:46.917909,0.6921792166666666,104,46,58,44.230769230769226,206.03999999999942,2866.7100000000023,2660.6699999999983,62.319782608695704,45.87362068965514,1.9811538461538407,1.0774391412689301,103.76,-86.24,50000.0,50206.04,50750.22,0.4120800000000017,0.0,912.0699999999997,1.7971744753027665,1,11,12,0,4474,104,2133,2.32454179704962
2026-01-25 19:04:46.934263,0.6924518000000001,104,46,58,44.230769230769226,206.03999999999942,2866.7100000000023,2660.6699999999983,62.319782608695704,45.87362068965514,1.9811538461538407,1.0774391412689301,103.76,-86.24,50000.0,50206.04,50750.22,0.4120800000000017,0.0,912.0699999999997,1.7971744753027665,1,11,12,0,4476,104,2134,2.323503127792672
2026-01-25 19:04:46.950934,0.6927296333333334,104,46,58,44.230769230769226,206.03999999999942,2866.7100000000023,2660.6699999999983,62.319782608695704,45.87362068965514,1.9811538461538407,1.0774391412689301,103.76,-86.24,50000.0,50206.04,50750.22,0.4120800000000017,0.0,912.0699999999997,1.7971744753027665,1,11,12,0,4478,104,2135,2.3224653863331843
2026-01-25 19:04:46.967328,0.6930028666666667,104,46,58,44.230769230769226,206.03999999999942,2866.7100000000023,2660.6699999999983,62.319782608695704,45.87362068965514,1.9811538461538407,1.0774391412689301,103.76,-86.24,50000.0,50206.04,50750.22,0.4120800000000017,0.0,912.0699999999997,1.7971744753027665,1,11,12,0,4480,104,2136,2.3214285714285716
2026-01-25 19:04:46.983781,0.6932770833333334,104,46,58,44.230769230769226,206.03999999999942,2866.7100000000023,2660.6699999999983,62.319782608695704,45.87362068965514,1.9811538461538407,1.0774391412689301,103.76,-86.24,50000.0,50206.04,50750.22,0.4120800000000017,0.0,912.0699999999997,1.7971744753027665,1,11,12,0,4482,104,2137,2.3203926818384653
2026-01-25 19:04:47.000388,0.6935538833333333,104,46,58,44.230769230769226,206.03999999999942,2866.7100000000023,2660.6699999999983,62.319782608695704,45.87362068965514,1.9811538461538407,1.0774391412689301,103.76,-86.24,50000.0,50206.04,50750.22,0.4120800000000017,0.0,912.0699999999997,1.7971744753027665,1,11,12,0,4484,104,2138,2.31935771632471
2026-01-25 19:04:47.017011,0.6938309333333332,104,46,58,44.230769230769226,206.03999999999942,2866.7100000000023,2660.6699999999983,62.319782608695704,45.87362068965514,1.9811538461538407,1.0774391412689301,103.76,-86.24,50000.0,50206.04,50750.22,0.4120800000000017,0.0,912.0699999999997,1.7971744753027665,1,11,12,0,4486,104,2139,2.31832367365136
2026-01-25 19:04:47.033756,0.69411,104,46,58,44.230769230769226,206.03999999999942,2866.7100000000023,2660.6699999999983,62.319782608695704,45.87362068965514,1.9811538461538407,1.0774391412689301,103.76,-86.24,50000.0,50206.04,50750.22,0.4120800000000017,0.0,912.0699999999997,1.7971744753027665,1,11,12,0,4488,104,2140,2.3172905525846703
2026-01-25 19:04:47.050171,0.6943836666666667,104,46,58,44.230769230769226,206.03999999999942,2866.7100000000023,2660.6699999999983,62.319782608695704,45.87362068965514,1.9811538461538407,1.0774391412689301,103.76,-86.24,50000.0,50206.04,50750.22,0.4120800000000017,0.0,912.0699999999997,1.7971744753027665,1,11,12,0,4490,104,2141,2.316258351893096
2026-01-25 19:04:47.066301,0.6946524333333334,104,46,58,44.230769230769226,206.03999999999942,2866.7100000000023,2660.6699999999983,62.319782608695704,45.87362068965514,1.9811538461538407,1.0774391412689301,103.76,-86.24,50000.0,50206.04,50750.22,0.4120800000000017,0.0,912.0699999999997,1.7971744753027665,1,11,12,0,4492,104,2142,2.315227070347284
2026-01-25 19:04:47.083162,0.6949334333333332,104,46,58,44.230769230769226,206.03999999999942,2866.7100000000023,2660.6699999999983,62.319782608695704,45.87362068965514,1.9811538461538407,1.0774391412689301,103.76,-86.24,50000.0,50206.04,50750.22,0.4120800000000017,0.0,912.0699999999997,1.7971744753027665,1,11,12,0,4494,104,2143,2.3141967067200713
2026-01-25 19:04:47.099617,0.6952076833333333,104,46,58,44.230769230769226,206.03999999999942,2866.7100000000023,2660.6699999999983,62.319782608695704,45.87362068965514,1.9811538461538407,1.0774391412689301,103.76,-86.24,50000.0,50206.04,50750.22,0.4120800000000017,0.0,912.0699999999997,1.7971744753027665,1,11,12,0,4496,104,2144,2.3131672597864767
2026-01-25 19:04:47.116285,0.6954854833333334,104,46,58,44.230769230769226,206.03999999999942,2866.7100000000023,2660.6699999999983,62.319782608695704,45.87362068965514,1.9811538461538407,1.0774391412689301,103.76,-86.24,50000.0,50206.04,50750.22,0.4120800000000017,0.0,912.0699999999997,1.7971744753027665,1,11,12,0,4498,104,2145,2.312138728323699
2026-01-25 19:04:47.132412,0.6957542666666666,104,46,58,44.230769230769226,206.03999999999942,2866.7100000000023,2660.6699999999983,62.319782608695704,45.87362068965514,1.9811538461538407,1.0774391412689301,103.76,-86.24,50000.0,50206.04,50750.22,0.4120800000000017,0.0,912.0699999999997,1.7971744753027665,1,11,12,0,4500,104,2146,2.311111111111111
2026-01-25 19:04:47.150321,0.69605275,104,46,58,44.230769230769226,206.03999999999942,2866.7100000000023,2660.6699999999983,62.319782608695704,45.87362068965514,1.9811538461538407,1.0774391412689301,103.76,-86.24,50000.0,50206.04,50750.22,0.4120800000000017,0.0,912.0699999999997,1.7971744753027665,1,11,12,0,4502,104,2147,2.3100844069302533
2026-01-25 19:04:47.168089,0.6963488833333333,104,46,58,44.230769230769226,206.03999999999942,2866.7100000000023,2660.6699999999983,62.319782608695704,45.87362068965514,1.9811538461538407,1.0774391412689301,103.76,-86.24,50000.0,50206.04,50750.22,0.4120800000000017,0.0,912.0699999999997,1.7971744753027665,1,11,12,0,4504,104,2148,2.3090586145648313
2026-01-25 19:04:47.184766,0.6966268333333333,104,46,58,44.230769230769226,206.03999999999942,2866.7100000000023,2660.6699999999983,62.319782608695704,45.87362068965514,1.9811538461538407,1.0774391412689301,103.76,-86.24,50000.0,50206.04,50750.22,0.4120800000000017,0.0,912.0699999999997,1.7971744753027665,1,11,12,0,4506,104,2149,2.30803373280071
2026-01-25 19:04:47.201475,0.6969053166666667,104,46,58,44.230769230769226,206.03999999999942,2866.7100000000023,2660.6699999999983,62.319782608695704,45.87362068965514,1.9811538461538407,1.0774391412689301,103.76,-86.24,50000.0,50206.04,50750.22,0.4120800000000017,0.0,912.0699999999997,1.7971744753027665,1,11,12,0,4508,104,2150,2.3070097604259097
2026-01-25 19:04:47.219138,0.6971997166666667,104,46,58,44.230769230769226,206.03999999999942,2866.7100000000023,2660.6699999999983,62.319782608695704,45.87362068965514,1.9811538461538407,1.0774391412689301,103.76,-86.24,50000.0,50206.04,50750.22,0.4120800000000017,0.0,912.0699999999997,1.7971744753027665,1,11,12,1,4510,105,2150,2.328159645232816
2026-01-25 19:04:47.236057,0.6974816833333333,104,46,58,44.230769230769226,206.03999999999942,2866.7100000000023,2660.6699999999983,62.319782608695704,45.87362068965514,1.9811538461538407,1.0774391412689301,103.76,-86.24,50000.0,50188.54,50750.22,0.37708000000000175,-17.5,912.0699999999997,1.7971744753027665,1,11,12,1,4512,105,2151,2.327127659574468
2026-01-25 19:04:47.252732,0.6977595999999999,104,46,58,44.230769230769226,206.03999999999942,2866.7100000000023,2660.6699999999983,62.319782608695704,45.87362068965514,1.9811538461538407,1.0774391412689301,103.76,-86.24,50000.0,50234.79,50750.22,0.4695800000000017,46.25,912.0699999999997,1.7971744753027665,1,11,12,1,4514,105,2152,2.3260965883916707
2026-01-25 19:04:47.269423,0.6980378,104,46,58,44.230769230769226,206.03999999999942,2866.7100000000023,2660.6699999999983,62.319782608695704,45.87362068965514,1.9811538461538407,1.0774391412689301,103.76,-86.24,50000.0,50229.79,50750.22,0.4595800000000017,41.25,912.0699999999997,1.7971744753027665,1,11,12,1,4516,105,2153,2.325066430469442
2026-01-25 19:04:47.286229,0.6983178833333333,104,46,58,44.230769230769226,206.03999999999942,2866.7100000000023,2660.6699999999983,62.319782608695704,45.87362068965514,1.9811538461538407,1.0774391412689301,103.76,-86.24,50000.0,50239.79,50750.22,0.4795800000000018,51.25,912.0699999999997,1.7971744753027665,1,11,12,1,4518,105,2154,2.3240371845949537
2026-01-25 19:04:47.303237,0.6986013666666667,104,46,58,44.230769230769226,206.03999999999942,2866.7100000000023,2660.6699999999983,62.319782608695704,45.87362068965514,1.9811538461538407,1.0774391412689301,103.76,-86.24,50000.0,50219.79,50750.22,0.43958000000000175,31.25,912.0699999999997,1.7971744753027665,1,11,12,1,4520,105,2155,2.3230088495575223
2026-01-25 19:04:47.320127,0.69888285,105,46,59,43.80952380952381,164.79999999999941,2866.7100000000023,2701.909999999998,62.319782608695704,45.79508474576268,1.569523809523804,1.0609938895077942,103.76,-86.24,50000.0,50164.8,50750.22,0.3296000000000058,-23.739999999997963,912.0699999999997,1.7971744753027665,-1,11,12,0,4522,105,2156,2.321981424148607
2026-01-25 19:04:47.336476,0.6991553333333334,105,46,59,43.80952380952381,164.79999999999941,2866.7100000000023,2701.909999999998,62.319782608695704,45.79508474576268,1.569523809523804,1.0609938895077942,103.76,-86.24,50000.0,50164.8,50750.22,0.3296000000000058,-23.739999999997963,912.0699999999997,1.7971744753027665,-1,11,12,0,4524,105,2157,2.320954907161804
2026-01-25 19:04:47.353657,0.6994416833333333,105,46,59,43.80952380952381,164.79999999999941,2866.7100000000023,2701.909999999998,62.319782608695704,45.79508474576268,1.569523809523804,1.0609938895077942,103.76,-86.24,50000.0,50164.8,50750.22,0.3296000000000058,-23.739999999997963,912.0699999999997,1.7971744753027665,-1,11,12,0,4526,105,2158,2.319929297392841
2026-01-25 19:04:47.370506,0.6997225,105,46,59,43.80952380952381,164.79999999999941,2866.7100000000023,2701.909999999998,62.319782608695704,45.79508474576268,1.569523809523804,1.0609938895077942,103.76,-86.24,50000.0,50164.8,50750.22,0.3296000000000058,-23.739999999997963,912.0699999999997,1.7971744753027665,-1,11,12,0,4528,105,2159,2.318904593639576
2026-01-25 19:04:47.387603,0.70000745,105,46,59,43.80952380952381,164.79999999999941,2866.7100000000023,2701.909999999998,62.319782608695704,45.79508474576268,1.569523809523804,1.0609938895077942,103.76,-86.24,50000.0,50164.8,50750.22,0.3296000000000058,-23.739999999997963,912.0699999999997,1.7971744753027665,-1,11,12,0,4530,105,2160,2.3178807947019866
2026-01-25 19:04:47.404388,0.7002872,105,46,59,43.80952380952381,164.79999999999941,2866.7100000000023,2701.909999999998,62.319782608695704,45.79508474576268,1.569523809523804,1.0609938895077942,103.76,-86.24,50000.0,50164.8,50750.22,0.3296000000000058,-23.739999999997963,912.0699999999997,1.7971744753027665,-1,11,12,0,4532,105,2161,2.316857899382171
2026-01-25 19:04:47.421116,0.700566,105,46,59,43.80952380952381,164.79999999999941,2866.7100000000023,2701.909999999998,62.319782608695704,45.79508474576268,1.569523809523804,1.0609938895077942,103.76,-86.24,50000.0,50164.8,50750.22,0.3296000000000058,-23.739999999997963,912.0699999999997,1.7971744753027665,-1,11,12,0,4534,105,2162,2.3158359064843403
2026-01-25 19:04:47.437611,0.7008409166666667,105,46,59,43.80952380952381,164.79999999999941,2866.7100000000023,2701.909999999998,62.319782608695704,45.79508474576268,1.569523809523804,1.0609938895077942,103.76,-86.24,50000.0,50164.8,50750.22,0.3296000000000058,-23.739999999997963,912.0699999999997,1.7971744753027665,-1,11,12,0,4536,105,2163,2.314814814814815
2026-01-25 19:04:47.453922,0.7011127666666667,105,46,59,43.80952380952381,164.79999999999941,2866.7100000000023,2701.909999999998,62.319782608695704,45.79508474576268,1.569523809523804,1.0609938895077942,103.76,-86.24,50000.0,50164.8,50750.22,0.3296000000000058,-23.739999999997963,912.0699999999997,1.7971744753027665,-1,11,12,0,4538,105,2164,2.3137946231820186
2026-01-25 19:04:47.470444,0.7013881333333334,105,46,59,43.80952380952381,164.79999999999941,2866.7100000000023,2701.909999999998,62.319782608695704,45.79508474576268,1.569523809523804,1.0609938895077942,103.76,-86.24,50000.0,50164.8,50750.22,0.3296000000000058,-23.739999999997963,912.0699999999997,1.7971744753027665,-1,11,12,0,4540,105,2165,2.3127753303964758
2026-01-25 19:04:47.486906,0.7016625,105,46,59,43.80952380952381,164.79999999999941,2866.7100000000023,2701.909999999998,62.319782608695704,45.79508474576268,1.569523809523804,1.0609938895077942,103.76,-86.24,50000.0,50164.8,50750.22,0.3296000000000058,-23.739999999997963,912.0699999999997,1.7971744753027665,-1,11,12,0,4542,105,2166,2.3117569352708056
2026-01-25 19:04:47.503981,0.7019470833333333,105,46,59,43.80952380952381,164.79999999999941,2866.7100000000023,2701.909999999998,62.319782608695704,45.79508474576268,1.569523809523804,1.0609938895077942,103.76,-86.24,50000.0,50164.8,50750.22,0.3296000000000058,-23.739999999997963,912.0699999999997,1.7971744753027665,-1,11,12,1,4544,106,2166,2.3327464788732395
2026-01-25 19:04:47.520521,0.70222275,105,46,59,43.80952380952381,164.79999999999941,2866.7100000000023,2701.909999999998,62.319782608695704,45.79508474576268,1.569523809523804,1.0609938895077942,103.76,-86.24,50000.0,50154.8,50750.22,0.3096000000000058,-33.73999999999796,912.0699999999997,1.7971744753027665,-1,11,12,2,4546,107,2166,2.353717553893533
2026-01-25 19:04:47.537617,0.7025076833333334,105,46,59,43.80952380952381,164.79999999999941,2866.7100000000023,2701.909999999998,62.319782608695704,45.79508474576268,1.569523809523804,1.0609938895077942,103.76,-86.24,50000.0,50134.8,50750.22,0.26960000000000583,-53.73999999999796,912.0699999999997,1.7971744753027665,-1,11,12,3,4548,108,2166,2.3746701846965697
2026-01-25 19:04:47.554329,0.7027862166666666,105,46,59,43.80952380952381,164.79999999999941,2866.7100000000023,2701.909999999998,62.319782608695704,45.79508474576268,1.569523809523804,1.0609938895077942,103.76,-86.24,50000.0,50191.05,50750.22,0.3821000000000058,2.5100000000020373,912.0699999999997,1.7971744753027665,-1,11,12,4,4550,109,2166,2.3956043956043955
2026-01-25 19:04:47.571001,0.7030641000000001,105,46,59,43.80952380952381,164.79999999999941,2866.7100000000023,2701.909999999998,62.319782608695704,45.79508474576268,1.569523809523804,1.0609938895077942,103.76,-86.24,50000.0,50271.05,50750.22,0.5421000000000059,82.51000000000204,912.0699999999997,1.7971744753027665,-1,11,12,4,4552,109,2167,2.3945518453427064
2026-01-25 19:04:47.587787,0.70334385,105,46,59,43.80952380952381,164.79999999999941,2866.7100000000023,2701.909999999998,62.319782608695704,45.79508474576268,1.569523809523804,1.0609938895077942,103.76,-86.24,50000.0,50241.05,50750.22,0.4821000000000058,52.51000000000204,912.0699999999997,1.7971744753027665,-1,11,12,4,4554,109,2168,2.393500219587176
2026-01-25 19:04:47.604330,0.7036195833333333,105,46,59,43.80952380952381,164.79999999999941,2866.7100000000023,2701.909999999998,62.319782608695704,45.79508474576268,1.569523809523804,1.0609938895077942,103.76,-86.24,50000.0,50246.05,50750.22,0.4921000000000058,57.51000000000204,912.0699999999997,1.7971744753027665,-1,11,12,5,4556,110,2168,2.4143985952589992
2026-01-25 19:04:47.621391,0.7039039166666666,105,46,59,43.80952380952381,164.79999999999941,2866.7100000000023,2701.909999999998,62.319782608695704,45.79508474576268,1.569523809523804,1.0609938895077942,103.76,-86.24,50000.0,50108.55,50750.22,0.21710000000000584,-79.98999999999796,912.0699999999997,1.7971744753027665,-1,11,12,6,4558,111,2168,2.4352786309784995
2026-01-25 19:04:47.638093,0.7041822833333333,106,46,60,43.39622641509434,112.3099999999994,2866.7100000000023,2754.399999999998,62.319782608695704,45.90666666666663,1.059528301886787,1.0407747603833883,103.76,-86.24,50000.0,49996.06,50750.22,-0.007880000000004658,-192.4800000000032,912.0699999999997,1.7971744753027665,-2,11,12,5,4560,111,2169,2.4342105263157894
2026-01-25 19:04:47.654612,0.7044576166666666,106,46,60,43.39622641509434,112.3099999999994,2866.7100000000023,2754.399999999998,62.319782608695704,45.90666666666663,1.059528301886787,1.0407747603833883,103.76,-86.24,50000.0,50002.31,50750.22,0.004619999999995343,-186.2300000000032,912.0699999999997,1.7971744753027665,-2,11,12,6,4562,112,2169,2.4550635686102584
2026-01-25 19:04:47.671138,0.7047330333333334,106,46,60,43.39622641509434,112.3099999999994,2866.7100000000023,2754.399999999998,62.319782608695704,45.90666666666663,1.059528301886787,1.0407747603833883,103.76,-86.24,50000.0,50047.31,50750.22,0.09461999999999533,-141.2300000000032,912.0699999999997,1.7971744753027665,-2,11,12,7,4564,113,2169,2.4758983347940404
2026-01-25 19:04:47.687863,0.7050118,106,46,60,43.39622641509434,112.3099999999994,2866.7100000000023,2754.399999999998,62.319782608695704,45.90666666666663,1.059528301886787,1.0407747603833883,103.76,-86.24,50000.0,50082.31,50750.22,0.16461999999999533,-106.2300000000032,912.0699999999997,1.7971744753027665,-2,11,12,8,4566,114,2169,2.4967148488830486
2026-01-25 19:04:47.704458,0.7052883666666666,106,46,60,43.39622641509434,112.3099999999994,2866.7100000000023,2754.399999999998,62.319782608695704,45.90666666666663,1.059528301886787,1.0407747603833883,103.76,-86.24,50000.0,50212.31,50750.22,0.42461999999999533,23.7699999999968,912.0699999999997,1.7971744753027665,-2,11,12,8,4568,114,2170,2.495621716287215
2026-01-25 19:04:47.721028,0.7055645333333334,106,46,60,43.39622641509434,112.3099999999994,2866.7100000000023,2754.399999999998,62.319782608695704,45.90666666666663,1.059528301886787,1.0407747603833883,103.76,-86.24,50000.0,50162.31,50750.22,0.32461999999999536,-26.2300000000032,912.0699999999997,1.7971744753027665,-2,11,12,8,4570,114,2171,2.4945295404814005
2026-01-25 19:04:47.737816,0.70584435,106,46,60,43.39622641509434,112.3099999999994,2866.7100000000023,2754.399999999998,62.319782608695704,45.90666666666663,1.059528301886787,1.0407747603833883,103.76,-86.24,50000.0,50202.31,50750.22,0.4046199999999954,13.769999999996799,912.0699999999997,1.7971744753027665,-2,11,12,8,4572,114,2172,2.493438320209974
2026-01-25 19:04:47.754323,0.70611945,106,46,60,43.39622641509434,112.3099999999994,2866.7100000000023,2754.399999999998,62.319782608695704,45.90666666666663,1.059528301886787,1.0407747603833883,103.76,-86.24,50000.0,50282.31,50750.22,0.5646199999999953,93.7699999999968,912.0699999999997,1.7971744753027665,-2,11,12,8,4574,114,2173,2.4923480542195016
2026-01-25 19:04:47.770656,0.7063916666666666,106,46,60,43.39622641509434,112.3099999999994,2866.7100000000023,2754.399999999998,62.319782608695704,45.90666666666663,1.059528301886787,1.0407747603833883,103.76,-86.24,50000.0,50012.31,50750.22,0.024619999999995347,-176.2300000000032,912.0699999999997,1.7971744753027665,-2,11,12,8,4576,114,2174,2.4912587412587412
2026-01-25 19:04:47.787260,0.7066684,106,46,60,43.39622641509434,112.3099999999994,2866.7100000000023,2754.399999999998,62.319782608695704,45.90666666666663,1.059528301886787,1.0407747603833883,103.76,-86.24,50000.0,49872.31,50750.22,-0.25538000000000466,-316.2300000000032,912.0699999999997,1.7971744753027665,-2,11,12,8,4578,114,2175,2.490170380078637
2026-01-25 19:04:47.803671,0.7069419166666666,107,46,61,42.99065420560748,54.8199999999994,2866.7100000000023,2811.8899999999976,62.319782608695704,46.09655737704914,0.5123364485981252,1.0194957839744816,103.76,-86.24,50000.0,49849.82,50750.22,-0.3003600000000006,-338.72000000000116,912.0699999999997,1.7971744753027665,-3,11,12,7,4580,114,2176,2.489082969432314
2026-01-25 19:04:47.820373,0.7072202833333333,107,46,61,42.99065420560748,54.8199999999994,2866.7100000000023,2811.8899999999976,62.319782608695704,46.09655737704914,0.5123364485981252,1.0194957839744816,103.76,-86.24,50000.0,49893.57,50750.22,-0.21286000000000058,-294.97000000000116,912.0699999999997,1.7971744753027665,-3,11,12,7,4582,114,2177,2.4879965080750766
2026-01-25 19:04:47.837138,0.7074997,107,46,61,42.99065420560748,54.8199999999994,2866.7100000000023,2811.8899999999976,62.319782608695704,46.09655737704914,0.5123364485981252,1.0194957839744816,103.76,-86.24,50000.0,50077.32,50750.22,0.15463999999999942,-111.22000000000116,912.0699999999997,1.7971744753027665,-3,11,12,7,4584,114,2178,2.486910994764398
2026-01-25 19:04:47.853768,0.7077768666666666,107,46,61,42.99065420560748,54.8199999999994,2866.7100000000023,2811.8899999999976,62.319782608695704,46.09655737704914,0.5123364485981252,1.0194957839744816,103.76,-86.24,50000.0,50121.07,50750.22,0.2421399999999994,-67.47000000000116,912.0699999999997,1.7971744753027665,-3,11,12,7,4586,114,2179,2.4858264282599216
2026-01-25 19:04:47.870448,0.7080548666666666,107,46,61,42.99065420560748,54.8199999999994,2866.7100000000023,2811.8899999999976,62.319782608695704,46.09655737704914,0.5123364485981252,1.0194957839744816,103.76,-86.24,50000.0,50164.82,50750.22,0.3296399999999994,-23.720000000001164,912.0699999999997,1.7971744753027665,-3,11,12,7,4588,114,2180,2.4847428073234523
2026-01-25 19:04:47.887579,0.7083403833333333,107,46,61,42.99065420560748,54.8199999999994,2866.7100000000023,2811.8899999999976,62.319782608695704,46.09655737704914,0.5123364485981252,1.0194957839744816,103.76,-86.24,50000.0,50059.82,50750.22,0.11963999999999941,-128.72000000000116,912.0699999999997,1.7971744753027665,-3,11,12,7,4590,114,2181,2.4836601307189543
2026-01-25 19:04:47.904313,0.7086192833333332,107,46,61,42.99065420560748,54.8199999999994,2866.7100000000023,2811.8899999999976,62.319782608695704,46.09655737704914,0.5123364485981252,1.0194957839744816,103.76,-86.24,50000.0,50024.82,50750.22,0.04963999999999942,-163.72000000000116,912.0699999999997,1.7971744753027665,-3,11,12,7,4592,114,2182,2.4825783972125435
2026-01-25 19:04:47.921119,0.7088994,107,46,61,42.99065420560748,54.8199999999994,2866.7100000000023,2811.8899999999976,62.319782608695704,46.09655737704914,0.5123364485981252,1.0194957839744816,103.76,-86.24,50000.0,49963.57,50750.22,-0.07286000000000058,-224.97000000000116,912.0699999999997,1.7971744753027665,-3,11,12,7,4594,114,2183,2.4814976055724856
2026-01-25 19:04:47.937511,0.7091725833333334,107,46,61,42.99065420560748,54.8199999999994,2866.7100000000023,2811.8899999999976,62.319782608695704,46.09655737704914,0.5123364485981252,1.0194957839744816,103.76,-86.24,50000.0,49876.07,50750.22,-0.24786000000000058,-312.47000000000116,912.0699999999997,1.7971744753027665,-3,11,12,8,4596,115,2183,2.5021758050478677
2026-01-25 19:04:47.954164,0.7094501333333334,108,46,62,42.592592592592595,-7.670000000000599,2866.7100000000023,2874.3799999999974,62.319782608695704,46.36096774193544,-0.07101851851852406,0.9973315984664536,103.76,-86.24,50000.0,49751.08,50750.22,-0.4978399999999965,-437.4599999999991,999.1399999999994,1.9687402340324818,-4,11,12,7,4598,115,2184,2.5010874293170944
2026-01-25 19:04:47.971111,0.7097325833333333,109,46,63,42.201834862385326,-56.4100000000006,2866.7100000000023,2923.119999999997,62.319782608695704,46.39873015873011,-0.517522935779822,0.9807021264949797,103.76,-86.24,50000.0,49756.09,50750.22,-0.48782000000000697,-432.45000000000437,999.1399999999994,1.9687402340324818,-5,11,12,6,4600,115,2185,2.5
2026-01-25 19:04:47.987609,0.71000755,109,46,63,42.201834862385326,-56.4100000000006,2866.7100000000023,2923.119999999997,62.319782608695704,46.39873015873011,-0.517522935779822,0.9807021264949797,103.76,-86.24,50000.0,49726.09,50750.22,-0.547820000000007,-462.45000000000437,1024.1300000000047,2.017981399883596,-5,11,12,6,4602,115,2186,2.4989135158626685
2026-01-25 19:04:48.004244,0.7102848,110,46,64,41.81818181818181,-111.4000000000006,2866.7100000000023,2978.109999999997,62.319782608695704,46.53296874999995,-1.0127272727272782,0.9625937255507705,103.76,-86.24,50000.0,49716.1,50750.22,-0.567800000000003,-472.4400000000023,1034.1200000000026,2.0376660436151854,-6,11,12,5,4604,115,2187,2.4978279756733275
2026-01-25 19:04:48.043145,0.7109331833333333,115,46,69,40.0,-381.35000000000065,2866.7100000000023,3248.059999999996,62.319782608695704,47.073333333333274,-3.316086956521745,0.8825914545913579,103.76,-86.24,50000.0,49618.65,50750.22,-0.762699999999997,-569.8899999999994,1131.5699999999997,2.2296849156515965,-11,11,12,0,4606,115,2188,2.4967433782023445
2026-01-25 19:04:48.089903,0.7117124666666667,115,46,69,40.0,-381.35000000000065,2866.7100000000023,3248.059999999996,62.319782608695704,47.073333333333274,-3.316086956521745,0.8825914545913579,103.76,-86.24,50000.0,49618.65,50750.22,-0.762699999999997,-569.8899999999994,1131.5699999999997,2.2296849156515965,-11,11,12,0,4608,115,2189,2.4956597222222223
2026-01-25 19:04:48.139826,0.7125445,115,46,69,40.0,-381.35000000000065,2866.7100000000023,3248.059999999996,62.319782608695704,47.073333333333274,-3.316086956521745,0.8825914545913579,103.76,-86.24,50000.0,49618.65,50750.22,-0.762699999999997,-569.8899999999994,1131.5699999999997,2.2296849156515965,-11,11,12,0,4610,115,2190,2.4945770065075923
2026-01-25 19:04:48.166825,0.7129945166666667,115,46,69,40.0,-381.35000000000065,2866.7100000000023,3248.059999999996,62.319782608695704,47.073333333333274,-3.316086956521745,0.8825914545913579,103.76,-86.24,50000.0,49618.65,50750.22,-0.762699999999997,-569.8899999999994,1131.5699999999997,2.2296849156515965,-11,11,12,0,4612,115,2191,2.4934952298352124
2026-01-25 19:04:48.196761,0.7134934333333334,115,46,69,40.0,-381.35000000000065,2866.7100000000023,3248.059999999996,62.319782608695704,47.073333333333274,-3.316086956521745,0.8825914545913579,103.76,-86.24,50000.0,49618.65,50750.22,-0.762699999999997,-569.8899999999994,1131.5699999999997,2.2296849156515965,-11,11,12,0,4614,115,2192,2.492414390983962
2026-01-25 19:04:48.212985,0.7137638166666667,115,46,69,40.0,-381.35000000000065,2866.7100000000023,3248.059999999996,62.319782608695704,47.073333333333274,-3.316086956521745,0.8825914545913579,103.76,-86.24,50000.0,49618.65,50750.22,-0.762699999999997,-569.8899999999994,1131.5699999999997,2.2296849156515965,-11,11,12,0,4616,115,2193,2.4913344887348354
2026-01-25 19:04:48.230159,0.7140500500000001,115,46,69,40.0,-381.35000000000065,2866.7100000000023,3248.059999999996,62.319782608695704,47.073333333333274,-3.316086956521745,0.8825914545913579,103.76,-86.24,50000.0,49618.65,50750.22,-0.762699999999997,-569.8899999999994,1131.5699999999997,2.2296849156515965,-11,11,12,0,4618,115,2194,2.4902555218709397
2026-01-25 19:04:48.248180,0.7143504,115,46,69,40.0,-381.35000000000065,2866.7100000000023,3248.059999999996,62.319782608695704,47.073333333333274,-3.316086956521745,0.8825914545913579,103.76,-86.24,50000.0,49618.65,50750.22,-0.762699999999997,-569.8899999999994,1131.5699999999997,2.2296849156515965,-11,11,12,0,4620,115,2195,2.4891774891774894
2026-01-25 19:04:48.267798,0.7146773666666667,115,46,69,40.0,-381.35000000000065,2866.7100000000023,3248.059999999996,62.319782608695704,47.073333333333274,-3.316086956521745,0.8825914545913579,103.76,-86.24,50000.0,49618.65,50750.22,-0.762699999999997,-569.8899999999994,1131.5699999999997,2.2296849156515965,-11,11,12,0,4622,115,2196,2.4881003894418
2026-01-25 19:04:48.284586,0.7149571666666666,115,46,69,40.0,-381.35000000000065,2866.7100000000023,3248.059999999996,62.319782608695704,47.073333333333274,-3.316086956521745,0.8825914545913579,103.76,-86.24,50000.0,49618.65,50750.22,-0.762699999999997,-569.8899999999994,1131.5699999999997,2.2296849156515965,-11,11,12,0,4624,115,2197,2.487024221453287
2026-01-25 19:04:48.301453,0.7152382833333333,115,46,69,40.0,-381.35000000000065,2866.7100000000023,3248.059999999996,62.319782608695704,47.073333333333274,-3.316086956521745,0.8825914545913579,103.76,-86.24,50000.0,49618.65,50750.22,-0.762699999999997,-569.8899999999994,1131.5699999999997,2.2296849156515965,-11,11,12,0,4626,115,2198,2.4859489840034588
2026-01-25 19:04:48.318393,0.7155206333333334,115,46,69,40.0,-381.35000000000065,2866.7100000000023,3248.059999999996,62.319782608695704,47.073333333333274,-3.316086956521745,0.8825914545913579,103.76,-86.24,50000.0,49618.65,50750.22,-0.762699999999997,-569.8899999999994,1131.5699999999997,2.2296849156515965,-11,11,12,0,4628,115,2199,2.484874675885912
2026-01-25 19:04:48.335192,0.7158006166666666,115,46,69,40.0,-381.35000000000065,2866.7100000000023,3248.059999999996,62.319782608695704,47.073333333333274,-3.316086956521745,0.8825914545913579,103.76,-86.24,50000.0,49618.65,50750.22,-0.762699999999997,-569.8899999999994,1131.5699999999997,2.2296849156515965,-11,11,12,0,4630,115,2200,2.4838012958963285
2026-01-25 19:04:48.352740,0.7160930833333333,115,46,69,40.0,-381.35000000000065,2866.7100000000023,3248.059999999996,62.319782608695704,47.073333333333274,-3.316086956521745,0.8825914545913579,103.76,-86.24,50000.0,49618.65,50750.22,-0.762699999999997,-569.8899999999994,1131.5699999999997,2.2296849156515965,-11,11,12,0,4632,115,2201,2.48272884283247
2026-01-25 19:04:48.369743,0.71637645,115,46,69,40.0,-381.35000000000065,2866.7100000000023,3248.059999999996,62.319782608695704,47.073333333333274,-3.316086956521745,0.8825914545913579,103.76,-86.24,50000.0,49618.65,50750.22,-0.762699999999997,-569.8899999999994,1131.5699999999997,2.2296849156515965,-11,11,12,0,4634,115,2202,2.4816573154941732
2026-01-25 19:04:48.386824,0.7166611333333334,115,46,69,40.0,-381.35000000000065,2866.7100000000023,3248.059999999996,62.319782608695704,47.073333333333274,-3.316086956521745,0.8825914545913579,103.76,-86.24,50000.0,49618.65,50750.22,-0.762699999999997,-569.8899999999994,1131.5699999999997,2.2296849156515965,-11,11,12,0,4636,115,2203,2.4805867126833476
2026-01-25 19:04:48.404613,0.7169576166666667,115,46,69,40.0,-381.35000000000065,2866.7100000000023,3248.059999999996,62.319782608695704,47.073333333333274,-3.316086956521745,0.8825914545913579,103.76,-86.24,50000.0,49618.65,50750.22,-0.762699999999997,-569.8899999999994,1131.5699999999997,2.2296849156515965,-11,11,12,0,4638,115,2204,2.479517033203967
2026-01-25 19:04:48.421998,0.7172473666666667,115,46,69,40.0,-381.35000000000065,2866.7100000000023,3248.059999999996,62.319782608695704,47.073333333333274,-3.316086956521745,0.8825914545913579,103.76,-86.24,50000.0,49618.65,50750.22,-0.762699999999997,-569.8899999999994,1131.5699999999997,2.2296849156515965,-11,11,12,0,4640,115,2205,2.478448275862069
2026-01-25 19:04:48.438607,0.7175241833333333,115,46,69,40.0,-381.35000000000065,2866.7100000000023,3248.059999999996,62.319782608695704,47.073333333333274,-3.316086956521745,0.8825914545913579,103.76,-86.24,50000.0,49618.65,50750.22,-0.762699999999997,-569.8899999999994,1131.5699999999997,2.2296849156515965,-11,11,12,0,4642,115,2206,2.4773804394657475
2026-01-25 19:04:48.455459,0.7178050666666667,115,46,69,40.0,-381.35000000000065,2866.7100000000023,3248.059999999996,62.319782608695704,47.073333333333274,-3.316086956521745,0.8825914545913579,103.76,-86.24,50000.0,49618.65,50750.22,-0.762699999999997,-569.8899999999994,1131.5699999999997,2.2296849156515965,-11,11,12,0,4644,115,2207,2.4763135228251505
2026-01-25 19:04:48.472047,0.7180815166666666,115,46,69,40.0,-381.35000000000065,2866.7100000000023,3248.059999999996,62.319782608695704,47.073333333333274,-3.316086956521745,0.8825914545913579,103.76,-86.24,50000.0,49618.65,50750.22,-0.762699999999997,-569.8899999999994,1131.5699999999997,2.2296849156515965,-11,11,12,0,4646,115,2208,2.4752475247524752
2026-01-25 19:04:48.488669,0.7183585666666666,115,46,69,40.0,-381.35000000000065,2866.7100000000023,3248.059999999996,62.319782608695704,47.073333333333274,-3.316086956521745,0.8825914545913579,103.76,-86.24,50000.0,49618.65,50750.22,-0.762699999999997,-569.8899999999994,1131.5699999999997,2.2296849156515965,-11,11,12,0,4648,115,2209,2.474182444061962
2026-01-25 19:04:48.506374,0.7186536333333333,115,46,69,40.0,-381.35000000000065,2866.7100000000023,3248.059999999996,62.319782608695704,47.073333333333274,-3.316086956521745,0.8825914545913579,103.76,-86.24,50000.0,49618.65,50750.22,-0.762699999999997,-569.8899999999994,1131.5699999999997,2.2296849156515965,-11,11,12,0,4650,115,2210,2.4731182795698925
2026-01-25 19:04:48.525004,0.71896415,115,46,69,40.0,-381.35000000000065,2866.7100000000023,3248.059999999996,62.319782608695704,47.073333333333274,-3.316086956521745,0.8825914545913579,103.76,-86.24,50000.0,49618.65,50750.22,-0.762699999999997,-569.8899999999994,1131.5699999999997,2.2296849156515965,-11,11,12,0,4652,115,2211,2.472055030094583
2026-01-25 19:04:48.542246,0.7192515166666666,115,46,69,40.0,-381.35000000000065,2866.7100000000023,3248.059999999996,62.319782608695704,47.073333333333274,-3.316086956521745,0.8825914545913579,103.76,-86.24,50000.0,49618.65,50750.22,-0.762699999999997,-569.8899999999994,1131.5699999999997,2.2296849156515965,-11,11,12,0,4654,115,2212,2.4709926944563816
2026-01-25 19:04:48.559274,0.7195353166666667,115,46,69,40.0,-381.35000000000065,2866.7100000000023,3248.059999999996,62.319782608695704,47.073333333333274,-3.316086956521745,0.8825914545913579,103.76,-86.24,50000.0,49618.65,50750.22,-0.762699999999997,-569.8899999999994,1131.5699999999997,2.2296849156515965,-11,11,12,0,4656,115,2213,2.4699312714776633
2026-01-25 19:04:48.576469,0.7198218833333333,115,46,69,40.0,-381.35000000000065,2866.7100000000023,3248.059999999996,62.319782608695704,47.073333333333274,-3.316086956521745,0.8825914545913579,103.76,-86.24,50000.0,49618.65,50750.22,-0.762699999999997,-569.8899999999994,1131.5699999999997,2.2296849156515965,-11,11,12,0,4658,115,2214,2.4688707599828255
2026-01-25 19:04:48.593923,0.7201127833333333,115,46,69,40.0,-381.35000000000065,2866.7100000000023,3248.059999999996,62.319782608695704,47.073333333333274,-3.316086956521745,0.8825914545913579,103.76,-86.24,50000.0,49618.65,50750.22,-0.762699999999997,-569.8899999999994,1131.5699999999997,2.2296849156515965,-11,11,12,0,4660,115,2215,2.467811158798283
2026-01-25 19:04:48.612208,0.7204175333333332,115,46,69,40.0,-381.35000000000065,2866.7100000000023,3248.059999999996,62.319782608695704,47.073333333333274,-3.316086956521745,0.8825914545913579,103.76,-86.24,50000.0,49618.65,50750.22,-0.762699999999997,-569.8899999999994,1131.5699999999997,2.2296849156515965,-11,11,12,0,4662,115,2216,2.4667524667524665
2026-01-25 19:04:48.630126,0.7207161666666667,115,46,69,40.0,-381.35000000000065,2866.7100000000023,3248.059999999996,62.319782608695704,47.073333333333274,-3.316086956521745,0.8825914545913579,103.76,-86.24,50000.0,49618.65,50750.22,-0.762699999999997,-569.8899999999994,1131.5699999999997,2.2296849156515965,-11,11,12,0,4664,115,2217,2.4656946826758146
2026-01-25 19:04:48.648867,0.7210285166666667,115,46,69,40.0,-381.35000000000065,2866.7100000000023,3248.059999999996,62.319782608695704,47.073333333333274,-3.316086956521745,0.8825914545913579,103.76,-86.24,50000.0,49618.65,50750.22,-0.762699999999997,-569.8899999999994,1131.5699999999997,2.2296849156515965,-11,11,12,0,4666,115,2218,2.4646378054007716
2026-01-25 19:04:48.666030,0.7213145833333333,115,46,69,40.0,-381.35000000000065,2866.7100000000023,3248.059999999996,62.319782608695704,47.073333333333274,-3.316086956521745,0.8825914545913579,103.76,-86.24,50000.0,49618.65,50750.22,-0.762699999999997,-569.8899999999994,1131.5699999999997,2.2296849156515965,-11,11,12,0,4668,115,2219,2.4635818337617823
2026-01-25 19:04:48.683039,0.7215980500000001,115,46,69,40.0,-381.35000000000065,2866.7100000000023,3248.059999999996,62.319782608695704,47.073333333333274,-3.316086956521745,0.8825914545913579,103.76,-86.24,50000.0,49618.65,50750.22,-0.762699999999997,0.0,1131.5699999999997,2.2296849156515965,-11,11,12,1,4670,116,2219,2.4839400428265526
2026-01-25 19:04:48.699398,0.7218707,115,46,69,40.0,-381.35000000000065,2866.7100000000023,3248.059999999996,62.319782608695704,47.073333333333274,-3.316086956521745,0.8825914545913579,103.76,-86.24,50000.0,49627.4,50750.22,-0.7451999999999971,8.75,1131.5699999999997,2.2296849156515965,-11,11,12,1,4672,116,2220,2.482876712328767
2026-01-25 19:04:48.717641,0.7221747500000001,115,46,69,40.0,-381.35000000000065,2866.7100000000023,3248.059999999996,62.319782608695704,47.073333333333274,-3.316086956521745,0.8825914545913579,103.76,-86.24,50000.0,49634.9,50750.22,-0.7301999999999971,16.25,1131.5699999999997,2.2296849156515965,-11,11,12,2,4674,117,2220,2.503209242618742
2026-01-25 19:04:48.736597,0.7224907,115,46,69,40.0,-381.35000000000065,2866.7100000000023,3248.059999999996,62.319782608695704,47.073333333333274,-3.316086956521745,0.8825914545913579,103.76,-86.24,50000.0,49567.4,50750.22,-0.8651999999999971,-51.25,1182.8199999999997,2.3306696995599228,-11,11,12,3,4676,118,2220,2.5235243798118048
2026-01-25 19:04:48.754421,0.7227877500000001,115,46,69,40.0,-381.35000000000065,2866.7100000000023,3248.059999999996,62.319782608695704,47.073333333333274,-3.316086956521745,0.8825914545913579,103.76,-86.24,50000.0,49533.65,50750.22,-0.9326999999999971,-85.0,1216.5699999999997,2.39717187432882,-11,11,12,4,4678,119,2220,2.543822146216332
2026-01-25 19:04:48.771791,0.72307725,115,46,69,40.0,-381.35000000000065,2866.7100000000023,3248.059999999996,62.319782608695704,47.073333333333274,-3.316086956521745,0.8825914545913579,103.76,-86.24,50000.0,49573.65,50750.22,-0.852699999999997,-45.0,1216.5699999999997,2.39717187432882,-11,11,12,5,4680,120,2220,2.564102564102564
2026-01-25 19:04:48.789410,0.7233709,117,46,71,39.31623931623932,-521.3300000000006,2866.7100000000023,3388.0399999999954,62.319782608695704,47.718873239436554,-4.455811965811971,0.8461263739507225,103.76,-86.24,50000.0,49453.67,50750.22,-1.0926600000000035,-164.9800000000032,1296.550000000003,2.5547672502700536,-13,11,13,3,4682,120,2221,2.5630072618539086
2026-01-25 19:04:48.808034,0.7236813000000001,117,46,71,39.31623931623932,-521.3300000000006,2866.7100000000023,3388.0399999999954,62.319782608695704,47.718873239436554,-4.455811965811971,0.8461263739507225,103.76,-86.24,50000.0,49337.42,50750.22,-1.3251600000000034,-281.2300000000032,1412.800000000003,2.7838302966962565,-13,11,13,4,4684,121,2221,2.583262169086251
2026-01-25 19:04:48.825095,0.72396565,117,46,71,39.31623931623932,-521.3300000000006,2866.7100000000023,3388.0399999999954,62.319782608695704,47.718873239436554,-4.455811965811971,0.8461263739507225,103.76,-86.24,50000.0,49467.42,50750.22,-1.0651600000000034,-151.2300000000032,1412.800000000003,2.7838302966962565,-13,11,13,5,4686,122,2221,2.603499786598378
2026-01-25 19:04:48.842244,0.7242514666666667,117,46,71,39.31623931623932,-521.3300000000006,2866.7100000000023,3388.0399999999954,62.319782608695704,47.718873239436554,-4.455811965811971,0.8461263739507225,103.76,-86.24,50000.0,49636.17,50750.22,-0.7276600000000035,17.5199999999968,1412.800000000003,2.7838302966962565,-13,11,13,5,4688,122,2222,2.6023890784982933
2026-01-25 19:04:48.858823,0.7245277833333332,117,46,71,39.31623931623932,-521.3300000000006,2866.7100000000023,3388.0399999999954,62.319782608695704,47.718873239436554,-4.455811965811971,0.8461263739507225,103.76,-86.24,50000.0,49623.67,50750.22,-0.7526600000000035,5.019999999996799,1412.800000000003,2.7838302966962565,-13,11,13,5,4690,122,2223,2.601279317697228
2026-01-25 19:04:48.876930,0.7248295666666666,117,46,71,39.31623931623932,-521.3300000000006,2866.7100000000023,3388.0399999999954,62.319782608695704,47.718873239436554,-4.455811965811971,0.8461263739507225,103.76,-86.24,50000.0,49629.92,50750.22,-0.7401600000000035,11.269999999996799,1412.800000000003,2.7838302966962565,-13,11,13,5,4692,122,2224,2.600170502983802
2026-01-25 19:04:48.893791,0.7251105833333333,117,46,71,39.31623931623932,-521.3300000000006,2866.7100000000023,3388.0399999999954,62.319782608695704,47.718873239436554,-4.455811965811971,0.8461263739507225,103.76,-86.24,50000.0,49623.67,50750.22,-0.7526600000000035,5.019999999996799,1412.800000000003,2.7838302966962565,-13,11,13,5,4694,122,2225,2.5990626331487006
2026-01-25 19:04:48.910787,0.7253938333333333,117,46,71,39.31623931623932,-521.3300000000006,2866.7100000000023,3388.0399999999954,62.319782608695704,47.718873239436554,-4.455811965811971,0.8461263739507225,103.76,-86.24,50000.0,49629.92,50750.22,-0.7401600000000035,11.269999999996799,1412.800000000003,2.7838302966962565,-13,11,13,6,4696,123,2225,2.619250425894378
2026-01-25 19:04:48.927419,0.7256710666666667,117,46,71,39.31623931623932,-521.3300000000006,2866.7100000000023,3388.0399999999954,62.319782608695704,47.718873239436554,-4.455811965811971,0.8461263739507225,103.76,-86.24,50000.0,49839.92,50750.22,-0.3201600000000035,221.2699999999968,1412.800000000003,2.7838302966962565,-13,11,13,6,4698,123,2226,2.6181353767560664
2026-01-25 19:04:48.943993,0.7259472833333334,117,46,71,39.31623931623932,-521.3300000000006,2866.7100000000023,3388.0399999999954,62.319782608695704,47.718873239436554,-4.455811965811971,0.8461263739507225,103.76,-86.24,50000.0,49809.92,50750.22,-0.3801600000000035,191.2699999999968,1412.800000000003,2.7838302966962565,-13,11,13,6,4700,123,2227,2.617021276595745
2026-01-25 19:04:48.960813,0.7262276166666666,117,46,71,39.31623931623932,-521.3300000000006,2866.7100000000023,3388.0399999999954,62.319782608695704,47.718873239436554,-4.455811965811971,0.8461263739507225,103.76,-86.24,50000.0,49854.92,50750.22,-0.29016000000000347,236.2699999999968,1412.800000000003,2.7838302966962565,-13,11,13,7,4702,124,2227,2.6371756699276903
2026-01-25 19:04:48.977511,0.7265059333333334,117,46,71,39.31623931623932,-521.3300000000006,2866.7100000000023,3388.0399999999954,62.319782608695704,47.718873239436554,-4.455811965811971,0.8461263739507225,103.76,-86.24,50000.0,49933.67,50750.22,-0.1326600000000035,315.0199999999968,1412.800000000003,2.7838302966962565,-13,11,13,7,4704,124,2228,2.6360544217687076
2026-01-25 19:04:48.994123,0.7267827833333332,117,46,71,39.31623931623932,-521.3300000000006,2866.7100000000023,3388.0399999999954,62.319782608695704,47.718873239436554,-4.455811965811971,0.8461263739507225,103.76,-86.24,50000.0,49802.42,50750.22,-0.3951600000000035,183.7699999999968,1412.800000000003,2.7838302966962565,-13,11,13,7,4706,124,2229,2.634934126646834
2026-01-25 19:04:49.010895,0.7270623166666667,117,46,71,39.31623931623932,-521.3300000000006,2866.7100000000023,3388.0399999999954,62.319782608695704,47.718873239436554,-4.455811965811971,0.8461263739507225,103.76,-86.24,50000.0,49741.17,50750.22,-0.5176600000000035,122.5199999999968,1412.800000000003,2.7838302966962565,-13,11,13,7,4708,124,2230,2.6338147833474936
2026-01-25 19:04:49.027957,0.7273466666666667,117,46,71,39.31623931623932,-521.3300000000006,2866.7100000000023,3388.0399999999954,62.319782608695704,47.718873239436554,-4.455811965811971,0.8461263739507225,103.76,-86.24,50000.0,49679.92,50750.22,-0.6401600000000035,61.2699999999968,1412.800000000003,2.7838302966962565,-13,11,13,8,4710,125,2230,2.6539278131634823
2026-01-25 19:04:49.044707,0.72762585,117,46,71,39.31623931623932,-521.3300000000006,2866.7100000000023,3388.0399999999954,62.319782608695704,47.718873239436554,-4.455811965811971,0.8461263739507225,103.76,-86.24,50000.0,49669.92,50750.22,-0.6601600000000035,51.2699999999968,1412.800000000003,2.7838302966962565,-13,11,13,9,4712,126,2230,2.67402376910017
2026-01-25 19:04:49.061286,0.7279021666666666,117,46,71,39.31623931623932,-521.3300000000006,2866.7100000000023,3388.0399999999954,62.319782608695704,47.718873239436554,-4.455811965811971,0.8461263739507225,103.76,-86.24,50000.0,49501.17,50750.22,-0.9976600000000035,-117.4800000000032,1412.800000000003,2.7838302966962565,-13,11,13,10,4714,127,2230,2.694102672889266
2026-01-25 19:04:49.077987,0.7281805166666667,117,46,71,39.31623931623932,-521.3300000000006,2866.7100000000023,3388.0399999999954,62.319782608695704,47.718873239436554,-4.455811965811971,0.8461263739507225,103.76,-86.24,50000.0,49601.17,50750.22,-0.7976600000000035,-17.4800000000032,1412.800000000003,2.7838302966962565,-13,11,13,11,4716,128,2230,2.7141645462256148
2026-01-25 19:04:49.095116,0.728466,117,46,71,39.31623931623932,-521.3300000000006,2866.7100000000023,3388.0399999999954,62.319782608695704,47.718873239436554,-4.455811965811971,0.8461263739507225,103.76,-86.24,50000.0,49628.67,50750.22,-0.7426600000000035,10.019999999996799,1412.800000000003,2.7838302966962565,-13,11,13,12,4718,129,2230,2.7342094107672743
2026-01-25 19:04:49.112009,0.72874755,117,46,71,39.31623931623932,-521.3300000000006,2866.7100000000023,3388.0399999999954,62.319782608695704,47.718873239436554,-4.455811965811971,0.8461263739507225,103.76,-86.24,50000.0,49553.67,50750.22,-0.8926600000000035,-64.9800000000032,1412.800000000003,2.7838302966962565,-13,11,13,13,4720,130,2230,2.754237288135593
2026-01-25 19:04:49.128575,0.72902365,118,46,72,38.983050847457626,-586.3200000000006,2866.7100000000023,3453.029999999995,62.319782608695704,47.95874999999993,-4.968813559322039,0.8302013014656711,103.76,-86.24,50000.0,49362.43,50750.22,-1.2751399999999995,-256.22000000000116,1412.800000000003,2.7838302966962565,-14,11,14,12,4722,130,2231,2.7530707327403645
2026-01-25 19:04:49.146012,0.7293142666666667,118,46,72,38.983050847457626,-586.3200000000006,2866.7100000000023,3453.029999999995,62.319782608695704,47.95874999999993,-4.968813559322039,0.8302013014656711,103.76,-86.24,50000.0,49242.43,50750.22,-1.5151399999999993,-376.22000000000116,1507.7900000000009,2.9710018991050693,-14,11,14,13,4724,131,2231,2.77307366638442
2026-01-25 19:04:49.162989,0.7295972166666667,123,46,77,37.39837398373984,-832.5200000000007,2866.7100000000023,3699.229999999994,62.319782608695704,48.041948051947976,-6.768455284552851,0.7749477593985794,103.76,-86.24,50000.0,49121.229999999996,50750.22,-1.757540000000008,-497.42000000000553,1628.9900000000052,3.2098185978307194,-19,11,19,8,4726,131,2232,2.7719001269572576
2026-01-25 19:04:49.179421,0.7298710833333334,123,46,77,37.39837398373984,-832.5200000000007,2866.7100000000023,3699.229999999994,62.319782608695704,48.041948051947976,-6.768455284552851,0.7749477593985794,103.76,-86.24,50000.0,49091.229999999996,50750.22,-1.8175400000000081,-527.4200000000055,1658.9900000000052,3.268931642069739,-19,11,19,8,4728,131,2233,2.7707275803722506
2026-01-25 19:04:49.224979,0.7306303833333333,123,46,77,37.39837398373984,-832.5200000000007,2866.7100000000023,3699.229999999994,62.319782608695704,48.041948051947976,-6.768455284552851,0.7749477593985794,103.76,-86.24,50000.0,48981.229999999996,50750.22,-2.0375400000000083,-637.4200000000055,1768.9900000000052,3.485679470946146,-19,11,19,8,4730,131,2234,2.7695560253699787
2026-01-25 19:04:49.244450,0.7309549000000001,123,46,77,37.39837398373984,-832.5200000000007,2866.7100000000023,3699.229999999994,62.319782608695704,48.041948051947976,-6.768455284552851,0.7749477593985794,103.76,-86.24,50000.0,48981.229999999996,50750.22,-2.0375400000000083,-637.4200000000055,1768.9900000000052,3.485679470946146,-19,11,19,8,4732,131,2235,2.768385460693153
2026-01-25 19:04:49.261486,0.7312388333333334,124,46,78,37.096774193548384,-881.2600000000007,2866.7100000000023,3747.969999999994,62.319782608695704,48.050897435897355,-7.1069354838709735,0.7648700496535477,103.76,-86.24,50000.0,48944.99,50750.22,-2.110020000000004,-673.6600000000035,1805.2300000000032,3.557088028386878,-20,11,20,7,4734,131,2236,2.7672158850866073
2026-01-25 19:04:49.278598,0.7315240333333333,125,46,79,36.8,-926.2500000000007,2866.7100000000023,3792.9599999999937,62.319782608695704,48.012151898734096,-7.4100000000000055,0.7557975828904093,103.76,-86.24,50000.0,48827.5,50750.22,-2.3449999999999998,-791.1500000000015,1922.7200000000012,3.7885944139749563,-21,11,21,6,4736,131,2237,2.7660472972972974
2026-01-25 19:04:49.295444,0.7318048,126,46,80,36.507936507936506,-1004.9900000000007,2866.7100000000023,3871.6999999999935,62.319782608695704,48.39624999999992,-7.976111111111116,0.7404266859519093,103.76,-86.24,50000.0,48808.76,50750.22,-2.3824799999999957,-809.8899999999994,1941.4599999999991,3.82552036227626,-22,11,22,5,4738,131,2238,2.764879696074293
2026-01-25 19:04:49.312235,0.7320846499999999,126,46,80,36.507936507936506,-1004.9900000000007,2866.7100000000023,3871.6999999999935,62.319782608695704,48.39624999999992,-7.976111111111116,0.7404266859519093,103.76,-86.24,50000.0,48840.01,50750.22,-2.3199799999999957,-778.6399999999994,1941.4599999999991,3.82552036227626,-22,11,22,5,4740,131,2239,2.7637130801687766
2026-01-25 19:04:49.329232,0.73236795,126,46,80,36.507936507936506,-1004.9900000000007,2866.7100000000023,3871.6999999999935,62.319782608695704,48.39624999999992,-7.976111111111116,0.7404266859519093,103.76,-86.24,50000.0,48821.26,50750.22,-2.357479999999996,-797.3899999999994,1941.4599999999991,3.82552036227626,-22,11,22,5,4742,131,2240,2.762547448334036
2026-01-25 19:04:49.346107,0.7326491833333333,126,46,80,36.507936507936506,-1004.9900000000007,2866.7100000000023,3871.6999999999935,62.319782608695704,48.39624999999992,-7.976111111111116,0.7404266859519093,103.76,-86.24,50000.0,48783.76,50750.22,-2.432479999999996,-834.8899999999994,1966.4599999999991,3.874781232475444,-22,11,22,5,4744,131,2241,2.761382799325464
2026-01-25 19:04:49.363312,0.73293595,126,46,80,36.507936507936506,-1004.9900000000007,2866.7100000000023,3871.6999999999935,62.319782608695704,48.39624999999992,-7.976111111111116,0.7404266859519093,103.76,-86.24,50000.0,48821.26,50750.22,-2.357479999999996,-797.3899999999994,1966.4599999999991,3.874781232475444,-22,11,22,5,4746,131,2242,2.760219131900548
2026-01-25 19:04:49.380006,0.7332141666666666,126,46,80,36.507936507936506,-1004.9900000000007,2866.7100000000023,3871.6999999999935,62.319782608695704,48.39624999999992,-7.976111111111116,0.7404266859519093,103.76,-86.24,50000.0,48771.26,50750.22,-2.457479999999996,-847.3899999999994,1978.9599999999991,3.8994116675750354,-22,11,22,5,4748,131,2243,2.759056444818871
2026-01-25 19:04:49.396876,0.7334953333333334,128,46,82,35.9375,-1157.4700000000007,2866.7100000000023,4024.179999999993,62.319782608695704,49.075365853658454,-9.042734375000006,0.7123712159992861,103.76,-86.24,50000.0,48717.53,50750.22,-2.564940000000002,-901.1200000000026,2032.6900000000023,4.005283129807126,-24,11,24,3,4750,131,2244,2.7578947368421054
2026-01-25 19:04:49.413113,0.7337659666666667,129,46,83,35.65891472868217,-1233.7100000000007,2866.7100000000023,4100.419999999993,62.319782608695704,49.40265060240955,-9.563643410852718,0.6991259431960646,103.76,-86.24,50000.0,48651.29,50750.22,-2.6974199999999984,-967.3600000000006,2098.9300000000003,4.135804731486878,-25,11,25,2,4752,131,2245,2.7567340067340065
2026-01-25 19:04:49.429994,0.7340473000000001,129,46,83,35.65891472868217,-1233.7100000000007,2866.7100000000023,4100.419999999993,62.319782608695704,49.40265060240955,-9.563643410852718,0.6991259431960646,103.76,-86.24,50000.0,48671.29,50750.22,-2.6574199999999983,-947.3600000000006,2098.9300000000003,4.135804731486878,-25,11,25,2,4754,131,2246,2.755574253260412
2026-01-25 19:04:49.446616,0.7343243333333334,129,46,83,35.65891472868217,-1233.7100000000007,2866.7100000000023,4100.419999999993,62.319782608695704,49.40265060240955,-9.563643410852718,0.6991259431960646,103.76,-86.24,50000.0,48696.29,50750.22,-2.607419999999998,-922.3600000000006,2098.9300000000003,4.135804731486878,-25,11,25,2,4756,131,2247,2.754415475189235
2026-01-25 19:04:49.463389,0.7346038833333334,129,46,83,35.65891472868217,-1233.7100000000007,2866.7100000000023,4100.419999999993,62.319782608695704,49.40265060240955,-9.563643410852718,0.6991259431960646,103.76,-86.24,50000.0,48728.79,50750.22,-2.5424199999999986,-889.8600000000006,2098.9300000000003,4.135804731486878,-25,11,25,2,4758,131,2248,2.7532576712904584
2026-01-25 19:04:49.479953,0.73487995,129,46,83,35.65891472868217,-1233.7100000000007,2866.7100000000023,4100.419999999993,62.319782608695704,49.40265060240955,-9.563643410852718,0.6991259431960646,103.76,-86.24,50000.0,48738.79,50750.22,-2.522419999999998,-879.8600000000006,2098.9300000000003,4.135804731486878,-25,11,25,2,4760,131,2249,2.7521008403361344
2026-01-25 19:04:49.497177,0.7351670166666667,129,46,83,35.65891472868217,-1233.7100000000007,2866.7100000000023,4100.419999999993,62.319782608695704,49.40265060240955,-9.563643410852718,0.6991259431960646,103.76,-86.24,50000.0,48743.79,50750.22,-2.5124199999999983,-874.8600000000006,2098.9300000000003,4.135804731486878,-25,11,25,2,4762,131,2250,2.750944981100378
2026-01-25 19:04:49.514580,0.7354570666666667,129,46,83,35.65891472868217,-1233.7100000000007,2866.7100000000023,4100.419999999993,62.319782608695704,49.40265060240955,-9.563643410852718,0.6991259431960646,103.76,-86.24,50000.0,48778.79,50750.22,-2.4424199999999985,-839.8600000000006,2098.9300000000003,4.135804731486878,-25,11,25,2,4764,131,2251,2.749790092359362
2026-01-25 19:04:49.533730,0.73577625,129,46,83,35.65891472868217,-1233.7100000000007,2866.7100000000023,4100.419999999993,62.319782608695704,49.40265060240955,-9.563643410852718,0.6991259431960646,103.76,-86.24,50000.0,48748.79,50750.22,-2.502419999999998,-869.8600000000006,2098.9300000000003,4.135804731486878,-25,11,25,2,4766,131,2252,2.7486361728913136
2026-01-25 19:04:49.553094,0.7360989666666666,129,46,83,35.65891472868217,-1233.7100000000007,2866.7100000000023,4100.419999999993,62.319782608695704,49.40265060240955,-9.563643410852718,0.6991259431960646,103.76,-86.24,50000.0,48751.29,50750.22,-2.497419999999998,-867.3600000000006,2098.9300000000003,4.135804731486878,-25,11,25,2,4768,131,2253,2.74748322147651
2026-01-25 19:04:49.571709,0.7364092166666667,129,46,83,35.65891472868217,-1233.7100000000007,2866.7100000000023,4100.419999999993,62.319782608695704,49.40265060240955,-9.563643410852718,0.6991259431960646,103.76,-86.24,50000.0,48771.29,50750.22,-2.457419999999998,-847.3600000000006,2098.9300000000003,4.135804731486878,-25,11,25,2,4770,131,2254,2.7463312368972743
2026-01-25 19:04:49.588897,0.7366956833333334,129,46,83,35.65891472868217,-1233.7100000000007,2866.7100000000023,4100.419999999993,62.319782608695704,49.40265060240955,-9.563643410852718,0.6991259431960646,103.76,-86.24,50000.0,48746.29,50750.22,-2.5074199999999984,-872.3600000000006,2098.9300000000003,4.135804731486878,-25,11,25,2,4772,131,2255,2.745180217937971
2026-01-25 19:04:49.607154,0.7369999833333334,129,46,83,35.65891472868217,-1233.7100000000007,2866.7100000000023,4100.419999999993,62.319782608695704,49.40265060240955,-9.563643410852718,0.6991259431960646,103.76,-86.24,50000.0,48738.79,50750.22,-2.522419999999998,-879.8600000000006,2098.9300000000003,4.135804731486878,-25,11,25,2,4774,131,2256,2.744030163385002
2026-01-25 19:04:49.625205,0.7373008166666666,129,46,83,35.65891472868217,-1233.7100000000007,2866.7100000000023,4100.419999999993,62.319782608695704,49.40265060240955,-9.563643410852718,0.6991259431960646,103.76,-86.24,50000.0,48793.79,50750.22,-2.4124199999999982,-824.8600000000006,2098.9300000000003,4.135804731486878,-25,11,25,2,4776,131,2257,2.7428810720268006
2026-01-25 19:04:49.644395,0.7376206666666667,129,46,83,35.65891472868217,-1233.7100000000007,2866.7100000000023,4100.419999999993,62.319782608695704,49.40265060240955,-9.563643410852718,0.6991259431960646,103.76,-86.24,50000.0,48816.29,50750.22,-2.3674199999999983,-802.3600000000006,2098.9300000000003,4.135804731486878,-25,11,25,2,4778,131,2258,2.7417329426538304
2026-01-25 19:04:49.663521,0.7379394333333333,129,46,83,35.65891472868217,-1233.7100000000007,2866.7100000000023,4100.419999999993,62.319782608695704,49.40265060240955,-9.563643410852718,0.6991259431960646,103.76,-86.24,50000.0,48786.29,50750.22,-2.4274199999999984,-832.3600000000006,2098.9300000000003,4.135804731486878,-25,11,25,2,4780,131,2259,2.7405857740585775
2026-01-25 19:04:49.680598,0.7382240333333333,129,46,83,35.65891472868217,-1233.7100000000007,2866.7100000000023,4100.419999999993,62.319782608695704,49.40265060240955,-9.563643410852718,0.6991259431960646,103.76,-86.24,50000.0,48788.79,50750.22,-2.4224199999999985,-829.8600000000006,2098.9300000000003,4.135804731486878,-25,11,25,2,4782,131,2260,2.73943956503555
2026-01-25 19:04:49.697123,0.7384994666666667,129,46,83,35.65891472868217,-1233.7100000000007,2866.7100000000023,4100.419999999993,62.319782608695704,49.40265060240955,-9.563643410852718,0.6991259431960646,103.76,-86.24,50000.0,48761.29,50750.22,-2.477419999999998,-857.3600000000006,2098.9300000000003,4.135804731486878,-25,11,25,2,4784,131,2261,2.738294314381271
2026-01-25 19:04:49.714051,0.7387815833333333,129,46,83,35.65891472868217,-1233.7100000000007,2866.7100000000023,4100.419999999993,62.319782608695704,49.40265060240955,-9.563643410852718,0.6991259431960646,103.76,-86.24,50000.0,48786.29,50750.22,-2.4274199999999984,-832.3600000000006,2098.9300000000003,4.135804731486878,-25,11,25,2,4786,131,2262,2.737150020894275
2026-01-25 19:04:49.730548,0.73905655,129,46,83,35.65891472868217,-1233.7100000000007,2866.7100000000023,4100.419999999993,62.319782608695704,49.40265060240955,-9.563643410852718,0.6991259431960646,103.76,-86.24,50000.0,48758.79,50750.22,-2.4824199999999985,-859.8600000000006,2098.9300000000003,4.135804731486878,-25,11,25,2,4788,131,2263,2.736006683375104
2026-01-25 19:04:49.746940,0.7393297333333333,129,46,83,35.65891472868217,-1233.7100000000007,2866.7100000000023,4100.419999999993,62.319782608695704,49.40265060240955,-9.563643410852718,0.6991259431960646,103.76,-86.24,50000.0,48778.79,50750.22,-2.4424199999999985,-839.8600000000006,2098.9300000000003,4.135804731486878,-25,11,25,2,4790,131,2264,2.7348643006263047
2026-01-25 19:04:49.764005,0.73961415,129,46,83,35.65891472868217,-1233.7100000000007,2866.7100000000023,4100.419999999993,62.319782608695704,49.40265060240955,-9.563643410852718,0.6991259431960646,103.76,-86.24,50000.0,48763.79,50750.22,-2.4724199999999983,-854.8600000000006,2098.9300000000003,4.135804731486878,-25,11,25,2,4792,131,2265,2.7337228714524207
2026-01-25 19:04:49.780329,0.7398862166666667,129,46,83,35.65891472868217,-1233.7100000000007,2866.7100000000023,4100.419999999993,62.319782608695704,49.40265060240955,-9.563643410852718,0.6991259431960646,103.76,-86.24,50000.0,48833.79,50750.22,-2.332419999999998,-784.8600000000006,2098.9300000000003,4.135804731486878,-25,11,25,2,4794,131,2266,2.7325823946599916
2026-01-25 19:04:49.797015,0.7401643166666666,129,46,83,35.65891472868217,-1233.7100000000007,2866.7100000000023,4100.419999999993,62.319782608695704,49.40265060240955,-9.563643410852718,0.6991259431960646,103.76,-86.24,50000.0,48838.79,50750.22,-2.3224199999999984,-779.8600000000006,2098.9300000000003,4.135804731486878,-25,11,25,2,4796,131,2267,2.731442869057548
2026-01-25 19:04:49.813397,0.74043735,129,46,83,35.65891472868217,-1233.7100000000007,2866.7100000000023,4100.419999999993,62.319782608695704,49.40265060240955,-9.563643410852718,0.6991259431960646,103.76,-86.24,50000.0,48813.79,50750.22,-2.372419999999998,-804.8600000000006,2098.9300000000003,4.135804731486878,-25,11,25,2,4798,131,2268,2.7303042934556063
2026-01-25 19:04:49.829949,0.7407132166666667,129,46,83,35.65891472868217,-1233.7100000000007,2866.7100000000023,4100.419999999993,62.319782608695704,49.40265060240955,-9.563643410852718,0.6991259431960646,103.76,-86.24,50000.0,48841.29,50750.22,-2.317419999999998,-777.3600000000006,2098.9300000000003,4.135804731486878,-25,11,25,2,4800,131,2269,2.7291666666666665
2026-01-25 19:04:49.846603,0.7409908000000001,129,46,83,35.65891472868217,-1233.7100000000007,2866.7100000000023,4100.419999999993,62.319782608695704,49.40265060240955,-9.563643410852718,0.6991259431960646,103.76,-86.24,50000.0,48813.79,50750.22,-2.372419999999998,-804.8600000000006,2098.9300000000003,4.135804731486878,-25,11,25,2,4802,131,2270,2.7280299875052063
2026-01-25 19:04:49.863162,0.7412667666666667,129,46,83,35.65891472868217,-1233.7100000000007,2866.7100000000023,4100.419999999993,62.319782608695704,49.40265060240955,-9.563643410852718,0.6991259431960646,103.76,-86.24,50000.0,48841.29,50750.22,-2.317419999999998,-777.3600000000006,2098.9300000000003,4.135804731486878,-25,11,25,2,4804,131,2271,2.726894254787677
2026-01-25 19:04:49.879527,0.7415395166666666,129,46,83,35.65891472868217,-1233.7100000000007,2866.7100000000023,4100.419999999993,62.319782608695704,49.40265060240955,-9.563643410852718,0.6991259431960646,103.76,-86.24,50000.0,48801.29,50750.22,-2.3974199999999986,-817.3600000000006,2098.9300000000003,4.135804731486878,-25,11,25,2,4806,131,2272,2.725759467332501
2026-01-25 19:04:49.897044,0.7418314666666667,129,46,83,35.65891472868217,-1233.7100000000007,2866.7100000000023,4100.419999999993,62.319782608695704,49.40265060240955,-9.563643410852718,0.6991259431960646,103.76,-86.24,50000.0,48831.29,50750.22,-2.3374199999999985,-787.3600000000006,2098.9300000000003,4.135804731486878,-25,11,25,2,4808,131,2273,2.7246256239600664
2026-01-25 19:04:49.915355,0.7421366500000001,129,46,83,35.65891472868217,-1233.7100000000007,2866.7100000000023,4100.419999999993,62.319782608695704,49.40265060240955,-9.563643410852718,0.6991259431960646,103.76,-86.24,50000.0,48806.29,50750.22,-2.387419999999998,-812.3600000000006,2098.9300000000003,4.135804731486878,-25,11,25,2,4810,131,2274,2.7234927234927238
2026-01-25 19:04:49.933671,0.7424419333333333,129,46,83,35.65891472868217,-1233.7100000000007,2866.7100000000023,4100.419999999993,62.319782608695704,49.40265060240955,-9.563643410852718,0.6991259431960646,103.76,-86.24,50000.0,48833.79,50750.22,-2.332419999999998,-784.8600000000006,2098.9300000000003,4.135804731486878,-25,11,25,2,4812,131,2275,2.7223607647547796
2026-01-25 19:04:49.951841,0.7427447666666667,129,46,83,35.65891472868217,-1233.7100000000007,2866.7100000000023,4100.419999999993,62.319782608695704,49.40265060240955,-9.563643410852718,0.6991259431960646,103.76,-86.24,50000.0,48828.79,50750.22,-2.3424199999999984,-789.8600000000006,2098.9300000000003,4.135804731486878,-25,11,25,2,4814,131,2276,2.721229746572497
2026-01-25 19:04:49.969938,0.7430463666666667,129,46,83,35.65891472868217,-1233.7100000000007,2866.7100000000023,4100.419999999993,62.319782608695704,49.40265060240955,-9.563643410852718,0.6991259431960646,103.76,-86.24,50000.0,48818.79,50750.22,-2.3624199999999984,-799.8600000000006,2098.9300000000003,4.135804731486878,-25,11,25,2,4816,131,2277,2.7200996677740865
2026-01-25 19:04:49.987082,0.7433320833333333,129,46,83,35.65891472868217,-1233.7100000000007,2866.7100000000023,4100.419999999993,62.319782608695704,49.40265060240955,-9.563643410852718,0.6991259431960646,103.76,-86.24,50000.0,48776.29,50750.22,-2.4474199999999984,-842.3600000000006,2098.9300000000003,4.135804731486878,-25,11,25,2,4818,131,2278,2.7189705271897053
2026-01-25 19:04:50.056290,0.7444856166666667,129,46,83,35.65891472868217,-1233.7100000000007,2866.7100000000023,4100.419999999993,62.319782608695704,49.40265060240955,-9.563643410852718,0.6991259431960646,103.76,-86.24,50000.0,48781.29,50750.22,-2.437419999999998,-837.3600000000006,2098.9300000000003,4.135804731486878,-25,11,25,2,4820,131,2279,2.7178423236514524
2026-01-25 19:04:50.111235,0.7454013333333334,129,46,83,35.65891472868217,-1233.7100000000007,2866.7100000000023,4100.419999999993,62.319782608695704,49.40265060240955,-9.563643410852718,0.6991259431960646,103.76,-86.24,50000.0,48781.29,50750.22,-2.437419999999998,-837.3600000000006,2098.9300000000003,4.135804731486878,-25,11,25,2,4822,131,2280,2.716715055993364
2026-01-25 19:04:50.138794,0.7458606333333333,129,46,83,35.65891472868217,-1233.7100000000007,2866.7100000000023,4100.419999999993,62.319782608695704,49.40265060240955,-9.563643410852718,0.6991259431960646,103.76,-86.24,50000.0,48791.29,50750.22,-2.417419999999998,-827.3600000000006,2098.9300000000003,4.135804731486878,-25,11,25,2,4824,131,2281,2.7155887230514097
2026-01-25 19:04:50.179400,0.7465374333333333,131,48,83,36.6412213740458,-972.4400000000007,3127.9800000000023,4100.419999999993,65.16625000000005,49.40265060240955,-7.423206106870235,0.7628438062442403,132.51,-86.24,50000.0,49027.56,50750.22,-1.9448800000000048,236.2699999999968,2098.9300000000003,4.135804731486878,2,11,25,0,4826,131,2282,2.714463323663489
2026-01-25 19:04:50.198357,0.74685335,131,48,83,36.6412213740458,-972.4400000000007,3127.9800000000023,4100.419999999993,65.16625000000005,49.40265060240955,-7.423206106870235,0.7628438062442403,132.51,-86.24,50000.0,49027.56,50750.22,-1.9448800000000048,236.2699999999968,2098.9300000000003,4.135804731486878,2,11,25,0,4828,131,2283,2.713338856669428
2026-01-25 19:04:50.216264,0.7471517999999999,131,48,83,36.6412213740458,-972.4400000000007,3127.9800000000023,4100.419999999993,65.16625000000005,49.40265060240955,-7.423206106870235,0.7628438062442403,132.51,-86.24,50000.0,49027.56,50750.22,-1.9448800000000048,236.2699999999968,2098.9300000000003,4.135804731486878,2,11,25,0,4830,131,2284,2.7122153209109734
2026-01-25 19:04:50.233809,0.7474442166666667,131,48,83,36.6412213740458,-972.4400000000007,3127.9800000000023,4100.419999999993,65.16625000000005,49.40265060240955,-7.423206106870235,0.7628438062442403,132.51,-86.24,50000.0,49027.56,50750.22,-1.9448800000000048,236.2699999999968,2098.9300000000003,4.135804731486878,2,11,25,0,4832,131,2285,2.711092715231788
2026-01-25 19:04:50.251963,0.7477467833333333,131,48,83,36.6412213740458,-972.4400000000007,3127.9800000000023,4100.419999999993,65.16625000000005,49.40265060240955,-7.423206106870235,0.7628438062442403,132.51,-86.24,50000.0,49027.56,50750.22,-1.9448800000000048,236.2699999999968,2098.9300000000003,4.135804731486878,2,11,25,0,4834,131,2286,2.7099710384774514
2026-01-25 19:04:50.272505,0.7480891666666667,131,48,83,36.6412213740458,-972.4400000000007,3127.9800000000023,4100.419999999993,65.16625000000005,49.40265060240955,-7.423206106870235,0.7628438062442403,132.51,-86.24,50000.0,49027.56,50750.22,-1.9448800000000048,236.2699999999968,2098.9300000000003,4.135804731486878,2,11,25,0,4836,131,2287,2.7088502894954507
2026-01-25 19:04:50.296774,0.7484936333333334,131,48,83,36.6412213740458,-972.4400000000007,3127.9800000000023,4100.419999999993,65.16625000000005,49.40265060240955,-7.423206106870235,0.7628438062442403,132.51,-86.24,50000.0,49027.56,50750.22,-1.9448800000000048,236.2699999999968,2098.9300000000003,4.135804731486878,2,11,25,0,4838,131,2288,2.7077304671351796
2026-01-25 19:04:50.314474,0.7487886333333333,131,48,83,36.6412213740458,-972.4400000000007,3127.9800000000023,4100.419999999993,65.16625000000005,49.40265060240955,-7.423206106870235,0.7628438062442403,132.51,-86.24,50000.0,49027.56,50750.22,-1.9448800000000048,236.2699999999968,2098.9300000000003,4.135804731486878,2,11,25,0,4840,131,2289,2.706611570247934
2026-01-25 19:04:50.332052,0.7490816,131,48,83,36.6412213740458,-972.4400000000007,3127.9800000000023,4100.419999999993,65.16625000000005,49.40265060240955,-7.423206106870235,0.7628438062442403,132.51,-86.24,50000.0,49027.56,50750.22,-1.9448800000000048,236.2699999999968,2098.9300000000003,4.135804731486878,2,11,25,0,4842,131,2290,2.7054935976869063
2026-01-25 19:04:50.348504,0.7493558,131,48,83,36.6412213740458,-972.4400000000007,3127.9800000000023,4100.419999999993,65.16625000000005,49.40265060240955,-7.423206106870235,0.7628438062442403,132.51,-86.24,50000.0,49027.56,50750.22,-1.9448800000000048,236.2699999999968,2098.9300000000003,4.135804731486878,2,11,25,0,4844,131,2291,2.704376548307184
2026-01-25 19:04:50.365078,0.7496320333333333,131,48,83,36.6412213740458,-972.4400000000007,3127.9800000000023,4100.419999999993,65.16625000000005,49.40265060240955,-7.423206106870235,0.7628438062442403,132.51,-86.24,50000.0,49027.56,50750.22,-1.9448800000000048,236.2699999999968,2098.9300000000003,4.135804731486878,2,11,25,0,4846,131,2292,2.703260420965745
2026-01-25 19:04:50.382151,0.7499165833333333,131,48,83,36.6412213740458,-972.4400000000007,3127.9800000000023,4100.419999999993,65.16625000000005,49.40265060240955,-7.423206106870235,0.7628438062442403,132.51,-86.24,50000.0,49027.56,50750.22,-1.9448800000000048,236.2699999999968,2098.9300000000003,4.135804731486878,2,11,25,0,4848,131,2293,2.7021452145214524
2026-01-25 19:04:50.399291,0.75020225,131,48,83,36.6412213740458,-972.4400000000007,3127.9800000000023,4100.419999999993,65.16625000000005,49.40265060240955,-7.423206106870235,0.7628438062442403,132.51,-86.24,50000.0,49027.56,50750.22,-1.9448800000000048,236.2699999999968,2098.9300000000003,4.135804731486878,2,11,25,0,4850,131,2294,2.7010309278350517
2026-01-25 19:04:50.415744,0.7504764666666667,131,48,83,36.6412213740458,-972.4400000000007,3127.9800000000023,4100.419999999993,65.16625000000005,49.40265060240955,-7.423206106870235,0.7628438062442403,132.51,-86.24,50000.0,49027.56,50750.22,-1.9448800000000048,236.2699999999968,2098.9300000000003,4.135804731486878,2,11,25,0,4852,131,2295,2.6999175597691676
2026-01-25 19:04:50.432680,0.7507587333333333,131,48,83,36.6412213740458,-972.4400000000007,3127.9800000000023,4100.419999999993,65.16625000000005,49.40265060240955,-7.423206106870235,0.7628438062442403,132.51,-86.24,50000.0,49027.56,50750.22,-1.9448800000000048,236.2699999999968,2098.9300000000003,4.135804731486878,2,11,25,0,4854,131,2296,2.698805109188298
2026-01-25 19:04:50.449314,0.7510359666666666,131,48,83,36.6412213740458,-972.4400000000007,3127.9800000000023,4100.419999999993,65.16625000000005,49.40265060240955,-7.423206106870235,0.7628438062442403,132.51,-86.24,50000.0,49027.56,50750.22,-1.9448800000000048,236.2699999999968,2098.9300000000003,4.135804731486878,2,11,25,0,4856,131,2297,2.697693574958814
2026-01-25 19:04:50.466204,0.7513174666666667,131,48,83,36.6412213740458,-972.4400000000007,3127.9800000000023,4100.419999999993,65.16625000000005,49.40265060240955,-7.423206106870235,0.7628438062442403,132.51,-86.24,50000.0,49027.56,50750.22,-1.9448800000000048,236.2699999999968,2098.9300000000003,4.135804731486878,2,11,25,0,4858,131,2298,2.6965829559489505
2026-01-25 19:04:50.483165,0.75160015,131,48,83,36.6412213740458,-972.4400000000007,3127.9800000000023,4100.419999999993,65.16625000000005,49.40265060240955,-7.423206106870235,0.7628438062442403,132.51,-86.24,50000.0,49027.56,50750.22,-1.9448800000000048,236.2699999999968,2098.9300000000003,4.135804731486878,2,11,25,0,4860,131,2299,2.695473251028807
2026-01-25 19:04:50.500055,0.75188165,131,48,83,36.6412213740458,-972.4400000000007,3127.9800000000023,4100.419999999993,65.16625000000005,49.40265060240955,-7.423206106870235,0.7628438062442403,132.51,-86.24,50000.0,49027.56,50750.22,-1.9448800000000048,236.2699999999968,2098.9300000000003,4.135804731486878,2,11,25,0,4862,131,2300,2.694364459070341
2026-01-25 19:04:50.517110,0.7521658833333333,131,48,83,36.6412213740458,-972.4400000000007,3127.9800000000023,4100.419999999993,65.16625000000005,49.40265060240955,-7.423206106870235,0.7628438062442403,132.51,-86.24,50000.0,49027.56,50750.22,-1.9448800000000048,236.2699999999968,2098.9300000000003,4.135804731486878,2,11,25,0,4864,131,2301,2.693256578947368
2026-01-25 19:04:50.535646,0.7524748333333334,131,48,83,36.6412213740458,-972.4400000000007,3127.9800000000023,4100.419999999993,65.16625000000005,49.40265060240955,-7.423206106870235,0.7628438062442403,132.51,-86.24,50000.0,49027.56,50750.22,-1.9448800000000048,236.2699999999968,2098.9300000000003,4.135804731486878,2,11,25,0,4866,131,2302,2.692149609535553
2026-01-25 19:04:50.552896,0.7527623333333333,131,48,83,36.6412213740458,-972.4400000000007,3127.9800000000023,4100.419999999993,65.16625000000005,49.40265060240955,-7.423206106870235,0.7628438062442403,132.51,-86.24,50000.0,49027.56,50750.22,-1.9448800000000048,236.2699999999968,2098.9300000000003,4.135804731486878,2,11,25,0,4868,131,2303,2.6910435497124077
2026-01-25 19:04:50.569292,0.7530356,131,48,83,36.6412213740458,-972.4400000000007,3127.9800000000023,4100.419999999993,65.16625000000005,49.40265060240955,-7.423206106870235,0.7628438062442403,132.51,-86.24,50000.0,49027.56,50750.22,-1.9448800000000048,236.2699999999968,2098.9300000000003,4.135804731486878,2,11,25,0,4870,131,2304,2.6899383983572895
2026-01-25 19:04:50.585902,0.7533124333333333,131,48,83,36.6412213740458,-972.4400000000007,3127.9800000000023,4100.419999999993,65.16625000000005,49.40265060240955,-7.423206106870235,0.7628438062442403,132.51,-86.24,50000.0,49027.56,50750.22,-1.9448800000000048,236.2699999999968,2098.9300000000003,4.135804731486878,2,11,25,0,4872,131,2305,2.6888341543513956
2026-01-25 19:04:50.602687,0.7535921833333333,131,48,83,36.6412213740458,-972.4400000000007,3127.9800000000023,4100.419999999993,65.16625000000005,49.40265060240955,-7.423206106870235,0.7628438062442403,132.51,-86.24,50000.0,49027.56,50750.22,-1.9448800000000048,236.2699999999968,2098.9300000000003,4.135804731486878,2,11,25,0,4874,131,2306,2.6877308165777594
2026-01-25 19:04:50.619228,0.7538678666666667,131,48,83,36.6412213740458,-972.4400000000007,3127.9800000000023,4100.419999999993,65.16625000000005,49.40265060240955,-7.423206106870235,0.7628438062442403,132.51,-86.24,50000.0,49027.56,50750.22,-1.9448800000000048,236.2699999999968,2098.9300000000003,4.135804731486878,2,11,25,0,4876,131,2307,2.6866283839212466
2026-01-25 19:04:50.636109,0.7541492166666667,131,48,83,36.6412213740458,-972.4400000000007,3127.9800000000023,4100.419999999993,65.16625000000005,49.40265060240955,-7.423206106870235,0.7628438062442403,132.51,-86.24,50000.0,49027.56,50750.22,-1.9448800000000048,236.2699999999968,2098.9300000000003,4.135804731486878,2,11,25,0,4878,131,2308,2.6855268552685527
2026-01-25 19:04:50.652749,0.75442655,131,48,83,36.6412213740458,-972.4400000000007,3127.9800000000023,4100.419999999993,65.16625000000005,49.40265060240955,-7.423206106870235,0.7628438062442403,132.51,-86.24,50000.0,49027.56,50750.22,-1.9448800000000048,236.2699999999968,2098.9300000000003,4.135804731486878,2,11,25,0,4880,131,2309,2.6844262295081966
2026-01-25 19:04:50.669680,0.7547087333333333,131,48,83,36.6412213740458,-972.4400000000007,3127.9800000000023,4100.419999999993,65.16625000000005,49.40265060240955,-7.423206106870235,0.7628438062442403,132.51,-86.24,50000.0,49027.56,50750.22,-1.9448800000000048,236.2699999999968,2098.9300000000003,4.135804731486878,2,11,25,0,4882,131,2310,2.68332650553052
2026-01-25 19:04:50.685793,0.7549773,131,48,83,36.6412213740458,-972.4400000000007,3127.9800000000023,4100.419999999993,65.16625000000005,49.40265060240955,-7.423206106870235,0.7628438062442403,132.51,-86.24,50000.0,49027.56,50750.22,-1.9448800000000048,236.2699999999968,2098.9300000000003,4.135804731486878,2,11,25,0,4884,131,2311,2.682227682227682
2026-01-25 19:04:50.702326,0.7552528333333334,131,48,83,36.6412213740458,-972.4400000000007,3127.9800000000023,4100.419999999993,65.16625000000005,49.40265060240955,-7.423206106870235,0.7628438062442403,132.51,-86.24,50000.0,49027.56,50750.22,-1.9448800000000048,236.2699999999968,2098.9300000000003,4.135804731486878,2,11,25,0,4886,131,2312,2.6811297584936553
2026-01-25 19:04:50.719089,0.7555322166666667,131,48,83,36.6412213740458,-972.4400000000007,3127.9800000000023,4100.419999999993,65.16625000000005,49.40265060240955,-7.423206106870235,0.7628438062442403,132.51,-86.24,50000.0,49027.56,50750.22,-1.9448800000000048,236.2699999999968,2098.9300000000003,4.135804731486878,2,11,25,0,4888,131,2313,2.6800327332242224
2026-01-25 19:04:50.736034,0.7558146333333333,131,48,83,36.6412213740458,-972.4400000000007,3127.9800000000023,4100.419999999993,65.16625000000005,49.40265060240955,-7.423206106870235,0.7628438062442403,132.51,-86.24,50000.0,49027.56,50750.22,-1.9448800000000048,236.2699999999968,2098.9300000000003,4.135804731486878,2,11,25,0,4890,131,2314,2.6789366053169736
2026-01-25 19:04:50.753640,0.7561080666666666,131,48,83,36.6412213740458,-972.4400000000007,3127.9800000000023,4100.419999999993,65.16625000000005,49.40265060240955,-7.423206106870235,0.7628438062442403,132.51,-86.24,50000.0,49027.56,50750.22,-1.9448800000000048,236.2699999999968,2098.9300000000003,4.135804731486878,2,11,25,0,4892,131,2315,2.6778413736713
2026-01-25 19:04:50.770409,0.7563875666666667,131,48,83,36.6412213740458,-972.4400000000007,3127.9800000000023,4100.419999999993,65.16625000000005,49.40265060240955,-7.423206106870235,0.7628438062442403,132.51,-86.24,50000.0,49027.56,50750.22,-1.9448800000000048,236.2699999999968,2098.9300000000003,4.135804731486878,2,11,25,0,4894,131,2316,2.676747037188394
2026-01-25 19:04:50.787283,0.7566688,131,48,83,36.6412213740458,-972.4400000000007,3127.9800000000023,4100.419999999993,65.16625000000005,49.40265060240955,-7.423206106870235,0.7628438062442403,132.51,-86.24,50000.0,49027.56,50750.22,-1.9448800000000048,236.2699999999968,2098.9300000000003,4.135804731486878,2,11,25,0,4896,131,2317,2.6756535947712417
2026-01-25 19:04:50.803992,0.7569472666666667,131,48,83,36.6412213740458,-972.4400000000007,3127.9800000000023,4100.419999999993,65.16625000000005,49.40265060240955,-7.423206106870235,0.7628438062442403,132.51,-86.24,50000.0,49027.56,50750.22,-1.9448800000000048,236.2699999999968,2098.9300000000003,4.135804731486878,2,11,25,0,4898,131,2318,2.674561045324622
2026-01-25 19:04:50.820462,0.7572217833333333,131,48,83,36.6412213740458,-972.4400000000007,3127.9800000000023,4100.419999999993,65.16625000000005,49.40265060240955,-7.423206106870235,0.7628438062442403,132.51,-86.24,50000.0,49027.56,50750.22,-1.9448800000000048,236.2699999999968,2098.9300000000003,4.135804731486878,2,11,25,0,4900,131,2319,2.673469387755102
2026-01-25 19:04:50.836985,0.7574971500000001,131,48,83,36.6412213740458,-972.4400000000007,3127.9800000000023,4100.419999999993,65.16625000000005,49.40265060240955,-7.423206106870235,0.7628438062442403,132.51,-86.24,50000.0,49027.56,50750.22,-1.9448800000000048,236.2699999999968,2098.9300000000003,4.135804731486878,2,11,25,0,4902,131,2320,2.672378620971032
2026-01-25 19:04:50.853678,0.7577753666666667,131,48,83,36.6412213740458,-972.4400000000007,3127.9800000000023,4100.419999999993,65.16625000000005,49.40265060240955,-7.423206106870235,0.7628438062442403,132.51,-86.24,50000.0,49027.56,50750.22,-1.9448800000000048,236.2699999999968,2098.9300000000003,4.135804731486878,2,11,25,0,4904,131,2321,2.671288743882545
2026-01-25 19:04:50.870438,0.7580547000000001,131,48,83,36.6412213740458,-972.4400000000007,3127.9800000000023,4100.419999999993,65.16625000000005,49.40265060240955,-7.423206106870235,0.7628438062442403,132.51,-86.24,50000.0,49027.56,50750.22,-1.9448800000000048,236.2699999999968,2098.9300000000003,4.135804731486878,2,11,25,0,4906,131,2322,2.670199755401549
2026-01-25 19:04:50.887347,0.7583365166666667,131,48,83,36.6412213740458,-972.4400000000007,3127.9800000000023,4100.419999999993,65.16625000000005,49.40265060240955,-7.423206106870235,0.7628438062442403,132.51,-86.24,50000.0,49027.56,50750.22,-1.9448800000000048,236.2699999999968,2098.9300000000003,4.135804731486878,2,11,25,1,4908,132,2322,2.689486552567237
2026-01-25 19:04:50.904653,0.75862495,131,48,83,36.6412213740458,-972.4400000000007,3127.9800000000023,4100.419999999993,65.16625000000005,49.40265060240955,-7.423206106870235,0.7628438062442403,132.51,-86.24,50000.0,49023.81,50750.22,-1.9523800000000047,232.5199999999968,2098.9300000000003,4.135804731486878,2,11,25,1,4910,132,2323,2.6883910386965377
2026-01-25 19:04:50.921041,0.7588980833333333,131,48,83,36.6412213740458,-972.4400000000007,3127.9800000000023,4100.419999999993,65.16625000000005,49.40265060240955,-7.423206106870235,0.7628438062442403,132.51,-86.24,50000.0,49027.56,50750.22,-1.9448800000000048,236.2699999999968,2098.9300000000003,4.135804731486878,2,11,25,1,4912,132,2324,2.687296416938111
2026-01-25 19:04:50.937762,0.7591767666666667,131,48,83,36.6412213740458,-972.4400000000007,3127.9800000000023,4100.419999999993,65.16625000000005,49.40265060240955,-7.423206106870235,0.7628438062442403,132.51,-86.24,50000.0,49033.81,50750.22,-1.9323800000000046,242.5199999999968,2098.9300000000003,4.135804731486878,2,11,25,1,4914,132,2325,2.6862026862026864
2026-01-25 19:04:50.954414,0.7594543,131,48,83,36.6412213740458,-972.4400000000007,3127.9800000000023,4100.419999999993,65.16625000000005,49.40265060240955,-7.423206106870235,0.7628438062442403,132.51,-86.24,50000.0,49028.81,50750.22,-1.9423800000000047,237.5199999999968,2098.9300000000003,4.135804731486878,2,11,25,1,4916,132,2326,2.6851098454027666
2026-01-25 19:04:50.970946,0.7597298333333333,131,48,83,36.6412213740458,-972.4400000000007,3127.9800000000023,4100.419999999993,65.16625000000005,49.40265060240955,-7.423206106870235,0.7628438062442403,132.51,-86.24,50000.0,49037.56,50750.22,-1.9248800000000046,246.2699999999968,2098.9300000000003,4.135804731486878,2,11,25,1,4918,132,2327,2.684017893452623
2026-01-25 19:04:50.987962,0.7600134333333333,131,48,83,36.6412213740458,-972.4400000000007,3127.9800000000023,4100.419999999993,65.16625000000005,49.40265060240955,-7.423206106870235,0.7628438062442403,132.51,-86.24,50000.0,49051.31,50750.22,-1.8973800000000047,260.0199999999968,2098.9300000000003,4.135804731486878,2,11,25,1,4920,132,2328,2.682926829268293
2026-01-25 19:04:51.004787,0.76029385,131,48,83,36.6412213740458,-972.4400000000007,3127.9800000000023,4100.419999999993,65.16625000000005,49.40265060240955,-7.423206106870235,0.7628438062442403,132.51,-86.24,50000.0,49055.06,50750.22,-1.8898800000000044,263.7699999999968,2098.9300000000003,4.135804731486878,2,11,25,1,4922,132,2329,2.6818366517675742
2026-01-25 19:04:51.021572,0.7605736000000001,131,48,83,36.6412213740458,-972.4400000000007,3127.9800000000023,4100.419999999993,65.16625000000005,49.40265060240955,-7.423206106870235,0.7628438062442403,132.51,-86.24,50000.0,49037.56,50750.22,-1.9248800000000046,246.2699999999968,2098.9300000000003,4.135804731486878,2,11,25,1,4924,132,2330,2.680747359870024
2026-01-25 19:04:51.038014,0.76084765,131,48,83,36.6412213740458,-972.4400000000007,3127.9800000000023,4100.419999999993,65.16625000000005,49.40265060240955,-7.423206106870235,0.7628438062442403,132.51,-86.24,50000.0,49015.06,50750.22,-1.9698800000000047,223.7699999999968,2098.9300000000003,4.135804731486878,2,11,25,1,4926,132,2331,2.679658952496955
2026-01-25 19:04:51.055521,0.7611394333333333,131,48,83,36.6412213740458,-972.4400000000007,3127.9800000000023,4100.419999999993,65.16625000000005,49.40265060240955,-7.423206106870235,0.7628438062442403,132.51,-86.24,50000.0,49025.06,50750.22,-1.9498800000000045,233.7699999999968,2098.9300000000003,4.135804731486878,2,11,25,1,4928,132,2332,2.6785714285714284
2026-01-25 19:04:51.072625,0.7614244833333333,131,48,83,36.6412213740458,-972.4400000000007,3127.9800000000023,4100.419999999993,65.16625000000005,49.40265060240955,-7.423206106870235,0.7628438062442403,132.51,-86.24,50000.0,49031.31,50750.22,-1.9373800000000045,240.0199999999968,2098.9300000000003,4.135804731486878,2,11,25,2,4930,133,2332,2.6977687626774847
2026-01-25 19:04:51.090231,0.7617179166666667,131,48,83,36.6412213740458,-972.4400000000007,3127.9800000000023,4100.419999999993,65.16625000000005,49.40265060240955,-7.423206106870235,0.7628438062442403,132.51,-86.24,50000.0,49011.31,50750.22,-1.9773800000000046,220.0199999999968,2098.9300000000003,4.135804731486878,2,11,25,2,4932,133,2333,2.6966747769667476
2026-01-25 19:04:51.107599,0.7620074,131,48,83,36.6412213740458,-972.4400000000007,3127.9800000000023,4100.419999999993,65.16625000000005,49.40265060240955,-7.423206106870235,0.7628438062442403,132.51,-86.24,50000.0,49033.81,50750.22,-1.9323800000000046,242.5199999999968,2098.9300000000003,4.135804731486878,2,11,25,2,4934,133,2334,2.6955816781516013
2026-01-25 19:04:51.124809,0.7622942333333333,131,48,83,36.6412213740458,-972.4400000000007,3127.9800000000023,4100.419999999993,65.16625000000005,49.40265060240955,-7.423206106870235,0.7628438062442403,132.51,-86.24,50000.0,49031.31,50750.22,-1.9373800000000045,240.0199999999968,2098.9300000000003,4.135804731486878,2,11,25,2,4936,133,2335,2.694489465153971
2026-01-25 19:04:51.141804,0.7625774666666667,131,48,83,36.6412213740458,-972.4400000000007,3127.9800000000023,4100.419999999993,65.16625000000005,49.40265060240955,-7.423206106870235,0.7628438062442403,132.51,-86.24,50000.0,49058.81,50750.22,-1.8823800000000046,267.5199999999968,2098.9300000000003,4.135804731486878,2,11,25,2,4938,133,2336,2.6933981368975295
2026-01-25 19:04:51.159501,0.7628724166666667,131,48,83,36.6412213740458,-972.4400000000007,3127.9800000000023,4100.419999999993,65.16625000000005,49.40265060240955,-7.423206106870235,0.7628438062442403,132.51,-86.24,50000.0,49053.81,50750.22,-1.8923800000000046,262.5199999999968,2098.9300000000003,4.135804731486878,2,11,25,2,4940,133,2337,2.6923076923076925
2026-01-25 19:04:51.176927,0.7631628500000001,131,48,83,36.6412213740458,-972.4400000000007,3127.9800000000023,4100.419999999993,65.16625000000005,49.40265060240955,-7.423206106870235,0.7628438062442403,132.51,-86.24,50000.0,49066.31,50750.22,-1.8673800000000047,275.0199999999968,2098.9300000000003,4.135804731486878,2,11,25,2,4942,133,2338,2.6912181303116145
2026-01-25 19:04:51.193888,0.7634455333333333,131,48,83,36.6412213740458,-972.4400000000007,3127.9800000000023,4100.419999999993,65.16625000000005,49.40265060240955,-7.423206106870235,0.7628438062442403,132.51,-86.24,50000.0,49071.31,50750.22,-1.8573800000000047,280.0199999999968,2098.9300000000003,4.135804731486878,2,11,25,3,4944,134,2338,2.7103559870550162
2026-01-25 19:04:51.210589,0.7637238833333334,131,48,83,36.6412213740458,-972.4400000000007,3127.9800000000023,4100.419999999993,65.16625000000005,49.40265060240955,-7.423206106870235,0.7628438062442403,132.51,-86.24,50000.0,49093.81,50750.22,-1.8123800000000048,302.5199999999968,2098.9300000000003,4.135804731486878,2,11,25,4,4946,135,2338,2.7294783663566515
2026-01-25 19:04:51.227099,0.76399905,131,48,83,36.6412213740458,-972.4400000000007,3127.9800000000023,4100.419999999993,65.16625000000005,49.40265060240955,-7.423206106870235,0.7628438062442403,132.51,-86.24,50000.0,49078.81,50750.22,-1.8423800000000046,287.5199999999968,2098.9300000000003,4.135804731486878,2,11,25,4,4948,135,2339,2.7283751010509296
2026-01-25 19:04:51.243856,0.7642783333333333,131,48,83,36.6412213740458,-972.4400000000007,3127.9800000000023,4100.419999999993,65.16625000000005,49.40265060240955,-7.423206106870235,0.7628438062442403,132.51,-86.24,50000.0,49038.81,50750.22,-1.9223800000000049,247.5199999999968,2098.9300000000003,4.135804731486878,2,11,25,4,4950,135,2340,2.727272727272727
2026-01-25 19:04:51.260553,0.7645566166666666,133,48,85,36.09022556390977,-1032.4200000000008,3127.9800000000023,4160.399999999992,65.16625000000005,48.945882352941084,-7.7625563909774495,0.75184597634843,132.51,-86.24,50000.0,48956.33,50750.22,-2.0873399999999966,165.04000000000087,2098.9300000000003,4.135804731486878,-2,11,25,2,4952,135,2341,2.7261712439418417
2026-01-25 19:04:51.277428,0.7648378666666668,133,48,85,36.09022556390977,-1032.4200000000008,3127.9800000000023,4160.399999999992,65.16625000000005,48.945882352941084,-7.7625563909774495,0.75184597634843,132.51,-86.24,50000.0,48968.83,50750.22,-2.0623399999999967,177.54000000000087,2098.9300000000003,4.135804731486878,-2,11,25,3,4954,136,2341,2.7452563584981835
2026-01-25 19:04:51.294103,0.7651157833333334,133,48,85,36.09022556390977,-1032.4200000000008,3127.9800000000023,4160.399999999992,65.16625000000005,48.945882352941084,-7.7625563909774495,0.75184597634843,132.51,-86.24,50000.0,48968.83,50750.22,-2.0623399999999967,177.54000000000087,2098.9300000000003,4.135804731486878,-2,11,25,3,4956,136,2342,2.744148506860371
2026-01-25 19:04:51.310371,0.7653869166666667,133,48,85,36.09022556390977,-1032.4200000000008,3127.9800000000023,4160.399999999992,65.16625000000005,48.945882352941084,-7.7625563909774495,0.75184597634843,132.51,-86.24,50000.0,48965.08,50750.22,-2.0698399999999966,173.79000000000087,2098.9300000000003,4.135804731486878,-2,11,25,3,4958,136,2343,2.743041549011698
2026-01-25 19:04:51.327161,0.7656667666666667,133,48,85,36.09022556390977,-1032.4200000000008,3127.9800000000023,4160.399999999992,65.16625000000005,48.945882352941084,-7.7625563909774495,0.75184597634843,132.51,-86.24,50000.0,48968.83,50750.22,-2.0623399999999967,177.54000000000087,2098.9300000000003,4.135804731486878,-2,11,25,4,4960,137,2343,2.7620967741935485
2026-01-25 19:04:51.343737,0.7659430166666666,133,48,85,36.09022556390977,-1032.4200000000008,3127.9800000000023,4160.399999999992,65.16625000000005,48.945882352941084,-7.7625563909774495,0.75184597634843,132.51,-86.24,50000.0,49033.83,50750.22,-1.9323399999999966,242.54000000000087,2098.9300000000003,4.135804731486878,-2,11,25,4,4962,137,2344,2.7609834744054815
2026-01-25 19:04:51.360140,0.7662164166666667,133,48,85,36.09022556390977,-1032.4200000000008,3127.9800000000023,4160.399999999992,65.16625000000005,48.945882352941084,-7.7625563909774495,0.75184597634843,132.51,-86.24,50000.0,49048.83,50750.22,-1.9023399999999964,257.5400000000009,2098.9300000000003,4.135804731486878,-2,11,25,4,4964,137,2345,2.7598710717163577
2026-01-25 19:04:51.376563,0.7664901166666667,133,48,85,36.09022556390977,-1032.4200000000008,3127.9800000000023,4160.399999999992,65.16625000000005,48.945882352941084,-7.7625563909774495,0.75184597634843,132.51,-86.24,50000.0,49048.83,50750.22,-1.9023399999999964,257.5400000000009,2098.9300000000003,4.135804731486878,-2,11,25,4,4966,137,2346,2.7587595650422876
2026-01-25 19:04:51.393032,0.7667646,133,48,85,36.09022556390977,-1032.4200000000008,3127.9800000000023,4160.399999999992,65.16625000000005,48.945882352941084,-7.7625563909774495,0.75184597634843,132.51,-86.24,50000.0,49013.83,50750.22,-1.9723399999999964,222.54000000000087,2098.9300000000003,4.135804731486878,-2,11,25,4,4968,137,2347,2.7576489533011275
2026-01-25 19:04:51.409457,0.7670383666666667,133,48,85,36.09022556390977,-1032.4200000000008,3127.9800000000023,4160.399999999992,65.16625000000005,48.945882352941084,-7.7625563909774495,0.75184597634843,132.51,-86.24,50000.0,49018.83,50750.22,-1.9623399999999964,227.54000000000087,2098.9300000000003,4.135804731486878,-2,11,25,4,4970,137,2348,2.756539235412475
2026-01-25 19:04:51.426504,0.7673224666666666,133,48,85,36.09022556390977,-1032.4200000000008,3127.9800000000023,4160.399999999992,65.16625000000005,48.945882352941084,-7.7625563909774495,0.75184597634843,132.51,-86.24,50000.0,49043.83,50750.22,-1.9123399999999964,252.54000000000087,2098.9300000000003,4.135804731486878,-2,11,25,4,4972,137,2349,2.755430410297667
2026-01-25 19:04:51.442810,0.7675942333333333,133,48,85,36.09022556390977,-1032.4200000000008,3127.9800000000023,4160.399999999992,65.16625000000005,48.945882352941084,-7.7625563909774495,0.75184597634843,132.51,-86.24,50000.0,48973.83,50750.22,-2.0523399999999965,182.54000000000087,2098.9300000000003,4.135804731486878,-2,11,25,4,4974,137,2350,2.754322476879775
2026-01-25 19:04:51.459207,0.7678675166666667,133,48,85,36.09022556390977,-1032.4200000000008,3127.9800000000023,4160.399999999992,65.16625000000005,48.945882352941084,-7.7625563909774495,0.75184597634843,132.51,-86.24,50000.0,49003.83,50750.22,-1.9923399999999967,212.54000000000087,2098.9300000000003,4.135804731486878,-2,11,25,4,4976,137,2351,2.753215434083601
2026-01-25 19:04:51.475373,0.76813695,134,48,86,35.82089552238806,-1062.4100000000008,3127.9800000000023,4190.389999999992,65.16625000000005,48.725465116278976,-7.928432835820901,0.7464651261577104,132.51,-86.24,50000.0,48893.84,50750.22,-2.2123200000000067,102.54999999999563,2098.9300000000003,4.135804731486878,-3,11,25,3,4978,137,2352,2.7521092808356773
2026-01-25 19:04:51.491819,0.7684110333333333,137,48,89,35.03649635036496,-1156.1300000000008,3127.9800000000023,4284.1099999999915,65.16625000000005,48.13606741573024,-8.438905109489056,0.7301353139858707,132.51,-86.24,50000.0,48843.87,50750.22,-2.312259999999995,52.580000000001746,2098.9300000000003,4.135804731486878,-6,11,25,0,4980,137,2353,2.751004016064257
2026-01-25 19:04:51.508098,0.7686823500000001,137,48,89,35.03649635036496,-1156.1300000000008,3127.9800000000023,4284.1099999999915,65.16625000000005,48.13606741573024,-8.438905109489056,0.7301353139858707,132.51,-86.24,50000.0,48843.87,50750.22,-2.312259999999995,0.0,2098.9300000000003,4.135804731486878,-6,11,25,0,4982,137,2354,2.7498996386993175
2026-01-25 19:04:51.524884,0.7689621333333334,137,48,89,35.03649635036496,-1156.1300000000008,3127.9800000000023,4284.1099999999915,65.16625000000005,48.13606741573024,-8.438905109489056,0.7301353139858707,132.51,-86.24,50000.0,48843.87,50750.22,-2.312259999999995,0.0,2098.9300000000003,4.135804731486878,-6,11,25,0,4984,137,2355,2.748796147672552
2026-01-25 19:04:51.542163,0.7692501166666667,137,48,89,35.03649635036496,-1156.1300000000008,3127.9800000000023,4284.1099999999915,65.16625000000005,48.13606741573024,-8.438905109489056,0.7301353139858707,132.51,-86.24,50000.0,48843.87,50750.22,-2.312259999999995,0.0,2098.9300000000003,4.135804731486878,-6,11,25,0,4986,137,2356,2.7476935419173687
2026-01-25 19:04:51.558677,0.76952535,137,48,89,35.03649635036496,-1156.1300000000008,3127.9800000000023,4284.1099999999915,65.16625000000005,48.13606741573024,-8.438905109489056,0.7301353139858707,132.51,-86.24,50000.0,48843.87,50750.22,-2.312259999999995,0.0,2098.9300000000003,4.135804731486878,-6,11,25,0,4988,137,2357,2.7465918203688853
2026-01-25 19:04:51.575290,0.7698022333333333,137,48,89,35.03649635036496,-1156.1300000000008,3127.9800000000023,4284.1099999999915,65.16625000000005,48.13606741573024,-8.438905109489056,0.7301353139858707,132.51,-86.24,50000.0,48843.87,50750.22,-2.312259999999995,0.0,2098.9300000000003,4.135804731486878,-6,11,25,0,4990,137,2358,2.745490981963928
2026-01-25 19:04:51.591898,0.7700790333333334,137,48,89,35.03649635036496,-1156.1300000000008,3127.9800000000023,4284.1099999999915,65.16625000000005,48.13606741573024,-8.438905109489056,0.7301353139858707,132.51,-86.24,50000.0,48843.87,50750.22,-2.312259999999995,0.0,2098.9300000000003,4.135804731486878,-6,11,25,1,4992,138,2358,2.7644230769230766
2026-01-25 19:04:51.608218,0.77035105,137,48,89,35.03649635036496,-1156.1300000000008,3127.9800000000023,4284.1099999999915,65.16625000000005,48.13606741573024,-8.438905109489056,0.7301353139858707,132.51,-86.24,50000.0,48856.37,50750.22,-2.287259999999995,12.5,2098.9300000000003,4.135804731486878,-6,11,25,1,4994,138,2359,2.76331597917501
2026-01-25 19:04:51.624833,0.77062795,137,48,89,35.03649635036496,-1156.1300000000008,3127.9800000000023,4284.1099999999915,65.16625000000005,48.13606741573024,-8.438905109489056,0.7301353139858707,132.51,-86.24,50000.0,48861.37,50750.22,-2.2772599999999947,17.5,2098.9300000000003,4.135804731486878,-6,11,25,1,4996,138,2360,2.762209767814251
2026-01-25 19:04:51.641178,0.77090035,137,48,89,35.03649635036496,-1156.1300000000008,3127.9800000000023,4284.1099999999915,65.16625000000005,48.13606741573024,-8.438905109489056,0.7301353139858707,132.51,-86.24,50000.0,48865.12,50750.22,-2.2697599999999944,21.25,2098.9300000000003,4.135804731486878,-6,11,25,1,4998,138,2361,2.7611044417767108
2026-01-25 19:04:51.657756,0.7711766666666667,137,48,89,35.03649635036496,-1156.1300000000008,3127.9800000000023,4284.1099999999915,65.16625000000005,48.13606741573024,-8.438905109489056,0.7301353139858707,132.51,-86.24,50000.0,48852.62,50750.22,-2.294759999999995,8.75,2098.9300000000003,4.135804731486878,-6,11,25,1,5000,138,2362,2.76
2026-01-25 19:04:51.674513,0.77145595,137,48,89,35.03649635036496,-1156.1300000000008,3127.9800000000023,4284.1099999999915,65.16625000000005,48.13606741573024,-8.438905109489056,0.7301353139858707,132.51,-86.24,50000.0,48827.62,50750.22,-2.3447599999999946,-16.25,2098.9300000000003,4.135804731486878,-6,11,25,2,5002,139,2362,2.778888444622151
2026-01-25 19:04:51.690901,0.7717290833333333,137,48,89,35.03649635036496,-1156.1300000000008,3127.9800000000023,4284.1099999999915,65.16625000000005,48.13606741573024,-8.438905109489056,0.7301353139858707,132.51,-86.24,50000.0,48882.62,50750.22,-2.2347599999999948,38.75,2098.9300000000003,4.135804731486878,-6,11,25,2,5004,139,2363,2.7777777777777777
2026-01-25 19:04:51.707355,0.7720033166666667,137,48,89,35.03649635036496,-1156.1300000000008,3127.9800000000023,4284.1099999999915,65.16625000000005,48.13606741573024,-8.438905109489056,0.7301353139858707,132.51,-86.24,50000.0,48852.62,50750.22,-2.294759999999995,8.75,2098.9300000000003,4.135804731486878,-6,11,25,2,5006,139,2364,2.776667998401918
2026-01-25 19:04:51.723907,0.7722791833333333,137,48,89,35.03649635036496,-1156.1300000000008,3127.9800000000023,4284.1099999999915,65.16625000000005,48.13606741573024,-8.438905109489056,0.7301353139858707,132.51,-86.24,50000.0,48890.12,50750.22,-2.219759999999995,46.25,2098.9300000000003,4.135804731486878,-6,11,25,2,5008,139,2365,2.77555910543131
2026-01-25 19:04:51.740451,0.7725549166666668,137,48,89,35.03649635036496,-1156.1300000000008,3127.9800000000023,4284.1099999999915,65.16625000000005,48.13606741573024,-8.438905109489056,0.7301353139858707,132.51,-86.24,50000.0,48925.12,50750.22,-2.149759999999995,81.25,2098.9300000000003,4.135804731486878,-6,11,25,2,5010,139,2366,2.7744510978043913
2026-01-25 19:04:51.757040,0.7728314,137,48,89,35.03649635036496,-1156.1300000000008,3127.9800000000023,4284.1099999999915,65.16625000000005,48.13606741573024,-8.438905109489056,0.7301353139858707,132.51,-86.24,50000.0,48945.12,50750.22,-2.1097599999999948,101.25,2098.9300000000003,4.135804731486878,-6,11,25,2,5012,139,2367,2.773343974461293
2026-01-25 19:04:51.773723,0.77310945,137,48,89,35.03649635036496,-1156.1300000000008,3127.9800000000023,4284.1099999999915,65.16625000000005,48.13606741573024,-8.438905109489056,0.7301353139858707,132.51,-86.24,50000.0,48932.62,50750.22,-2.134759999999995,88.75,2098.9300000000003,4.135804731486878,-6,11,25,2,5014,139,2368,2.772237734343837
2026-01-25 19:04:51.790446,0.77338815,137,48,89,35.03649635036496,-1156.1300000000008,3127.9800000000023,4284.1099999999915,65.16625000000005,48.13606741573024,-8.438905109489056,0.7301353139858707,132.51,-86.24,50000.0,48965.12,50750.22,-2.0697599999999947,121.25,2098.9300000000003,4.135804731486878,-6,11,25,2,5016,139,2369,2.7711323763955344
2026-01-25 19:04:51.807116,0.7736660000000001,137,48,89,35.03649635036496,-1156.1300000000008,3127.9800000000023,4284.1099999999915,65.16625000000005,48.13606741573024,-8.438905109489056,0.7301353139858707,132.51,-86.24,50000.0,48935.12,50750.22,-2.1297599999999948,91.25,2098.9300000000003,4.135804731486878,-6,11,25,2,5018,139,2370,2.7700278995615784
2026-01-25 19:04:51.823654,0.7739416333333333,138,49,89,35.507246376811594,-1088.6200000000008,3195.4900000000025,4284.1099999999915,65.21408163265312,48.13606741573024,-7.888550724637687,0.7458935461507779,132.51,-86.24,50000.0,48965.13,50750.22,-2.0697400000000052,121.25999999999476,2098.9300000000003,4.135804731486878,1,11,25,1,5020,139,2371,2.768924302788845
2026-01-25 19:04:51.840195,0.7742173166666666,138,49,89,35.507246376811594,-1088.6200000000008,3195.4900000000025,4284.1099999999915,65.21408163265312,48.13606741573024,-7.888550724637687,0.7458935461507779,132.51,-86.24,50000.0,48957.63,50750.22,-2.0847400000000054,113.75999999999476,2098.9300000000003,4.135804731486878,1,11,25,1,5022,139,2372,2.767821585025886
2026-01-25 19:04:51.857077,0.7744986833333333,138,49,89,35.507246376811594,-1088.6200000000008,3195.4900000000025,4284.1099999999915,65.21408163265312,48.13606741573024,-7.888550724637687,0.7458935461507779,132.51,-86.24,50000.0,48961.38,50750.22,-2.077240000000005,117.50999999999476,2098.9300000000003,4.135804731486878,1,11,25,1,5024,139,2373,2.76671974522293
2026-01-25 19:04:51.873882,0.7747787666666667,138,49,89,35.507246376811594,-1088.6200000000008,3195.4900000000025,4284.1099999999915,65.21408163265312,48.13606741573024,-7.888550724637687,0.7458935461507779,132.51,-86.24,50000.0,48952.63,50750.22,-2.094740000000005,108.75999999999476,2098.9300000000003,4.135804731486878,1,11,25,1,5026,139,2374,2.7656187823318743
2026-01-25 19:04:51.890467,0.7750551833333332,138,49,89,35.507246376811594,-1088.6200000000008,3195.4900000000025,4284.1099999999915,65.21408163265312,48.13606741573024,-7.888550724637687,0.7458935461507779,132.51,-86.24,50000.0,48948.88,50750.22,-2.1022400000000054,105.00999999999476,2098.9300000000003,4.135804731486878,1,11,25,1,5028,139,2375,2.764518695306285
2026-01-25 19:04:51.907058,0.7753317000000001,139,50,89,35.97122302158273,-1028.6100000000008,3255.5000000000027,4284.1099999999915,65.11000000000006,48.13606741573024,-7.400071942446049,0.7599011229870403,132.51,-86.24,50000.0,48971.39,50750.22,-2.0572200000000014,127.5199999999968,2098.9300000000003,4.135804731486878,2,11,25,0,5030,139,2376,2.7634194831013916
2026-01-25 19:04:51.923353,0.7756032833333334,139,50,89,35.97122302158273,-1028.6100000000008,3255.5000000000027,4284.1099999999915,65.11000000000006,48.13606741573024,-7.400071942446049,0.7599011229870403,132.51,-86.24,50000.0,48971.39,50750.22,-2.0572200000000014,127.5199999999968,2098.9300000000003,4.135804731486878,2,11,25,0,5032,139,2377,2.7623211446740856
2026-01-25 19:04:51.939941,0.77587975,139,50,89,35.97122302158273,-1028.6100000000008,3255.5000000000027,4284.1099999999915,65.11000000000006,48.13606741573024,-7.400071942446049,0.7599011229870403,132.51,-86.24,50000.0,48971.39,50750.22,-2.0572200000000014,127.5199999999968,2098.9300000000003,4.135804731486878,2,11,25,0,5034,139,2378,2.7612236789829163
2026-01-25 19:04:51.956846,0.7761615000000001,139,50,89,35.97122302158273,-1028.6100000000008,3255.5000000000027,4284.1099999999915,65.11000000000006,48.13606741573024,-7.400071942446049,0.7599011229870403,132.51,-86.24,50000.0,48971.39,50750.22,-2.0572200000000014,127.5199999999968,2098.9300000000003,4.135804731486878,2,11,25,0,5036,139,2379,2.7601270849880857
2026-01-25 19:04:51.973489,0.7764388833333334,139,50,89,35.97122302158273,-1028.6100000000008,3255.5000000000027,4284.1099999999915,65.11000000000006,48.13606741573024,-7.400071942446049,0.7599011229870403,132.51,-86.24,50000.0,48971.39,50750.22,-2.0572200000000014,127.5199999999968,2098.9300000000003,4.135804731486878,2,11,25,0,5038,139,2380,2.759031361651449
2026-01-25 19:04:51.989936,0.7767130000000001,139,50,89,35.97122302158273,-1028.6100000000008,3255.5000000000027,4284.1099999999915,65.11000000000006,48.13606741573024,-7.400071942446049,0.7599011229870403,132.51,-86.24,50000.0,48971.39,50750.22,-2.0572200000000014,127.5199999999968,2098.9300000000003,4.135804731486878,2,11,25,0,5040,139,2381,2.757936507936508
2026-01-25 19:04:52.006551,0.7769899166666666,139,50,89,35.97122302158273,-1028.6100000000008,3255.5000000000027,4284.1099999999915,65.11000000000006,48.13606741573024,-7.400071942446049,0.7599011229870403,132.51,-86.24,50000.0,48971.39,50750.22,-2.0572200000000014,127.5199999999968,2098.9300000000003,4.135804731486878,2,11,25,0,5042,139,2382,2.7568425228084092
2026-01-25 19:04:52.023034,0.7772646333333333,139,50,89,35.97122302158273,-1028.6100000000008,3255.5000000000027,4284.1099999999915,65.11000000000006,48.13606741573024,-7.400071942446049,0.7599011229870403,132.51,-86.24,50000.0,48971.39,50750.22,-2.0572200000000014,127.5199999999968,2098.9300000000003,4.135804731486878,2,11,25,0,5044,139,2383,2.7557494052339413
2026-01-25 19:04:52.039917,0.7775460166666667,139,50,89,35.97122302158273,-1028.6100000000008,3255.5000000000027,4284.1099999999915,65.11000000000006,48.13606741573024,-7.400071942446049,0.7599011229870403,132.51,-86.24,50000.0,48971.39,50750.22,-2.0572200000000014,127.5199999999968,2098.9300000000003,4.135804731486878,2,11,25,0,5046,139,2384,2.75465715418153
2026-01-25 19:04:52.056735,0.7778263166666667,139,50,89,35.97122302158273,-1028.6100000000008,3255.5000000000027,4284.1099999999915,65.11000000000006,48.13606741573024,-7.400071942446049,0.7599011229870403,132.51,-86.24,50000.0,48971.39,50750.22,-2.0572200000000014,127.5199999999968,2098.9300000000003,4.135804731486878,2,11,25,0,5048,139,2385,2.7535657686212365
2026-01-25 19:04:52.073704,0.7781091333333333,139,50,89,35.97122302158273,-1028.6100000000008,3255.5000000000027,4284.1099999999915,65.11000000000006,48.13606741573024,-7.400071942446049,0.7599011229870403,132.51,-86.24,50000.0,48971.39,50750.22,-2.0572200000000014,127.5199999999968,2098.9300000000003,4.135804731486878,2,11,25,0,5050,139,2386,2.7524752475247527
2026-01-25 19:04:52.090490,0.7783888999999999,139,50,89,35.97122302158273,-1028.6100000000008,3255.5000000000027,4284.1099999999915,65.11000000000006,48.13606741573024,-7.400071942446049,0.7599011229870403,132.51,-86.24,50000.0,48971.39,50750.22,-2.0572200000000014,127.5199999999968,2098.9300000000003,4.135804731486878,2,11,25,0,5052,139,2387,2.7513855898654
2026-01-25 19:04:52.107535,0.778673,139,50,89,35.97122302158273,-1028.6100000000008,3255.5000000000027,4284.1099999999915,65.11000000000006,48.13606741573024,-7.400071942446049,0.7599011229870403,132.51,-86.24,50000.0,48971.39,50750.22,-2.0572200000000014,127.5199999999968,2098.9300000000003,4.135804731486878,2,11,25,0,5054,139,2388,2.7502967946181243
2026-01-25 19:04:52.123936,0.7789463333333334,139,50,89,35.97122302158273,-1028.6100000000008,3255.5000000000027,4284.1099999999915,65.11000000000006,48.13606741573024,-7.400071942446049,0.7599011229870403,132.51,-86.24,50000.0,48971.39,50750.22,-2.0572200000000014,127.5199999999968,2098.9300000000003,4.135804731486878,2,11,25,0,5056,139,2389,2.7492088607594938
2026-01-25 19:04:52.140308,0.7792192,139,50,89,35.97122302158273,-1028.6100000000008,3255.5000000000027,4284.1099999999915,65.11000000000006,48.13606741573024,-7.400071942446049,0.7599011229870403,132.51,-86.24,50000.0,48971.39,50750.22,-2.0572200000000014,127.5199999999968,2098.9300000000003,4.135804731486878,2,11,25,0,5058,139,2390,2.748121787267695
2026-01-25 19:04:52.156934,0.7794963,139,50,89,35.97122302158273,-1028.6100000000008,3255.5000000000027,4284.1099999999915,65.11000000000006,48.13606741573024,-7.400071942446049,0.7599011229870403,132.51,-86.24,50000.0,48971.39,50750.22,-2.0572200000000014,127.5199999999968,2098.9300000000003,4.135804731486878,2,11,25,0,5060,139,2391,2.7470355731225298
2026-01-25 19:04:52.173767,0.77977685,139,50,89,35.97122302158273,-1028.6100000000008,3255.5000000000027,4284.1099999999915,65.11000000000006,48.13606741573024,-7.400071942446049,0.7599011229870403,132.51,-86.24,50000.0,48971.39,50750.22,-2.0572200000000014,127.5199999999968,2098.9300000000003,4.135804731486878,2,11,25,0,5062,139,2392,2.745950217305413
2026-01-25 19:04:52.190421,0.7800544166666668,139,50,89,35.97122302158273,-1028.6100000000008,3255.5000000000027,4284.1099999999915,65.11000000000006,48.13606741573024,-7.400071942446049,0.7599011229870403,132.51,-86.24,50000.0,48971.39,50750.22,-2.0572200000000014,127.5199999999968,2098.9300000000003,4.135804731486878,2,11,25,0,5064,139,2393,2.744865718799368
2026-01-25 19:04:52.207210,0.7803342333333333,139,50,89,35.97122302158273,-1028.6100000000008,3255.5000000000027,4284.1099999999915,65.11000000000006,48.13606741573024,-7.400071942446049,0.7599011229870403,132.51,-86.24,50000.0,48971.39,50750.22,-2.0572200000000014,127.5199999999968,2098.9300000000003,4.135804731486878,2,11,25,0,5066,139,2394,2.743782076589025
2026-01-25 19:04:52.223964,0.7806134666666666,139,50,89,35.97122302158273,-1028.6100000000008,3255.5000000000027,4284.1099999999915,65.11000000000006,48.13606741573024,-7.400071942446049,0.7599011229870403,132.51,-86.24,50000.0,48971.39,50750.22,-2.0572200000000014,127.5199999999968,2098.9300000000003,4.135804731486878,2,11,25,0,5068,139,2395,2.7426992896606155
2026-01-25 19:04:52.240300,0.7808857333333333,139,50,89,35.97122302158273,-1028.6100000000008,3255.5000000000027,4284.1099999999915,65.11000000000006,48.13606741573024,-7.400071942446049,0.7599011229870403,132.51,-86.24,50000.0,48971.39,50750.22,-2.0572200000000014,127.5199999999968,2098.9300000000003,4.135804731486878,2,11,25,0,5070,139,2396,2.7416173570019726
2026-01-25 19:04:52.257027,0.7811645166666668,139,50,89,35.97122302158273,-1028.6100000000008,3255.5000000000027,4284.1099999999915,65.11000000000006,48.13606741573024,-7.400071942446049,0.7599011229870403,132.51,-86.24,50000.0,48971.39,50750.22,-2.0572200000000014,127.5199999999968,2098.9300000000003,4.135804731486878,2,11,25,0,5072,139,2397,2.7405362776025237
2026-01-25 19:04:52.273490,0.7814388833333333,139,50,89,35.97122302158273,-1028.6100000000008,3255.5000000000027,4284.1099999999915,65.11000000000006,48.13606741573024,-7.400071942446049,0.7599011229870403,132.51,-86.24,50000.0,48971.39,50750.22,-2.0572200000000014,127.5199999999968,2098.9300000000003,4.135804731486878,2,11,25,0,5074,139,2398,2.7394560504532914
2026-01-25 19:04:52.290143,0.78171645,139,50,89,35.97122302158273,-1028.6100000000008,3255.5000000000027,4284.1099999999915,65.11000000000006,48.13606741573024,-7.400071942446049,0.7599011229870403,132.51,-86.24,50000.0,48971.39,50750.22,-2.0572200000000014,127.5199999999968,2098.9300000000003,4.135804731486878,2,11,25,0,5076,139,2399,2.7383766745468874
2026-01-25 19:04:52.306736,0.781993,139,50,89,35.97122302158273,-1028.6100000000008,3255.5000000000027,4284.1099999999915,65.11000000000006,48.13606741573024,-7.400071942446049,0.7599011229870403,132.51,-86.24,50000.0,48971.39,50750.22,-2.0572200000000014,127.5199999999968,2098.9300000000003,4.135804731486878,2,11,25,0,5078,139,2400,2.7372981488775108
2026-01-25 19:04:52.323314,0.7822693,139,50,89,35.97122302158273,-1028.6100000000008,3255.5000000000027,4284.1099999999915,65.11000000000006,48.13606741573024,-7.400071942446049,0.7599011229870403,132.51,-86.24,50000.0,48971.39,50750.22,-2.0572200000000014,127.5199999999968,2098.9300000000003,4.135804731486878,2,11,25,0,5080,139,2401,2.736220472440945
2026-01-25 19:04:52.339823,0.78254445,139,50,89,35.97122302158273,-1028.6100000000008,3255.5000000000027,4284.1099999999915,65.11000000000006,48.13606741573024,-7.400071942446049,0.7599011229870403,132.51,-86.24,50000.0,48971.39,50750.22,-2.0572200000000014,127.5199999999968,2098.9300000000003,4.135804731486878,2,11,25,0,5082,139,2402,2.735143644234553
2026-01-25 19:04:52.356550,0.7828232333333334,139,50,89,35.97122302158273,-1028.6100000000008,3255.5000000000027,4284.1099999999915,65.11000000000006,48.13606741573024,-7.400071942446049,0.7599011229870403,132.51,-86.24,50000.0,48971.39,50750.22,-2.0572200000000014,127.5199999999968,2098.9300000000003,4.135804731486878,2,11,25,0,5084,139,2403,2.7340676632572776
2026-01-25 19:04:52.373064,0.7830984666666667,139,50,89,35.97122302158273,-1028.6100000000008,3255.5000000000027,4284.1099999999915,65.11000000000006,48.13606741573024,-7.400071942446049,0.7599011229870403,132.51,-86.24,50000.0,48971.39,50750.22,-2.0572200000000014,127.5199999999968,2098.9300000000003,4.135804731486878,2,11,25,0,5086,139,2404,2.7329925285096346
2026-01-25 19:04:52.389693,0.7833756166666667,139,50,89,35.97122302158273,-1028.6100000000008,3255.5000000000027,4284.1099999999915,65.11000000000006,48.13606741573024,-7.400071942446049,0.7599011229870403,132.51,-86.24,50000.0,48971.39,50750.22,-2.0572200000000014,127.5199999999968,2098.9300000000003,4.135804731486878,2,11,25,0,5088,139,2405,2.731918238993711
2026-01-25 19:04:52.406479,0.7836553833333333,139,50,89,35.97122302158273,-1028.6100000000008,3255.5000000000027,4284.1099999999915,65.11000000000006,48.13606741573024,-7.400071942446049,0.7599011229870403,132.51,-86.24,50000.0,48971.39,50750.22,-2.0572200000000014,127.5199999999968,2098.9300000000003,4.135804731486878,2,11,25,0,5090,139,2406,2.730844793713163
2026-01-25 19:04:52.423110,0.7839325666666667,139,50,89,35.97122302158273,-1028.6100000000008,3255.5000000000027,4284.1099999999915,65.11000000000006,48.13606741573024,-7.400071942446049,0.7599011229870403,132.51,-86.24,50000.0,48971.39,50750.22,-2.0572200000000014,127.5199999999968,2098.9300000000003,4.135804731486878,2,11,25,0,5092,139,2407,2.729772191673213
2026-01-25 19:04:52.439728,0.7842095166666667,139,50,89,35.97122302158273,-1028.6100000000008,3255.5000000000027,4284.1099999999915,65.11000000000006,48.13606741573024,-7.400071942446049,0.7599011229870403,132.51,-86.24,50000.0,48971.39,50750.22,-2.0572200000000014,127.5199999999968,2098.9300000000003,4.135804731486878,2,11,25,0,5094,139,2408,2.728700431880644
2026-01-25 19:04:52.456500,0.7844890666666667,139,50,89,35.97122302158273,-1028.6100000000008,3255.5000000000027,4284.1099999999915,65.11000000000006,48.13606741573024,-7.400071942446049,0.7599011229870403,132.51,-86.24,50000.0,48971.39,50750.22,-2.0572200000000014,127.5199999999968,2098.9300000000003,4.135804731486878,2,11,25,0,5096,139,2409,2.7276295133437993
2026-01-25 19:04:52.473002,0.7847640833333334,139,50,89,35.97122302158273,-1028.6100000000008,3255.5000000000027,4284.1099999999915,65.11000000000006,48.13606741573024,-7.400071942446049,0.7599011229870403,132.51,-86.24,50000.0,48971.39,50750.22,-2.0572200000000014,127.5199999999968,2098.9300000000003,4.135804731486878,2,11,25,0,5098,139,2410,2.7265594350725775
2026-01-25 19:04:52.489438,0.7850380333333333,139,50,89,35.97122302158273,-1028.6100000000008,3255.5000000000027,4284.1099999999915,65.11000000000006,48.13606741573024,-7.400071942446049,0.7599011229870403,132.51,-86.24,50000.0,48971.39,50750.22,-2.0572200000000014,127.5199999999968,2098.9300000000003,4.135804731486878,2,11,25,0,5100,139,2411,2.7254901960784315
2026-01-25 19:04:52.506147,0.7853165166666667,139,50,89,35.97122302158273,-1028.6100000000008,3255.5000000000027,4284.1099999999915,65.11000000000006,48.13606741573024,-7.400071942446049,0.7599011229870403,132.51,-86.24,50000.0,48971.39,50750.22,-2.0572200000000014,127.5199999999968,2098.9300000000003,4.135804731486878,2,11,25,0,5102,139,2412,2.7244217953743632
2026-01-25 19:04:52.522730,0.7855928999999999,139,50,89,35.97122302158273,-1028.6100000000008,3255.5000000000027,4284.1099999999915,65.11000000000006,48.13606741573024,-7.400071942446049,0.7599011229870403,132.51,-86.24,50000.0,48971.39,50750.22,-2.0572200000000014,127.5199999999968,2098.9300000000003,4.135804731486878,2,11,25,0,5104,139,2413,2.7233542319749215
2026-01-25 19:04:52.540357,0.7858866833333333,139,50,89,35.97122302158273,-1028.6100000000008,3255.5000000000027,4284.1099999999915,65.11000000000006,48.13606741573024,-7.400071942446049,0.7599011229870403,132.51,-86.24,50000.0,48971.39,50750.22,-2.0572200000000014,127.5199999999968,2098.9300000000003,4.135804731486878,2,11,25,0,5106,139,2414,2.7222875048962005
2026-01-25 19:04:52.558438,0.7861880333333333,139,50,89,35.97122302158273,-1028.6100000000008,3255.5000000000027,4284.1099999999915,65.11000000000006,48.13606741573024,-7.400071942446049,0.7599011229870403,132.51,-86.24,50000.0,48971.39,50750.22,-2.0572200000000014,127.5199999999968,2098.9300000000003,4.135804731486878,2,11,25,0,5108,139,2415,2.721221613155834
2026-01-25 19:04:52.575138,0.7864663666666666,139,50,89,35.97122302158273,-1028.6100000000008,3255.5000000000027,4284.1099999999915,65.11000000000006,48.13606741573024,-7.400071942446049,0.7599011229870403,132.51,-86.24,50000.0,48971.39,50750.22,-2.0572200000000014,127.5199999999968,2098.9300000000003,4.135804731486878,2,11,25,0,5110,139,2416,2.720156555772994
2026-01-25 19:04:52.592198,0.7867507,139,50,89,35.97122302158273,-1028.6100000000008,3255.5000000000027,4284.1099999999915,65.11000000000006,48.13606741573024,-7.400071942446049,0.7599011229870403,132.51,-86.24,50000.0,48971.39,50750.22,-2.0572200000000014,127.5199999999968,2098.9300000000003,4.135804731486878,2,11,25,0,5112,139,2417,2.719092331768388
2026-01-25 19:04:52.608859,0.7870283833333332,139,50,89,35.97122302158273,-1028.6100000000008,3255.5000000000027,4284.1099999999915,65.11000000000006,48.13606741573024,-7.400071942446049,0.7599011229870403,132.51,-86.24,50000.0,48971.39,50750.22,-2.0572200000000014,127.5199999999968,2098.9300000000003,4.135804731486878,2,11,25,0,5114,139,2418,2.718028940164255
2026-01-25 19:04:52.625430,0.7873045666666666,139,50,89,35.97122302158273,-1028.6100000000008,3255.5000000000027,4284.1099999999915,65.11000000000006,48.13606741573024,-7.400071942446049,0.7599011229870403,132.51,-86.24,50000.0,48971.39,50750.22,-2.0572200000000014,127.5199999999968,2098.9300000000003,4.135804731486878,2,11,25,0,5116,139,2419,2.716966379984363
2026-01-25 19:04:52.641805,0.7875774833333333,139,50,89,35.97122302158273,-1028.6100000000008,3255.5000000000027,4284.1099999999915,65.11000000000006,48.13606741573024,-7.400071942446049,0.7599011229870403,132.51,-86.24,50000.0,48971.39,50750.22,-2.0572200000000014,127.5199999999968,2098.9300000000003,4.135804731486878,2,11,25,0,5118,139,2420,2.7159046502540054
2026-01-25 19:04:52.658545,0.7878564666666666,139,50,89,35.97122302158273,-1028.6100000000008,3255.5000000000027,4284.1099999999915,65.11000000000006,48.13606741573024,-7.400071942446049,0.7599011229870403,132.51,-86.24,50000.0,48971.39,50750.22,-2.0572200000000014,127.5199999999968,2098.9300000000003,4.135804731486878,2,11,25,0,5120,139,2421,2.71484375
2026-01-25 19:04:52.674897,0.7881290166666666,139,50,89,35.97122302158273,-1028.6100000000008,3255.5000000000027,4284.1099999999915,65.11000000000006,48.13606741573024,-7.400071942446049,0.7599011229870403,132.51,-86.24,50000.0,48971.39,50750.22,-2.0572200000000014,127.5199999999968,2098.9300000000003,4.135804731486878,2,11,25,0,5122,139,2422,2.713783678250683
2026-01-25 19:04:52.691473,0.7884052833333333,139,50,89,35.97122302158273,-1028.6100000000008,3255.5000000000027,4284.1099999999915,65.11000000000006,48.13606741573024,-7.400071942446049,0.7599011229870403,132.51,-86.24,50000.0,48971.39,50750.22,-2.0572200000000014,127.5199999999968,2098.9300000000003,4.135804731486878,2,11,25,0,5124,139,2423,2.712724434035909
2026-01-25 19:04:52.708112,0.7886826,139,50,89,35.97122302158273,-1028.6100000000008,3255.5000000000027,4284.1099999999915,65.11000000000006,48.13606741573024,-7.400071942446049,0.7599011229870403,132.51,-86.24,50000.0,48971.39,50750.22,-2.0572200000000014,127.5199999999968,2098.9300000000003,4.135804731486878,2,11,25,0,5126,139,2424,2.7116660163870465
2026-01-25 19:04:52.724707,0.7889591666666667,139,50,89,35.97122302158273,-1028.6100000000008,3255.5000000000027,4284.1099999999915,65.11000000000006,48.13606741573024,-7.400071942446049,0.7599011229870403,132.51,-86.24,50000.0,48971.39,50750.22,-2.0572200000000014,127.5199999999968,2098.9300000000003,4.135804731486878,2,11,25,0,5128,139,2425,2.7106084243369732
2026-01-25 19:04:52.741286,0.7892355,139,50,89,35.97122302158273,-1028.6100000000008,3255.5000000000027,4284.1099999999915,65.11000000000006,48.13606741573024,-7.400071942446049,0.7599011229870403,132.51,-86.24,50000.0,48971.39,50750.22,-2.0572200000000014,127.5199999999968,2098.9300000000003,4.135804731486878,2,11,25,0,5130,139,2426,2.709551656920078
2026-01-25 19:04:52.757996,0.789514,139,50,89,35.97122302158273,-1028.6100000000008,3255.5000000000027,4284.1099999999915,65.11000000000006,48.13606741573024,-7.400071942446049,0.7599011229870403,132.51,-86.24,50000.0,48971.39,50750.22,-2.0572200000000014,127.5199999999968,2098.9300000000003,4.135804731486878,2,11,25,0,5132,139,2427,2.7084957131722525
2026-01-25 19:04:52.774633,0.7897912833333333,139,50,89,35.97122302158273,-1028.6100000000008,3255.5000000000027,4284.1099999999915,65.11000000000006,48.13606741573024,-7.400071942446049,0.7599011229870403,132.51,-86.24,50000.0,48971.39,50750.22,-2.0572200000000014,127.5199999999968,2098.9300000000003,4.135804731486878,2,11,25,0,5134,139,2428,2.707440592130892
2026-01-25 19:04:52.791497,0.7900723500000001,139,50,89,35.97122302158273,-1028.6100000000008,3255.5000000000027,4284.1099999999915,65.11000000000006,48.13606741573024,-7.400071942446049,0.7599011229870403,132.51,-86.24,50000.0,48971.39,50750.22,-2.0572200000000014,127.5199999999968,2098.9300000000003,4.135804731486878,2,11,25,0,5136,139,2429,2.7063862928348907
2026-01-25 19:04:52.808120,0.7903494,139,50,89,35.97122302158273,-1028.6100000000008,3255.5000000000027,4284.1099999999915,65.11000000000006,48.13606741573024,-7.400071942446049,0.7599011229870403,132.51,-86.24,50000.0,48971.39,50750.22,-2.0572200000000014,0.0,2098.9300000000003,4.135804731486878,2,11,25,0,5138,139,2430,2.70533281432464
2026-01-25 19:04:52.824629,0.79062455,139,50,89,35.97122302158273,-1028.6100000000008,3255.5000000000027,4284.1099999999915,65.11000000000006,48.13606741573024,-7.400071942446049,0.7599011229870403,132.51,-86.24,50000.0,48971.39,50750.22,-2.0572200000000014,0.0,2098.9300000000003,4.135804731486878,2,11,25,0,5140,139,2431,2.7042801556420235
2026-01-25 19:04:52.841201,0.79090075,139,50,89,35.97122302158273,-1028.6100000000008,3255.5000000000027,4284.1099999999915,65.11000000000006,48.13606741573024,-7.400071942446049,0.7599011229870403,132.51,-86.24,50000.0,48971.39,50750.22,-2.0572200000000014,0.0,2098.9300000000003,4.135804731486878,2,11,25,0,5142,139,2432,2.7032283158304162
2026-01-25 19:04:52.857947,0.79117985,139,50,89,35.97122302158273,-1028.6100000000008,3255.5000000000027,4284.1099999999915,65.11000000000006,48.13606741573024,-7.400071942446049,0.7599011229870403,132.51,-86.24,50000.0,48971.39,50750.22,-2.0572200000000014,0.0,2098.9300000000003,4.135804731486878,2,11,25,0,5144,139,2433,2.7021772939346813
2026-01-25 19:04:52.874695,0.7914589833333333,139,50,89,35.97122302158273,-1028.6100000000008,3255.5000000000027,4284.1099999999915,65.11000000000006,48.13606741573024,-7.400071942446049,0.7599011229870403,132.51,-86.24,50000.0,48971.39,50750.22,-2.0572200000000014,0.0,2098.9300000000003,4.135804731486878,2,11,25,0,5146,139,2434,2.701127089001166
2026-01-25 19:04:52.891489,0.7917388833333334,139,50,89,35.97122302158273,-1028.6100000000008,3255.5000000000027,4284.1099999999915,65.11000000000006,48.13606741573024,-7.400071942446049,0.7599011229870403,132.51,-86.24,50000.0,48971.39,50750.22,-2.0572200000000014,0.0,2098.9300000000003,4.135804731486878,2,11,25,0,5148,139,2435,2.7000777000777
2026-01-25 19:04:52.908007,0.7920141833333333,139,50,89,35.97122302158273,-1028.6100000000008,3255.5000000000027,4284.1099999999915,65.11000000000006,48.13606741573024,-7.400071942446049,0.7599011229870403,132.51,-86.24,50000.0,48971.39,50750.22,-2.0572200000000014,0.0,2098.9300000000003,4.135804731486878,2,11,25,0,5150,139,2436,2.6990291262135924
2026-01-25 19:04:52.924255,0.7922849833333333,139,50,89,35.97122302158273,-1028.6100000000008,3255.5000000000027,4284.1099999999915,65.11000000000006,48.13606741573024,-7.400071942446049,0.7599011229870403,132.51,-86.24,50000.0,48971.39,50750.22,-2.0572200000000014,0.0,2098.9300000000003,4.135804731486878,2,11,25,0,5152,139,2437,2.697981366459627
2026-01-25 19:04:52.940858,0.7925617,139,50,89,35.97122302158273,-1028.6100000000008,3255.5000000000027,4284.1099999999915,65.11000000000006,48.13606741573024,-7.400071942446049,0.7599011229870403,132.51,-86.24,50000.0,48971.39,50750.22,-2.0572200000000014,0.0,2098.9300000000003,4.135804731486878,2,11,25,0,5154,139,2438,2.6969344198680636
2026-01-25 19:04:52.957277,0.79283535,139,50,89,35.97122302158273,-1028.6100000000008,3255.5000000000027,4284.1099999999915,65.11000000000006,48.13606741573024,-7.400071942446049,0.7599011229870403,132.51,-86.24,50000.0,48971.39,50750.22,-2.0572200000000014,0.0,2098.9300000000003,4.135804731486878,2,11,25,0,5156,139,2439,2.69588828549263
2026-01-25 19:04:52.973825,0.79311115,139,50,89,35.97122302158273,-1028.6100000000008,3255.5000000000027,4284.1099999999915,65.11000000000006,48.13606741573024,-7.400071942446049,0.7599011229870403,132.51,-86.24,50000.0,48971.39,50750.22,-2.0572200000000014,0.0,2098.9300000000003,4.135804731486878,2,11,25,0,5158,139,2440,2.6948429623885226
2026-01-25 19:04:52.990695,0.7933923166666667,139,50,89,35.97122302158273,-1028.6100000000008,3255.5000000000027,4284.1099999999915,65.11000000000006,48.13606741573024,-7.400071942446049,0.7599011229870403,132.51,-86.24,50000.0,48971.39,50750.22,-2.0572200000000014,0.0,2098.9300000000003,4.135804731486878,2,11,25,0,5160,139,2441,2.6937984496124034
2026-01-25 19:04:53.007103,0.7936657833333334,139,50,89,35.97122302158273,-1028.6100000000008,3255.5000000000027,4284.1099999999915,65.11000000000006,48.13606741573024,-7.400071942446049,0.7599011229870403,132.51,-86.24,50000.0,48971.39,50750.22,-2.0572200000000014,0.0,2098.9300000000003,4.135804731486878,2,11,25,0,5162,139,2442,2.6927547462223944
2026-01-25 19:04:53.023734,0.7939429666666666,139,50,89,35.97122302158273,-1028.6100000000008,3255.5000000000027,4284.1099999999915,65.11000000000006,48.13606741573024,-7.400071942446049,0.7599011229870403,132.51,-86.24,50000.0,48971.39,50750.22,-2.0572200000000014,0.0,2098.9300000000003,4.135804731486878,2,11,25,0,5164,139,2443,2.691711851278079
2026-01-25 19:04:53.040612,0.7942242666666667,139,50,89,35.97122302158273,-1028.6100000000008,3255.5000000000027,4284.1099999999915,65.11000000000006,48.13606741573024,-7.400071942446049,0.7599011229870403,132.51,-86.24,50000.0,48971.39,50750.22,-2.0572200000000014,0.0,2098.9300000000003,4.135804731486878,2,11,25,0,5166,139,2444,2.6906697638404955
2026-01-25 19:04:53.056891,0.7944955833333334,139,50,89,35.97122302158273,-1028.6100000000008,3255.5000000000027,4284.1099999999915,65.11000000000006,48.13606741573024,-7.400071942446049,0.7599011229870403,132.51,-86.24,50000.0,48971.39,50750.22,-2.0572200000000014,0.0,2098.9300000000003,4.135804731486878,2,11,25,0,5168,139,2445,2.689628482972136
2026-01-25 19:04:53.073926,0.7947794833333333,139,50,89,35.97122302158273,-1028.6100000000008,3255.5000000000027,4284.1099999999915,65.11000000000006,48.13606741573024,-7.400071942446049,0.7599011229870403,132.51,-86.24,50000.0,48971.39,50750.22,-2.0572200000000014,0.0,2098.9300000000003,4.135804731486878,2,11,25,0,5170,139,2446,2.6885880077369437
2026-01-25 19:04:53.090637,0.7950580166666666,139,50,89,35.97122302158273,-1028.6100000000008,3255.5000000000027,4284.1099999999915,65.11000000000006,48.13606741573024,-7.400071942446049,0.7599011229870403,132.51,-86.24,50000.0,48971.39,50750.22,-2.0572200000000014,0.0,2098.9300000000003,4.135804731486878,2,11,25,0,5172,139,2447,2.6875483372003095
2026-01-25 19:04:53.107362,0.7953367666666666,139,50,89,35.97122302158273,-1028.6100000000008,3255.5000000000027,4284.1099999999915,65.11000000000006,48.13606741573024,-7.400071942446049,0.7599011229870403,132.51,-86.24,50000.0,48971.39,50750.22,-2.0572200000000014,0.0,2098.9300000000003,4.135804731486878,2,11,25,0,5174,139,2448,2.686509470429068
2026-01-25 19:04:53.123818,0.7956110333333334,139,50,89,35.97122302158273,-1028.6100000000008,3255.5000000000027,4284.1099999999915,65.11000000000006,48.13606741573024,-7.400071942446049,0.7599011229870403,132.51,-86.24,50000.0,48971.39,50750.22,-2.0572200000000014,0.0,2098.9300000000003,4.135804731486878,2,11,25,0,5176,139,2449,2.6854714064914993
2026-01-25 19:04:53.140236,0.7958846666666666,139,50,89,35.97122302158273,-1028.6100000000008,3255.5000000000027,4284.1099999999915,65.11000000000006,48.13606741573024,-7.400071942446049,0.7599011229870403,132.51,-86.24,50000.0,48971.39,50750.22,-2.0572200000000014,0.0,2098.9300000000003,4.135804731486878,2,11,25,0,5178,139,2450,2.6844341444573194
2026-01-25 19:04:53.157234,0.7961679666666667,139,50,89,35.97122302158273,-1028.6100000000008,3255.5000000000027,4284.1099999999915,65.11000000000006,48.13606741573024,-7.400071942446049,0.7599011229870403,132.51,-86.24,50000.0,48971.39,50750.22,-2.0572200000000014,0.0,2098.9300000000003,4.135804731486878,2,11,25,0,5180,139,2451,2.6833976833976836
2026-01-25 19:04:53.173801,0.7964440833333334,139,50,89,35.97122302158273,-1028.6100000000008,3255.5000000000027,4284.1099999999915,65.11000000000006,48.13606741573024,-7.400071942446049,0.7599011229870403,132.51,-86.24,50000.0,48971.39,50750.22,-2.0572200000000014,0.0,2098.9300000000003,4.135804731486878,2,11,25,0,5182,139,2452,2.6823620223851794
2026-01-25 19:04:53.190392,0.7967206,139,50,89,35.97122302158273,-1028.6100000000008,3255.5000000000027,4284.1099999999915,65.11000000000006,48.13606741573024,-7.400071942446049,0.7599011229870403,132.51,-86.24,50000.0,48971.39,50750.22,-2.0572200000000014,0.0,2098.9300000000003,4.135804731486878,2,11,25,0,5184,139,2453,2.681327160493827
2026-01-25 19:04:53.207160,0.7970000666666667,139,50,89,35.97122302158273,-1028.6100000000008,3255.5000000000027,4284.1099999999915,65.11000000000006,48.13606741573024,-7.400071942446049,0.7599011229870403,132.51,-86.24,50000.0,48971.39,50750.22,-2.0572200000000014,0.0,2098.9300000000003,4.135804731486878,2,11,25,0,5186,139,2454,2.6802930967990743
2026-01-25 19:04:53.223967,0.7972801833333333,139,50,89,35.97122302158273,-1028.6100000000008,3255.5000000000027,4284.1099999999915,65.11000000000006,48.13606741573024,-7.400071942446049,0.7599011229870403,132.51,-86.24,50000.0,48971.39,50750.22,-2.0572200000000014,0.0,2098.9300000000003,4.135804731486878,2,11,25,0,5188,139,2455,2.679259830377795
2026-01-25 19:04:53.240476,0.7975553333333333,139,50,89,35.97122302158273,-1028.6100000000008,3255.5000000000027,4284.1099999999915,65.11000000000006,48.13606741573024,-7.400071942446049,0.7599011229870403,132.51,-86.24,50000.0,48971.39,50750.22,-2.0572200000000014,0.0,2098.9300000000003,4.135804731486878,2,11,25,0,5190,139,2456,2.678227360308285
2026-01-25 19:04:53.257002,0.7978307666666667,139,50,89,35.97122302158273,-1028.6100000000008,3255.5000000000027,4284.1099999999915,65.11000000000006,48.13606741573024,-7.400071942446049,0.7599011229870403,132.51,-86.24,50000.0,48971.39,50750.22,-2.0572200000000014,0.0,2098.9300000000003,4.135804731486878,2,11,25,0,5192,139,2457,2.6771956856702617
2026-01-25 19:04:53.273467,0.7981052,139,50,89,35.97122302158273,-1028.6100000000008,3255.5000000000027,4284.1099999999915,65.11000000000006,48.13606741573024,-7.400071942446049,0.7599011229870403,132.51,-86.24,50000.0,48971.39,50750.22,-2.0572200000000014,0.0,2098.9300000000003,4.135804731486878,2,11,25,0,5194,139,2458,2.6761648055448597
2026-01-25 19:04:53.289875,0.79837865,139,50,89,35.97122302158273,-1028.6100000000008,3255.5000000000027,4284.1099999999915,65.11000000000006,48.13606741573024,-7.400071942446049,0.7599011229870403,132.51,-86.24,50000.0,48971.39,50750.22,-2.0572200000000014,0.0,2098.9300000000003,4.135804731486878,2,11,25,0,5196,139,2459,2.6751347190146264
2026-01-25 19:04:53.330551,0.7990565833333334,139,50,89,35.97122302158273,-1028.6100000000008,3255.5000000000027,4284.1099999999915,65.11000000000006,48.13606741573024,-7.400071942446049,0.7599011229870403,132.51,-86.24,50000.0,48971.39,50750.22,-2.0572200000000014,0.0,2098.9300000000003,4.135804731486878,2,11,25,0,5198,139,2460,2.6741054251635243
2026-01-25 19:04:53.347290,0.7993355666666666,139,50,89,35.97122302158273,-1028.6100000000008,3255.5000000000027,4284.1099999999915,65.11000000000006,48.13606741573024,-7.400071942446049,0.7599011229870403,132.51,-86.24,50000.0,48971.39,50750.22,-2.0572200000000014,0.0,2098.9300000000003,4.135804731486878,2,11,25,0,5200,139,2461,2.6730769230769234
2026-01-25 19:04:53.365212,0.7996342666666667,139,50,89,35.97122302158273,-1028.6100000000008,3255.5000000000027,4284.1099999999915,65.11000000000006,48.13606741573024,-7.400071942446049,0.7599011229870403,132.51,-86.24,50000.0,48971.39,50750.22,-2.0572200000000014,0.0,2098.9300000000003,4.135804731486878,2,11,25,0,5202,139,2462,2.6720492118415993
2026-01-25 19:04:53.381995,0.7999139833333333,139,50,89,35.97122302158273,-1028.6100000000008,3255.5000000000027,4284.1099999999915,65.11000000000006,48.13606741573024,-7.400071942446049,0.7599011229870403,132.51,-86.24,50000.0,48971.39,50750.22,-2.0572200000000014,0.0,2098.9300000000003,4.135804731486878,2,11,25,0,5204,139,2463,2.671022290545734
2026-01-25 19:04:53.399056,0.8001983333333332,139,50,89,35.97122302158273,-1028.6100000000008,3255.5000000000027,4284.1099999999915,65.11000000000006,48.13606741573024,-7.400071942446049,0.7599011229870403,132.51,-86.24,50000.0,48971.39,50750.22,-2.0572200000000014,0.0,2098.9300000000003,4.135804731486878,2,11,25,0,5206,139,2464,2.669996158278909
2026-01-25 19:04:53.415906,0.8004791666666667,139,50,89,35.97122302158273,-1028.6100000000008,3255.5000000000027,4284.1099999999915,65.11000000000006,48.13606741573024,-7.400071942446049,0.7599011229870403,132.51,-86.24,50000.0,48971.39,50750.22,-2.0572200000000014,0.0,2098.9300000000003,4.135804731486878,2,11,25,0,5208,139,2465,2.6689708141321047
2026-01-25 19:04:53.432745,0.8007598166666666,139,50,89,35.97122302158273,-1028.6100000000008,3255.5000000000027,4284.1099999999915,65.11000000000006,48.13606741573024,-7.400071942446049,0.7599011229870403,132.51,-86.24,50000.0,48971.39,50750.22,-2.0572200000000014,0.0,2098.9300000000003,4.135804731486878,2,11,25,0,5210,139,2466,2.6679462571976966
2026-01-25 19:04:53.449583,0.8010404333333334,139,50,89,35.97122302158273,-1028.6100000000008,3255.5000000000027,4284.1099999999915,65.11000000000006,48.13606741573024,-7.400071942446049,0.7599011229870403,132.51,-86.24,50000.0,48971.39,50750.22,-2.0572200000000014,0.0,2098.9300000000003,4.135804731486878,2,11,25,0,5212,139,2467,2.6669224865694554
2026-01-25 19:04:53.466327,0.8013195166666667,139,50,89,35.97122302158273,-1028.6100000000008,3255.5000000000027,4284.1099999999915,65.11000000000006,48.13606741573024,-7.400071942446049,0.7599011229870403,132.51,-86.24,50000.0,48971.39,50750.22,-2.0572200000000014,0.0,2098.9300000000003,4.135804731486878,2,11,25,0,5214,139,2468,2.6658995013425395
2026-01-25 19:04:53.482882,0.80159545,139,50,89,35.97122302158273,-1028.6100000000008,3255.5000000000027,4284.1099999999915,65.11000000000006,48.13606741573024,-7.400071942446049,0.7599011229870403,132.51,-86.24,50000.0,48971.39,50750.22,-2.0572200000000014,0.0,2098.9300000000003,4.135804731486878,2,11,25,0,5216,139,2469,2.664877300613497
2026-01-25 19:04:53.499536,0.8018730000000001,139,50,89,35.97122302158273,-1028.6100000000008,3255.5000000000027,4284.1099999999915,65.11000000000006,48.13606741573024,-7.400071942446049,0.7599011229870403,132.51,-86.24,50000.0,48971.39,50750.22,-2.0572200000000014,0.0,2098.9300000000003,4.135804731486878,2,11,25,0,5218,139,2470,2.6638558834802604
2026-01-25 19:04:53.516105,0.8021491666666667,139,50,89,35.97122302158273,-1028.6100000000008,3255.5000000000027,4284.1099999999915,65.11000000000006,48.13606741573024,-7.400071942446049,0.7599011229870403,132.51,-86.24,50000.0,48971.39,50750.22,-2.0572200000000014,0.0,2098.9300000000003,4.135804731486878,2,11,25,0,5220,139,2471,2.6628352490421454
2026-01-25 19:04:53.532954,0.8024299833333333,139,50,89,35.97122302158273,-1028.6100000000008,3255.5000000000027,4284.1099999999915,65.11000000000006,48.13606741573024,-7.400071942446049,0.7599011229870403,132.51,-86.24,50000.0,48971.39,50750.22,-2.0572200000000014,0.0,2098.9300000000003,4.135804731486878,2,11,25,0,5222,139,2472,2.6618153963998465
2026-01-25 19:04:53.549607,0.8027075166666666,139,50,89,35.97122302158273,-1028.6100000000008,3255.5000000000027,4284.1099999999915,65.11000000000006,48.13606741573024,-7.400071942446049,0.7599011229870403,132.51,-86.24,50000.0,48971.39,50750.22,-2.0572200000000014,0.0,2098.9300000000003,4.135804731486878,2,11,25,0,5224,139,2473,2.6607963246554367
2026-01-25 19:04:53.566443,0.8029881166666667,139,50,89,35.97122302158273,-1028.6100000000008,3255.5000000000027,4284.1099999999915,65.11000000000006,48.13606741573024,-7.400071942446049,0.7599011229870403,132.51,-86.24,50000.0,48971.39,50750.22,-2.0572200000000014,0.0,2098.9300000000003,4.135804731486878,2,11,25,0,5226,139,2474,2.659778032912361
2026-01-25 19:04:53.583301,0.8032690833333334,139,50,89,35.97122302158273,-1028.6100000000008,3255.5000000000027,4284.1099999999915,65.11000000000006,48.13606741573024,-7.400071942446049,0.7599011229870403,132.51,-86.24,50000.0,48971.39,50750.22,-2.0572200000000014,0.0,2098.9300000000003,4.135804731486878,2,11,25,0,5228,139,2475,2.65876052027544
2026-01-25 19:04:53.600207,0.80355085,139,50,89,35.97122302158273,-1028.6100000000008,3255.5000000000027,4284.1099999999915,65.11000000000006,48.13606741573024,-7.400071942446049,0.7599011229870403,132.51,-86.24,50000.0,48971.39,50750.22,-2.0572200000000014,0.0,2098.9300000000003,4.135804731486878,2,11,25,0,5230,139,2476,2.6577437858508604
2026-01-25 19:04:53.616914,0.8038293,139,50,89,35.97122302158273,-1028.6100000000008,3255.5000000000027,4284.1099999999915,65.11000000000006,48.13606741573024,-7.400071942446049,0.7599011229870403,132.51,-86.24,50000.0,48971.39,50750.22,-2.0572200000000014,0.0,2098.9300000000003,4.135804731486878,2,11,25,0,5232,139,2477,2.656727828746177
2026-01-25 19:04:53.633419,0.8041043833333333,139,50,89,35.97122302158273,-1028.6100000000008,3255.5000000000027,4284.1099999999915,65.11000000000006,48.13606741573024,-7.400071942446049,0.7599011229870403,132.51,-86.24,50000.0,48971.39,50750.22,-2.0572200000000014,0.0,2098.9300000000003,4.135804731486878,2,11,25,0,5234,139,2478,2.6557126480703097
2026-01-25 19:04:53.649860,0.8043783999999999,139,50,89,35.97122302158273,-1028.6100000000008,3255.5000000000027,4284.1099999999915,65.11000000000006,48.13606741573024,-7.400071942446049,0.7599011229870403,132.51,-86.24,50000.0,48971.39,50750.22,-2.0572200000000014,0.0,2098.9300000000003,4.135804731486878,2,11,25,0,5236,139,2479,2.654698242933537
2026-01-25 19:04:53.666271,0.8046519333333334,139,50,89,35.97122302158273,-1028.6100000000008,3255.5000000000027,4284.1099999999915,65.11000000000006,48.13606741573024,-7.400071942446049,0.7599011229870403,132.51,-86.24,50000.0,48971.39,50750.22,-2.0572200000000014,0.0,2098.9300000000003,4.135804731486878,2,11,25,0,5238,139,2480,2.653684612447499
2026-01-25 19:04:53.682780,0.8049270666666666,139,50,89,35.97122302158273,-1028.6100000000008,3255.5000000000027,4284.1099999999915,65.11000000000006,48.13606741573024,-7.400071942446049,0.7599011229870403,132.51,-86.24,50000.0,48971.39,50750.22,-2.0572200000000014,0.0,2098.9300000000003,4.135804731486878,2,11,25,0,5240,139,2481,2.652671755725191
2026-01-25 19:04:53.698919,0.8051960499999999,139,50,89,35.97122302158273,-1028.6100000000008,3255.5000000000027,4284.1099999999915,65.11000000000006,48.13606741573024,-7.400071942446049,0.7599011229870403,132.51,-86.24,50000.0,48971.39,50750.22,-2.0572200000000014,0.0,2098.9300000000003,4.135804731486878,2,11,25,0,5242,139,2482,2.6516596718809615
2026-01-25 19:04:53.715158,0.8054667,139,50,89,35.97122302158273,-1028.6100000000008,3255.5000000000027,4284.1099999999915,65.11000000000006,48.13606741573024,-7.400071942446049,0.7599011229870403,132.51,-86.24,50000.0,48971.39,50750.22,-2.0572200000000014,0.0,2098.9300000000003,4.135804731486878,2,11,25,0,5244,139,2483,2.650648360030511
2026-01-25 19:04:53.732104,0.8057491333333334,139,50,89,35.97122302158273,-1028.6100000000008,3255.5000000000027,4284.1099999999915,65.11000000000006,48.13606741573024,-7.400071942446049,0.7599011229870403,132.51,-86.24,50000.0,48971.39,50750.22,-2.0572200000000014,0.0,2098.9300000000003,4.135804731486878,2,11,25,0,5246,139,2484,2.6496378192908883
2026-01-25 19:04:53.749697,0.80604235,139,50,89,35.97122302158273,-1028.6100000000008,3255.5000000000027,4284.1099999999915,65.11000000000006,48.13606741573024,-7.400071942446049,0.7599011229870403,132.51,-86.24,50000.0,48971.39,50750.22,-2.0572200000000014,0.0,2098.9300000000003,4.135804731486878,2,11,25,0,5248,139,2485,2.6486280487804876
2026-01-25 19:04:53.766654,0.8063249666666666,139,50,89,35.97122302158273,-1028.6100000000008,3255.5000000000027,4284.1099999999915,65.11000000000006,48.13606741573024,-7.400071942446049,0.7599011229870403,132.51,-86.24,50000.0,48971.39,50750.22,-2.0572200000000014,0.0,2098.9300000000003,4.135804731486878,2,11,25,0,5250,139,2486,2.6476190476190475
2026-01-25 19:04:53.784326,0.8066195166666666,139,50,89,35.97122302158273,-1028.6100000000008,3255.5000000000027,4284.1099999999915,65.11000000000006,48.13606741573024,-7.400071942446049,0.7599011229870403,132.51,-86.24,50000.0,48971.39,50750.22,-2.0572200000000014,0.0,2098.9300000000003,4.135804731486878,2,11,25,0,5252,139,2487,2.6466108149276466
2026-01-25 19:04:53.803762,0.8069434333333334,139,50,89,35.97122302158273,-1028.6100000000008,3255.5000000000027,4284.1099999999915,65.11000000000006,48.13606741573024,-7.400071942446049,0.7599011229870403,132.51,-86.24,50000.0,48971.39,50750.22,-2.0572200000000014,0.0,2098.9300000000003,4.135804731486878,2,11,25,0,5254,139,2488,2.645603349828702
2026-01-25 19:04:53.822877,0.8072620166666666,139,50,89,35.97122302158273,-1028.6100000000008,3255.5000000000027,4284.1099999999915,65.11000000000006,48.13606741573024,-7.400071942446049,0.7599011229870403,132.51,-86.24,50000.0,48971.39,50750.22,-2.0572200000000014,0.0,2098.9300000000003,4.135804731486878,2,11,25,0,5256,139,2489,2.6445966514459665
2026-01-25 19:04:53.841323,0.80756945,139,50,89,35.97122302158273,-1028.6100000000008,3255.5000000000027,4284.1099999999915,65.11000000000006,48.13606741573024,-7.400071942446049,0.7599011229870403,132.51,-86.24,50000.0,48971.39,50750.22,-2.0572200000000014,0.0,2098.9300000000003,4.135804731486878,2,11,25,0,5258,139,2490,2.6435907189045262
2026-01-25 19:04:53.860256,0.8078850166666667,139,50,89,35.97122302158273,-1028.6100000000008,3255.5000000000027,4284.1099999999915,65.11000000000006,48.13606741573024,-7.400071942446049,0.7599011229870403,132.51,-86.24,50000.0,48971.39,50750.22,-2.0572200000000014,0.0,2098.9300000000003,4.135804731486878,2,11,25,0,5260,139,2491,2.6425855513307983
2026-01-25 19:04:53.877907,0.8081791833333334,139,50,89,35.97122302158273,-1028.6100000000008,3255.5000000000027,4284.1099999999915,65.11000000000006,48.13606741573024,-7.400071942446049,0.7599011229870403,132.51,-86.24,50000.0,48971.39,50750.22,-2.0572200000000014,0.0,2098.9300000000003,4.135804731486878,2,11,25,0,5262,139,2492,2.6415811478525275
2026-01-25 19:04:53.895745,0.8084764999999999,139,50,89,35.97122302158273,-1028.6100000000008,3255.5000000000027,4284.1099999999915,65.11000000000006,48.13606741573024,-7.400071942446049,0.7599011229870403,132.51,-86.24,50000.0,48971.39,50750.22,-2.0572200000000014,0.0,2098.9300000000003,4.135804731486878,2,11,25,0,5264,139,2493,2.640577507598784
2026-01-25 19:04:53.941794,0.8092439833333334,139,50,89,35.97122302158273,-1028.6100000000008,3255.5000000000027,4284.1099999999915,65.11000000000006,48.13606741573024,-7.400071942446049,0.7599011229870403,132.51,-86.24,50000.0,48971.39,50750.22,-2.0572200000000014,0.0,2098.9300000000003,4.135804731486878,2,11,25,0,5266,139,2494,2.639574629699962
2026-01-25 19:04:53.998716,0.8101926666666667,139,50,89,35.97122302158273,-1028.6100000000008,3255.5000000000027,4284.1099999999915,65.11000000000006,48.13606741573024,-7.400071942446049,0.7599011229870403,132.51,-86.24,50000.0,48971.39,50750.22,-2.0572200000000014,0.0,2098.9300000000003,4.135804731486878,2,11,25,0,5268,139,2495,2.6385725132877753
2026-01-25 19:04:54.043894,0.8109456500000001,139,50,89,35.97122302158273,-1028.6100000000008,3255.5000000000027,4284.1099999999915,65.11000000000006,48.13606741573024,-7.400071942446049,0.7599011229870403,132.51,-86.24,50000.0,48971.39,50750.22,-2.0572200000000014,0.0,2098.9300000000003,4.135804731486878,2,11,25,0,5270,139,2496,2.6375711574952563
2026-01-25 19:04:54.067579,0.81134045,139,50,89,35.97122302158273,-1028.6100000000008,3255.5000000000027,4284.1099999999915,65.11000000000006,48.13606741573024,-7.400071942446049,0.7599011229870403,132.51,-86.24,50000.0,48971.39,50750.22,-2.0572200000000014,0.0,2098.9300000000003,4.135804731486878,2,11,25,0,5272,139,2497,2.6365705614567525
2026-01-25 19:04:54.099041,0.81186475,139,50,89,35.97122302158273,-1028.6100000000008,3255.5000000000027,4284.1099999999915,65.11000000000006,48.13606741573024,-7.400071942446049,0.7599011229870403,132.51,-86.24,50000.0,48971.39,50750.22,-2.0572200000000014,0.0,2098.9300000000003,4.135804731486878,2,11,25,0,5274,139,2498,2.6355707243079256
2026-01-25 19:04:54.115845,0.8121448166666667,139,50,89,35.97122302158273,-1028.6100000000008,3255.5000000000027,4284.1099999999915,65.11000000000006,48.13606741573024,-7.400071942446049,0.7599011229870403,132.51,-86.24,50000.0,48971.39,50750.22,-2.0572200000000014,0.0,2098.9300000000003,4.135804731486878,2,11,25,0,5276,139,2499,2.634571645185747
2026-01-25 19:04:54.132853,0.8124282833333333,139,50,89,35.97122302158273,-1028.6100000000008,3255.5000000000027,4284.1099999999915,65.11000000000006,48.13606741573024,-7.400071942446049,0.7599011229870403,132.51,-86.24,50000.0,48971.39,50750.22,-2.0572200000000014,0.0,2098.9300000000003,4.135804731486878,2,11,25,0,5278,139,2500,2.6335733232284957
2026-01-25 19:04:54.149861,0.81271175,139,50,89,35.97122302158273,-1028.6100000000008,3255.5000000000027,4284.1099999999915,65.11000000000006,48.13606741573024,-7.400071942446049,0.7599011229870403,132.51,-86.24,50000.0,48971.39,50750.22,-2.0572200000000014,0.0,2098.9300000000003,4.135804731486878,2,11,25,0,5280,139,2501,2.6325757575757573
2026-01-25 19:04:54.166721,0.8129927666666668,139,50,89,35.97122302158273,-1028.6100000000008,3255.5000000000027,4284.1099999999915,65.11000000000006,48.13606741573024,-7.400071942446049,0.7599011229870403,132.51,-86.24,50000.0,48971.39,50750.22,-2.0572200000000014,0.0,2098.9300000000003,4.135804731486878,2,11,25,0,5282,139,2502,2.631578947368421
2026-01-25 19:04:54.183692,0.8132756000000001,139,50,89,35.97122302158273,-1028.6100000000008,3255.5000000000027,4284.1099999999915,65.11000000000006,48.13606741573024,-7.400071942446049,0.7599011229870403,132.51,-86.24,50000.0,48971.39,50750.22,-2.0572200000000014,0.0,2098.9300000000003,4.135804731486878,2,11,25,0,5284,139,2503,2.6305828917486753
2026-01-25 19:04:54.200348,0.8135532,139,50,89,35.97122302158273,-1028.6100000000008,3255.5000000000027,4284.1099999999915,65.11000000000006,48.13606741573024,-7.400071942446049,0.7599011229870403,132.51,-86.24,50000.0,48971.39,50750.22,-2.0572200000000014,0.0,2098.9300000000003,4.135804731486878,2,11,25,0,5286,139,2504,2.6295875898600074
2026-01-25 19:04:54.216616,0.8138243333333333,139,50,89,35.97122302158273,-1028.6100000000008,3255.5000000000027,4284.1099999999915,65.11000000000006,48.13606741573024,-7.400071942446049,0.7599011229870403,132.51,-86.24,50000.0,48971.39,50750.22,-2.0572200000000014,0.0,2098.9300000000003,4.135804731486878,2,11,25,0,5288,139,2505,2.628593040847201
2026-01-25 19:04:54.233195,0.8141006666666667,139,50,89,35.97122302158273,-1028.6100000000008,3255.5000000000027,4284.1099999999915,65.11000000000006,48.13606741573024,-7.400071942446049,0.7599011229870403,132.51,-86.24,50000.0,48971.39,50750.22,-2.0572200000000014,0.0,2098.9300000000003,4.135804731486878,2,11,25,0,5290,139,2506,2.6275992438563325
2026-01-25 19:04:54.250376,0.814387,139,50,89,35.97122302158273,-1028.6100000000008,3255.5000000000027,4284.1099999999915,65.11000000000006,48.13606741573024,-7.400071942446049,0.7599011229870403,132.51,-86.24,50000.0,48971.39,50750.22,-2.0572200000000014,0.0,2098.9300000000003,4.135804731486878,2,11,25,0,5292,139,2507,2.6266061980347697
2026-01-25 19:04:54.267284,0.8146688,139,50,89,35.97122302158273,-1028.6100000000008,3255.5000000000027,4284.1099999999915,65.11000000000006,48.13606741573024,-7.400071942446049,0.7599011229870403,132.51,-86.24,50000.0,48971.39,50750.22,-2.0572200000000014,0.0,2098.9300000000003,4.135804731486878,2,11,25,0,5294,139,2508,2.6256139025311676
2026-01-25 19:04:54.284291,0.8149522666666668,139,50,89,35.97122302158273,-1028.6100000000008,3255.5000000000027,4284.1099999999915,65.11000000000006,48.13606741573024,-7.400071942446049,0.7599011229870403,132.51,-86.24,50000.0,48971.39,50750.22,-2.0572200000000014,0.0,2098.9300000000003,4.135804731486878,2,11,25,0,5296,139,2509,2.6246223564954683
2026-01-25 19:04:54.300701,0.81522575,139,50,89,35.97122302158273,-1028.6100000000008,3255.5000000000027,4284.1099999999915,65.11000000000006,48.13606741573024,-7.400071942446049,0.7599011229870403,132.51,-86.24,50000.0,48971.39,50750.22,-2.0572200000000014,0.0,2098.9300000000003,4.135804731486878,2,11,25,0,5298,139,2510,2.6236315590788974
2026-01-25 19:04:54.317417,0.81550435,139,50,89,35.97122302158273,-1028.6100000000008,3255.5000000000027,4284.1099999999915,65.11000000000006,48.13606741573024,-7.400071942446049,0.7599011229870403,132.51,-86.24,50000.0,48971.39,50750.22,-2.0572200000000014,0.0,2098.9300000000003,4.135804731486878,2,11,25,0,5300,139,2511,2.6226415094339623
2026-01-25 19:04:54.334312,0.8157859333333334,139,50,89,35.97122302158273,-1028.6100000000008,3255.5000000000027,4284.1099999999915,65.11000000000006,48.13606741573024,-7.400071942446049,0.7599011229870403,132.51,-86.24,50000.0,48971.39,50750.22,-2.0572200000000014,0.0,2098.9300000000003,4.135804731486878,2,11,25,0,5302,139,2512,2.6216522067144474
2026-01-25 19:04:54.350698,0.81605905,139,50,89,35.97122302158273,-1028.6100000000008,3255.5000000000027,4284.1099999999915,65.11000000000006,48.13606741573024,-7.400071942446049,0.7599011229870403,132.51,-86.24,50000.0,48971.39,50750.22,-2.0572200000000014,0.0,2098.9300000000003,4.135804731486878,2,11,25,0,5304,139,2513,2.620663650075415
2026-01-25 19:04:54.367536,0.8163396666666666,139,50,89,35.97122302158273,-1028.6100000000008,3255.5000000000027,4284.1099999999915,65.11000000000006,48.13606741573024,-7.400071942446049,0.7599011229870403,132.51,-86.24,50000.0,48971.39,50750.22,-2.0572200000000014,0.0,2098.9300000000003,4.135804731486878,2,11,25,0,5306,139,2514,2.6196758386732
2026-01-25 19:04:54.384366,0.8166201666666667,139,50,89,35.97122302158273,-1028.6100000000008,3255.5000000000027,4284.1099999999915,65.11000000000006,48.13606741573024,-7.400071942446049,0.7599011229870403,132.51,-86.24,50000.0,48971.39,50750.22,-2.0572200000000014,0.0,2098.9300000000003,4.135804731486878,2,11,25,0,5308,139,2515,2.618688771665411
2026-01-25 19:04:54.400953,0.8168966166666666,139,50,89,35.97122302158273,-1028.6100000000008,3255.5000000000027,4284.1099999999915,65.11000000000006,48.13606741573024,-7.400071942446049,0.7599011229870403,132.51,-86.24,50000.0,48971.39,50750.22,-2.0572200000000014,0.0,2098.9300000000003,4.135804731486878,2,11,25,0,5310,139,2516,2.6177024482109226
2026-01-25 19:04:54.417479,0.81717205,139,50,89,35.97122302158273,-1028.6100000000008,3255.5000000000027,4284.1099999999915,65.11000000000006,48.13606741573024,-7.400071942446049,0.7599011229870403,132.51,-86.24,50000.0,48971.39,50750.22,-2.0572200000000014,0.0,2098.9300000000003,4.135804731486878,2,11,25,0,5312,139,2517,2.6167168674698793
2026-01-25 19:04:54.434304,0.8174524666666667,139,50,89,35.97122302158273,-1028.6100000000008,3255.5000000000027,4284.1099999999915,65.11000000000006,48.13606741573024,-7.400071942446049,0.7599011229870403,132.51,-86.24,50000.0,48971.39,50750.22,-2.0572200000000014,0.0,2098.9300000000003,4.135804731486878,2,11,25,0,5314,139,2518,2.6157320286036883
2026-01-25 19:04:54.450828,0.8177278666666666,139,50,89,35.97122302158273,-1028.6100000000008,3255.5000000000027,4284.1099999999915,65.11000000000006,48.13606741573024,-7.400071942446049,0.7599011229870403,132.51,-86.24,50000.0,48971.39,50750.22,-2.0572200000000014,0.0,2098.9300000000003,4.135804731486878,2,11,25,0,5316,139,2519,2.6147479307750188
2026-01-25 19:04:54.467802,0.8180107666666667,139,50,89,35.97122302158273,-1028.6100000000008,3255.5000000000027,4284.1099999999915,65.11000000000006,48.13606741573024,-7.400071942446049,0.7599011229870403,132.51,-86.24,50000.0,48971.39,50750.22,-2.0572200000000014,0.0,2098.9300000000003,4.135804731486878,2,11,25,0,5318,139,2520,2.6137645731478
2026-01-25 19:04:54.484494,0.8182889666666667,139,50,89,35.97122302158273,-1028.6100000000008,3255.5000000000027,4284.1099999999915,65.11000000000006,48.13606741573024,-7.400071942446049,0.7599011229870403,132.51,-86.24,50000.0,48971.39,50750.22,-2.0572200000000014,0.0,2098.9300000000003,4.135804731486878,2,11,25,0,5320,139,2521,2.612781954887218
2026-01-25 19:04:54.501510,0.8185725666666667,139,50,89,35.97122302158273,-1028.6100000000008,3255.5000000000027,4284.1099999999915,65.11000000000006,48.13606741573024,-7.400071942446049,0.7599011229870403,132.51,-86.24,50000.0,48971.39,50750.22,-2.0572200000000014,0.0,2098.9300000000003,4.135804731486878,2,11,25,0,5322,139,2522,2.6118000751597146
2026-01-25 19:04:54.519117,0.8188660333333334,139,50,89,35.97122302158273,-1028.6100000000008,3255.5000000000027,4284.1099999999915,65.11000000000006,48.13606741573024,-7.400071942446049,0.7599011229870403,132.51,-86.24,50000.0,48971.39,50750.22,-2.0572200000000014,0.0,2098.9300000000003,4.135804731486878,2,11,25,0,5324,139,2523,2.610818933132983
2026-01-25 19:04:54.537440,0.8191714166666666,139,50,89,35.97122302158273,-1028.6100000000008,3255.5000000000027,4284.1099999999915,65.11000000000006,48.13606741573024,-7.400071942446049,0.7599011229870403,132.51,-86.24,50000.0,48971.39,50750.22,-2.0572200000000014,0.0,2098.9300000000003,4.135804731486878,2,11,25,0,5326,139,2524,2.609838527975967
2026-01-25 19:04:54.557128,0.8194995333333334,139,50,89,35.97122302158273,-1028.6100000000008,3255.5000000000027,4284.1099999999915,65.11000000000006,48.13606741573024,-7.400071942446049,0.7599011229870403,132.51,-86.24,50000.0,48971.39,50750.22,-2.0572200000000014,0.0,2098.9300000000003,4.135804731486878,2,11,25,0,5328,139,2525,2.608858858858859
2026-01-25 19:04:54.577228,0.8198345333333333,139,50,89,35.97122302158273,-1028.6100000000008,3255.5000000000027,4284.1099999999915,65.11000000000006,48.13606741573024,-7.400071942446049,0.7599011229870403,132.51,-86.24,50000.0,48971.39,50750.22,-2.0572200000000014,0.0,2098.9300000000003,4.135804731486878,2,11,25,0,5330,139,2526,2.607879924953096
2026-01-25 19:04:54.598061,0.8201817833333334,139,50,89,35.97122302158273,-1028.6100000000008,3255.5000000000027,4284.1099999999915,65.11000000000006,48.13606741573024,-7.400071942446049,0.7599011229870403,132.51,-86.24,50000.0,48971.39,50750.22,-2.0572200000000014,0.0,2098.9300000000003,4.135804731486878,2,11,25,0,5332,139,2527,2.606901725431358
2026-01-25 19:04:54.618492,0.8205222666666666,139,50,89,35.97122302158273,-1028.6100000000008,3255.5000000000027,4284.1099999999915,65.11000000000006,48.13606741573024,-7.400071942446049,0.7599011229870403,132.51,-86.24,50000.0,48971.39,50750.22,-2.0572200000000014,0.0,2098.9300000000003,4.135804731486878,2,11,25,0,5334,139,2528,2.6059242594675665
2026-01-25 19:04:54.636605,0.82082415,139,50,89,35.97122302158273,-1028.6100000000008,3255.5000000000027,4284.1099999999915,65.11000000000006,48.13606741573024,-7.400071942446049,0.7599011229870403,132.51,-86.24,50000.0,48971.39,50750.22,-2.0572200000000014,0.0,2098.9300000000003,4.135804731486878,2,11,25,0,5336,139,2529,2.6049475262368817
2026-01-25 19:04:54.657189,0.8211672166666666,139,50,89,35.97122302158273,-1028.6100000000008,3255.5000000000027,4284.1099999999915,65.11000000000006,48.13606741573024,-7.400071942446049,0.7599011229870403,132.51,-86.24,50000.0,48971.39,50750.22,-2.0572200000000014,0.0,2098.9300000000003,4.135804731486878,2,11,25,0,5338,139,2530,2.603971524915699
2026-01-25 19:04:54.677559,0.8215067166666666,139,50,89,35.97122302158273,-1028.6100000000008,3255.5000000000027,4284.1099999999915,65.11000000000006,48.13606741573024,-7.400071942446049,0.7599011229870403,132.51,-86.24,50000.0,48971.39,50750.22,-2.0572200000000014,0.0,2098.9300000000003,4.135804731486878,2,11,25,0,5340,139,2531,2.602996254681648
2026-01-25 19:04:54.694519,0.8217893833333334,139,50,89,35.97122302158273,-1028.6100000000008,3255.5000000000027,4284.1099999999915,65.11000000000006,48.13606741573024,-7.400071942446049,0.7599011229870403,132.51,-86.24,50000.0,48971.39,50750.22,-2.0572200000000014,0.0,2098.9300000000003,4.135804731486878,2,11,25,0,5342,139,2532,2.6020217147135907
2026-01-25 19:04:54.711480,0.8220720666666667,139,50,89,35.97122302158273,-1028.6100000000008,3255.5000000000027,4284.1099999999915,65.11000000000006,48.13606741573024,-7.400071942446049,0.7599011229870403,132.51,-86.24,50000.0,48971.39,50750.22,-2.0572200000000014,0.0,2098.9300000000003,4.135804731486878,2,11,25,0,5344,139,2533,2.601047904191617
2026-01-25 19:04:54.728559,0.8223567166666667,139,50,89,35.97122302158273,-1028.6100000000008,3255.5000000000027,4284.1099999999915,65.11000000000006,48.13606741573024,-7.400071942446049,0.7599011229870403,132.51,-86.24,50000.0,48971.39,50750.22,-2.0572200000000014,0.0,2098.9300000000003,4.135804731486878,2,11,25,0,5346,139,2534,2.6000748222970445
2026-01-25 19:04:54.745096,0.8226323333333333,139,50,89,35.97122302158273,-1028.6100000000008,3255.5000000000027,4284.1099999999915,65.11000000000006,48.13606741573024,-7.400071942446049,0.7599011229870403,132.51,-86.24,50000.0,48971.39,50750.22,-2.0572200000000014,0.0,2098.9300000000003,4.135804731486878,2,11,25,0,5348,139,2535,2.5991024682124158
2026-01-25 19:04:54.761990,0.8229139166666666,139,50,89,35.97122302158273,-1028.6100000000008,3255.5000000000027,4284.1099999999915,65.11000000000006,48.13606741573024,-7.400071942446049,0.7599011229870403,132.51,-86.24,50000.0,48971.39,50750.22,-2.0572200000000014,0.0,2098.9300000000003,4.135804731486878,2,11,25,0,5350,139,2536,2.5981308411214954
2026-01-25 19:04:54.779060,0.8231984,139,50,89,35.97122302158273,-1028.6100000000008,3255.5000000000027,4284.1099999999915,65.11000000000006,48.13606741573024,-7.400071942446049,0.7599011229870403,132.51,-86.24,50000.0,48971.39,50750.22,-2.0572200000000014,0.0,2098.9300000000003,4.135804731486878,2,11,25,0,5352,139,2537,2.5971599402092678
2026-01-25 19:04:54.797069,0.82349855,139,50,89,35.97122302158273,-1028.6100000000008,3255.5000000000027,4284.1099999999915,65.11000000000006,48.13606741573024,-7.400071942446049,0.7599011229870403,132.51,-86.24,50000.0,48971.39,50750.22,-2.0572200000000014,0.0,2098.9300000000003,4.135804731486878,2,11,25,0,5354,139,2538,2.596189764661935
2026-01-25 19:04:54.816427,0.8238211833333333,139,50,89,35.97122302158273,-1028.6100000000008,3255.5000000000027,4284.1099999999915,65.11000000000006,48.13606741573024,-7.400071942446049,0.7599011229870403,132.51,-86.24,50000.0,48971.39,50750.22,-2.0572200000000014,0.0,2098.9300000000003,4.135804731486878,2,11,25,0,5356,139,2539,2.5952203136669154
2026-01-25 19:04:54.834474,0.8241219666666667,139,50,89,35.97122302158273,-1028.6100000000008,3255.5000000000027,4284.1099999999915,65.11000000000006,48.13606741573024,-7.400071942446049,0.7599011229870403,132.51,-86.24,50000.0,48971.39,50750.22,-2.0572200000000014,0.0,2098.9300000000003,4.135804731486878,2,11,25,0,5358,139,2540,2.594251586412841
2026-01-25 19:04:54.853600,0.82444075,139,50,89,35.97122302158273,-1028.6100000000008,3255.5000000000027,4284.1099999999915,65.11000000000006,48.13606741573024,-7.400071942446049,0.7599011229870403,132.51,-86.24,50000.0,48971.39,50750.22,-2.0572200000000014,0.0,2098.9300000000003,4.135804731486878,2,11,25,0,5360,139,2541,2.593283582089552
2026-01-25 19:04:54.872990,0.8247639,139,50,89,35.97122302158273,-1028.6100000000008,3255.5000000000027,4284.1099999999915,65.11000000000006,48.13606741573024,-7.400071942446049,0.7599011229870403,132.51,-86.24,50000.0,48971.39,50750.22,-2.0572200000000014,0.0,2098.9300000000003,4.135804731486878,2,11,25,0,5362,139,2542,2.5923162998881017
2026-01-25 19:04:54.897153,0.8251666333333334,139,50,89,35.97122302158273,-1028.6100000000008,3255.5000000000027,4284.1099999999915,65.11000000000006,48.13606741573024,-7.400071942446049,0.7599011229870403,132.51,-86.24,50000.0,48971.39,50750.22,-2.0572200000000014,0.0,2098.9300000000003,4.135804731486878,2,11,25,0,5364,139,2543,2.5913497390007456
2026-01-25 19:04:54.918231,0.8255179333333333,139,50,89,35.97122302158273,-1028.6100000000008,3255.5000000000027,4284.1099999999915,65.11000000000006,48.13606741573024,-7.400071942446049,0.7599011229870403,132.51,-86.24,50000.0,48971.39,50750.22,-2.0572200000000014,0.0,2098.9300000000003,4.135804731486878,2,11,25,0,5366,139,2544,2.5903838986209466
2026-01-25 19:04:54.937939,0.8258464,139,50,89,35.97122302158273,-1028.6100000000008,3255.5000000000027,4284.1099999999915,65.11000000000006,48.13606741573024,-7.400071942446049,0.7599011229870403,132.51,-86.24,50000.0,48971.39,50750.22,-2.0572200000000014,0.0,2098.9300000000003,4.135804731486878,2,11,25,0,5368,139,2545,2.589418777943368
2026-01-25 19:04:54.957771,0.8261769333333333,139,50,89,35.97122302158273,-1028.6100000000008,3255.5000000000027,4284.1099999999915,65.11000000000006,48.13606741573024,-7.400071942446049,0.7599011229870403,132.51,-86.24,50000.0,48971.39,50750.22,-2.0572200000000014,0.0,2098.9300000000003,4.135804731486878,2,11,25,0,5370,139,2546,2.5884543761638734
2026-01-25 19:04:54.978823,0.8265277999999999,139,50,89,35.97122302158273,-1028.6100000000008,3255.5000000000027,4284.1099999999915,65.11000000000006,48.13606741573024,-7.400071942446049,0.7599011229870403,132.51,-86.24,50000.0,48971.39,50750.22,-2.0572200000000014,0.0,2098.9300000000003,4.135804731486878,2,11,25,0,5372,139,2547,2.5874906924795233
2026-01-25 19:04:54.996703,0.8268257833333333,139,50,89,35.97122302158273,-1028.6100000000008,3255.5000000000027,4284.1099999999915,65.11000000000006,48.13606741573024,-7.400071942446049,0.7599011229870403,132.51,-86.24,50000.0,48971.39,50750.22,-2.0572200000000014,0.0,2098.9300000000003,4.135804731486878,2,11,25,0,5374,139,2548,2.5865277260885744
2026-01-25 19:04:55.018184,0.8271838166666666,139,50,89,35.97122302158273,-1028.6100000000008,3255.5000000000027,4284.1099999999915,65.11000000000006,48.13606741573024,-7.400071942446049,0.7599011229870403,132.51,-86.24,50000.0,48971.39,50750.22,-2.0572200000000014,0.0,2098.9300000000003,4.135804731486878,2,11,25,0,5376,139,2549,2.585565476190476
2026-01-25 19:04:55.038328,0.8275198666666667,139,50,89,35.97122302158273,-1028.6100000000008,3255.5000000000027,4284.1099999999915,65.11000000000006,48.13606741573024,-7.400071942446049,0.7599011229870403,132.51,-86.24,50000.0,48971.39,50750.22,-2.0572200000000014,0.0,2098.9300000000003,4.135804731486878,2,11,25,0,5378,139,2550,2.5846039419858684
2026-01-25 19:04:55.057972,0.82784695,139,50,89,35.97122302158273,-1028.6100000000008,3255.5000000000027,4284.1099999999915,65.11000000000006,48.13606741573024,-7.400071942446049,0.7599011229870403,132.51,-86.24,50000.0,48971.39,50750.22,-2.0572200000000014,0.0,2098.9300000000003,4.135804731486878,2,11,25,0,5380,139,2551,2.58364312267658
2026-01-25 19:04:55.075932,0.8281462666666666,139,50,89,35.97122302158273,-1028.6100000000008,3255.5000000000027,4284.1099999999915,65.11000000000006,48.13606741573024,-7.400071942446049,0.7599011229870403,132.51,-86.24,50000.0,48971.39,50750.22,-2.0572200000000014,0.0,2098.9300000000003,4.135804731486878,2,11,25,0,5382,139,2552,2.582683017465626
2026-01-25 19:04:55.093042,0.8284314333333334,139,50,89,35.97122302158273,-1028.6100000000008,3255.5000000000027,4284.1099999999915,65.11000000000006,48.13606741573024,-7.400071942446049,0.7599011229870403,132.51,-86.24,50000.0,48971.39,50750.22,-2.0572200000000014,0.0,2098.9300000000003,4.135804731486878,2,11,25,0,5384,139,2553,2.5817236255572062
2026-01-25 19:04:55.109418,0.8287043666666667,139,50,89,35.97122302158273,-1028.6100000000008,3255.5000000000027,4284.1099999999915,65.11000000000006,48.13606741573024,-7.400071942446049,0.7599011229870403,132.51,-86.24,50000.0,48971.39,50750.22,-2.0572200000000014,0.0,2098.9300000000003,4.135804731486878,2,11,25,0,5386,139,2554,2.5807649461567026
2026-01-25 19:04:55.126349,0.82898655,139,50,89,35.97122302158273,-1028.6100000000008,3255.5000000000027,4284.1099999999915,65.11000000000006,48.13606741573024,-7.400071942446049,0.7599011229870403,132.51,-86.24,50000.0,48971.39,50750.22,-2.0572200000000014,0.0,2098.9300000000003,4.135804731486878,2,11,25,0,5388,139,2555,2.5798069784706756
2026-01-25 19:04:55.142619,0.8292577166666667,139,50,89,35.97122302158273,-1028.6100000000008,3255.5000000000027,4284.1099999999915,65.11000000000006,48.13606741573024,-7.400071942446049,0.7599011229870403,132.51,-86.24,50000.0,48971.39,50750.22,-2.0572200000000014,0.0,2098.9300000000003,4.135804731486878,2,11,25,0,5390,139,2556,2.5788497217068644
2026-01-25 19:04:55.158871,0.8295285666666667,139,50,89,35.97122302158273,-1028.6100000000008,3255.5000000000027,4284.1099999999915,65.11000000000006,48.13606741573024,-7.400071942446049,0.7599011229870403,132.51,-86.24,50000.0,48971.39,50750.22,-2.0572200000000014,0.0,2098.9300000000003,4.135804731486878,2,11,25,0,5392,139,2557,2.577893175074184
2026-01-25 19:04:55.175386,0.8298038333333333,139,50,89,35.97122302158273,-1028.6100000000008,3255.5000000000027,4284.1099999999915,65.11000000000006,48.13606741573024,-7.400071942446049,0.7599011229870403,132.51,-86.24,50000.0,48971.39,50750.22,-2.0572200000000014,0.0,2098.9300000000003,4.135804731486878,2,11,25,0,5394,139,2558,2.5769373377827214
2026-01-25 19:04:55.192159,0.8300833833333333,139,50,89,35.97122302158273,-1028.6100000000008,3255.5000000000027,4284.1099999999915,65.11000000000006,48.13606741573024,-7.400071942446049,0.7599011229870403,132.51,-86.24,50000.0,48971.39,50750.22,-2.0572200000000014,0.0,2098.9300000000003,4.135804731486878,2,11,25,0,5396,139,2559,2.575982209043736
2026-01-25 19:04:55.208463,0.8303551166666666,139,50,89,35.97122302158273,-1028.6100000000008,3255.5000000000027,4284.1099999999915,65.11000000000006,48.13606741573024,-7.400071942446049,0.7599011229870403,132.51,-86.24,50000.0,48971.39,50750.22,-2.0572200000000014,0.0,2098.9300000000003,4.135804731486878,2,11,25,0,5398,139,2560,2.5750277880696557
2026-01-25 19:04:55.225257,0.8306350166666667,139,50,89,35.97122302158273,-1028.6100000000008,3255.5000000000027,4284.1099999999915,65.11000000000006,48.13606741573024,-7.400071942446049,0.7599011229870403,132.51,-86.24,50000.0,48971.39,50750.22,-2.0572200000000014,0.0,2098.9300000000003,4.135804731486878,2,11,25,0,5400,139,2561,2.574074074074074
2026-01-25 19:04:55.241812,0.83091095,139,50,89,35.97122302158273,-1028.6100000000008,3255.5000000000027,4284.1099999999915,65.11000000000006,48.13606741573024,-7.400071942446049,0.7599011229870403,132.51,-86.24,50000.0,48971.39,50750.22,-2.0572200000000014,0.0,2098.9300000000003,4.135804731486878,2,11,25,0,5402,139,2562,2.573121066271751
2026-01-25 19:04:55.258556,0.83119,139,50,89,35.97122302158273,-1028.6100000000008,3255.5000000000027,4284.1099999999915,65.11000000000006,48.13606741573024,-7.400071942446049,0.7599011229870403,132.51,-86.24,50000.0,48971.39,50750.22,-2.0572200000000014,0.0,2098.9300000000003,4.135804731486878,2,11,25,0,5404,139,2563,2.5721687638786084
2026-01-25 19:04:55.275060,0.8314650666666666,139,50,89,35.97122302158273,-1028.6100000000008,3255.5000000000027,4284.1099999999915,65.11000000000006,48.13606741573024,-7.400071942446049,0.7599011229870403,132.51,-86.24,50000.0,48971.39,50750.22,-2.0572200000000014,0.0,2098.9300000000003,4.135804731486878,2,11,25,0,5406,139,2564,2.571217166111728
2026-01-25 19:04:55.291613,0.8317409666666666,139,50,89,35.97122302158273,-1028.6100000000008,3255.5000000000027,4284.1099999999915,65.11000000000006,48.13606741573024,-7.400071942446049,0.7599011229870403,132.51,-86.24,50000.0,48971.39,50750.22,-2.0572200000000014,0.0,2098.9300000000003,4.135804731486878,2,11,25,0,5408,139,2565,2.570266272189349
2026-01-25 19:04:55.308276,0.8320186666666667,139,50,89,35.97122302158273,-1028.6100000000008,3255.5000000000027,4284.1099999999915,65.11000000000006,48.13606741573024,-7.400071942446049,0.7599011229870403,132.51,-86.24,50000.0,48971.39,50750.22,-2.0572200000000014,0.0,2098.9300000000003,4.135804731486878,2,11,25,0,5410,139,2566,2.569316081330869
2026-01-25 19:04:55.324822,0.8322944333333333,139,50,89,35.97122302158273,-1028.6100000000008,3255.5000000000027,4284.1099999999915,65.11000000000006,48.13606741573024,-7.400071942446049,0.7599011229870403,132.51,-86.24,50000.0,48971.39,50750.22,-2.0572200000000014,0.0,2098.9300000000003,4.135804731486878,2,11,25,0,5412,139,2567,2.5683665927568367
2026-01-25 19:04:55.341644,0.8325748,139,50,89,35.97122302158273,-1028.6100000000008,3255.5000000000027,4284.1099999999915,65.11000000000006,48.13606741573024,-7.400071942446049,0.7599011229870403,132.51,-86.24,50000.0,48971.39,50750.22,-2.0572200000000014,0.0,2098.9300000000003,4.135804731486878,2,11,25,0,5414,139,2568,2.5674178056889545
2026-01-25 19:04:55.358107,0.8328491833333334,139,50,89,35.97122302158273,-1028.6100000000008,3255.5000000000027,4284.1099999999915,65.11000000000006,48.13606741573024,-7.400071942446049,0.7599011229870403,132.51,-86.24,50000.0,48971.39,50750.22,-2.0572200000000014,0.0,2098.9300000000003,4.135804731486878,2,11,25,0,5416,139,2569,2.566469719350074
2026-01-25 19:04:55.374874,0.8331286333333333,139,50,89,35.97122302158273,-1028.6100000000008,3255.5000000000027,4284.1099999999915,65.11000000000006,48.13606741573024,-7.400071942446049,0.7599011229870403,132.51,-86.24,50000.0,48971.39,50750.22,-2.0572200000000014,0.0,2098.9300000000003,4.135804731486878,2,11,25,1,5418,140,2569,2.5839793281653747
2026-01-25 19:04:55.391516,0.833406,139,50,89,35.97122302158273,-1028.6100000000008,3255.5000000000027,4284.1099999999915,65.11000000000006,48.13606741573024,-7.400071942446049,0.7599011229870403,132.51,-86.24,50000.0,48980.14,50750.22,-2.0397200000000013,8.75,2098.9300000000003,4.135804731486878,2,11,25,1,5420,140,2570,2.5830258302583027
2026-01-25 19:04:55.408228,0.8336845333333333,139,50,89,35.97122302158273,-1028.6100000000008,3255.5000000000027,4284.1099999999915,65.11000000000006,48.13606741573024,-7.400071942446049,0.7599011229870403,132.51,-86.24,50000.0,48976.39,50750.22,-2.047220000000001,5.0,2098.9300000000003,4.135804731486878,2,11,25,1,5422,140,2571,2.5820730357801547
2026-01-25 19:04:55.425085,0.8339654833333333,139,50,89,35.97122302158273,-1028.6100000000008,3255.5000000000027,4284.1099999999915,65.11000000000006,48.13606741573024,-7.400071942446049,0.7599011229870403,132.51,-86.24,50000.0,48965.14,50750.22,-2.069720000000001,-6.25,2098.9300000000003,4.135804731486878,2,11,25,1,5424,140,2572,2.5811209439528024
2026-01-25 19:04:55.441717,0.8342426833333333,139,50,89,35.97122302158273,-1028.6100000000008,3255.5000000000027,4284.1099999999915,65.11000000000006,48.13606741573024,-7.400071942446049,0.7599011229870403,132.51,-86.24,50000.0,48961.39,50750.22,-2.077220000000001,-10.0,2098.9300000000003,4.135804731486878,2,11,25,1,5426,140,2573,2.5801695539992626
2026-01-25 19:04:55.458029,0.83451455,139,50,89,35.97122302158273,-1028.6100000000008,3255.5000000000027,4284.1099999999915,65.11000000000006,48.13606741573024,-7.400071942446049,0.7599011229870403,132.51,-86.24,50000.0,48971.39,50750.22,-2.0572200000000014,0.0,2098.9300000000003,4.135804731486878,2,11,25,1,5428,140,2574,2.5792188651436994
2026-01-25 19:04:55.474575,0.8347903166666666,139,50,89,35.97122302158273,-1028.6100000000008,3255.5000000000027,4284.1099999999915,65.11000000000006,48.13606741573024,-7.400071942446049,0.7599011229870403,132.51,-86.24,50000.0,48980.14,50750.22,-2.0397200000000013,8.75,2098.9300000000003,4.135804731486878,2,11,25,1,5430,140,2575,2.578268876611418
2026-01-25 19:04:55.491389,0.83507055,139,50,89,35.97122302158273,-1028.6100000000008,3255.5000000000027,4284.1099999999915,65.11000000000006,48.13606741573024,-7.400071942446049,0.7599011229870403,132.51,-86.24,50000.0,48983.89,50750.22,-2.0322200000000015,12.5,2098.9300000000003,4.135804731486878,2,11,25,1,5432,140,2576,2.5773195876288657
2026-01-25 19:04:55.508284,0.8353521333333334,139,50,89,35.97122302158273,-1028.6100000000008,3255.5000000000027,4284.1099999999915,65.11000000000006,48.13606741573024,-7.400071942446049,0.7599011229870403,132.51,-86.24,50000.0,48983.89,50750.22,-2.0322200000000015,12.5,2098.9300000000003,4.135804731486878,2,11,25,1,5434,140,2577,2.5763709974236293
2026-01-25 19:04:55.525065,0.8356318166666666,139,50,89,35.97122302158273,-1028.6100000000008,3255.5000000000027,4284.1099999999915,65.11000000000006,48.13606741573024,-7.400071942446049,0.7599011229870403,132.51,-86.24,50000.0,48982.64,50750.22,-2.0347200000000014,11.25,2098.9300000000003,4.135804731486878,2,11,25,1,5436,140,2578,2.57542310522443
2026-01-25 19:04:55.541698,0.8359090499999999,139,50,89,35.97122302158273,-1028.6100000000008,3255.5000000000027,4284.1099999999915,65.11000000000006,48.13606741573024,-7.400071942446049,0.7599011229870403,132.51,-86.24,50000.0,48993.89,50750.22,-2.012220000000001,22.5,2098.9300000000003,4.135804731486878,2,11,25,1,5438,140,2579,2.5744759102611257
2026-01-25 19:04:55.558218,0.8361843666666666,139,50,89,35.97122302158273,-1028.6100000000008,3255.5000000000027,4284.1099999999915,65.11000000000006,48.13606741573024,-7.400071942446049,0.7599011229870403,132.51,-86.24,50000.0,48985.14,50750.22,-2.029720000000001,13.75,2098.9300000000003,4.135804731486878,2,11,25,1,5440,140,2580,2.5735294117647056
2026-01-25 19:04:55.574608,0.8364575333333334,139,50,89,35.97122302158273,-1028.6100000000008,3255.5000000000027,4284.1099999999915,65.11000000000006,48.13606741573024,-7.400071942446049,0.7599011229870403,132.51,-86.24,50000.0,48980.14,50750.22,-2.0397200000000013,8.75,2098.9300000000003,4.135804731486878,2,11,25,1,5442,140,2581,2.5725836089672915
2026-01-25 19:04:55.591236,0.8367346666666666,139,50,89,35.97122302158273,-1028.6100000000008,3255.5000000000027,4284.1099999999915,65.11000000000006,48.13606741573024,-7.400071942446049,0.7599011229870403,132.51,-86.24,50000.0,48990.14,50750.22,-2.0197200000000013,18.75,2098.9300000000003,4.135804731486878,2,11,25,1,5444,140,2582,2.5716385011021305
2026-01-25 19:04:55.608031,0.8370145833333333,139,50,89,35.97122302158273,-1028.6100000000008,3255.5000000000027,4284.1099999999915,65.11000000000006,48.13606741573024,-7.400071942446049,0.7599011229870403,132.51,-86.24,50000.0,48982.64,50750.22,-2.0347200000000014,11.25,2098.9300000000003,4.135804731486878,2,11,25,1,5446,140,2583,2.570694087403599
2026-01-25 19:04:55.624495,0.8372889833333333,139,50,89,35.97122302158273,-1028.6100000000008,3255.5000000000027,4284.1099999999915,65.11000000000006,48.13606741573024,-7.400071942446049,0.7599011229870403,132.51,-86.24,50000.0,48970.14,50750.22,-2.059720000000001,-1.25,2098.9300000000003,4.135804731486878,2,11,25,1,5448,140,2584,2.5697503671071953
2026-01-25 19:04:55.641142,0.8375664500000001,140,50,90,35.714285714285715,-1061.1000000000008,3255.5000000000027,4316.599999999991,65.11000000000006,47.962222222222124,-7.57928571428572,0.7541815317611105,132.51,-86.24,50000.0,48938.9,50750.22,-2.122199999999997,-31.239999999997963,2098.9300000000003,4.135804731486878,-1,11,25,0,5450,140,2585,2.5688073394495414
2026-01-25 19:04:55.658068,0.8378485333333334,140,50,90,35.714285714285715,-1061.1000000000008,3255.5000000000027,4316.599999999991,65.11000000000006,47.962222222222124,-7.57928571428572,0.7541815317611105,132.51,-86.24,50000.0,48938.9,50750.22,-2.122199999999997,-31.239999999997963,2098.9300000000003,4.135804731486878,-1,11,25,1,5452,141,2585,2.586206896551724
2026-01-25 19:04:55.676304,0.8381524666666667,140,50,90,35.714285714285715,-1061.1000000000008,3255.5000000000027,4316.599999999991,65.11000000000006,47.962222222222124,-7.57928571428572,0.7541815317611105,132.51,-86.24,50000.0,48945.15,50750.22,-2.109699999999997,-24.989999999997963,2098.9300000000003,4.135804731486878,-1,11,25,2,5454,142,2585,2.6035936927026033
2026-01-25 19:04:55.692717,0.8384260166666666,141,50,91,35.46099290780142,-1097.3400000000008,3255.5000000000027,4352.839999999991,65.11000000000006,47.833406593406494,-7.7825531914893675,0.7479025188153043,132.51,-86.24,50000.0,48880.159999999996,50750.22,-2.2396800000000074,-89.9800000000032,2098.9300000000003,4.135804731486878,-2,11,25,1,5456,142,2586,2.602639296187683
2026-01-25 19:04:55.709572,0.8387069333333332,142,50,92,35.2112676056338,-1132.3300000000008,3255.5000000000027,4387.829999999991,65.11000000000006,47.69380434782599,-7.9741549295774705,0.7419384980730815,132.51,-86.24,50000.0,48867.67,50750.22,-2.2646600000000032,-102.47000000000116,2098.9300000000003,4.135804731486878,-3,11,25,0,5458,142,2587,2.601685599120557
2026-01-25 19:04:55.726060,0.83898175,142,50,92,35.2112676056338,-1132.3300000000008,3255.5000000000027,4387.829999999991,65.11000000000006,47.69380434782599,-7.9741549295774705,0.7419384980730815,132.51,-86.24,50000.0,48867.67,50750.22,-2.2646600000000032,-102.47000000000116,2098.9300000000003,4.135804731486878,-3,11,25,0,5460,142,2588,2.600732600732601
2026-01-25 19:04:55.742643,0.8392581333333333,142,50,92,35.2112676056338,-1132.3300000000008,3255.5000000000027,4387.829999999991,65.11000000000006,47.69380434782599,-7.9741549295774705,0.7419384980730815,132.51,-86.24,50000.0,48867.67,50750.22,-2.2646600000000032,-102.47000000000116,2098.9300000000003,4.135804731486878,-3,11,25,0,5462,142,2589,2.5997803002563167
2026-01-25 19:04:55.759643,0.8395414333333334,142,50,92,35.2112676056338,-1132.3300000000008,3255.5000000000027,4387.829999999991,65.11000000000006,47.69380434782599,-7.9741549295774705,0.7419384980730815,132.51,-86.24,50000.0,48867.67,50750.22,-2.2646600000000032,-102.47000000000116,2098.9300000000003,4.135804731486878,-3,11,25,0,5464,142,2590,2.5988286969253296
2026-01-25 19:04:55.775731,0.8398095833333333,142,50,92,35.2112676056338,-1132.3300000000008,3255.5000000000027,4387.829999999991,65.11000000000006,47.69380434782599,-7.9741549295774705,0.7419384980730815,132.51,-86.24,50000.0,48867.67,50750.22,-2.2646600000000032,-102.47000000000116,2098.9300000000003,4.135804731486878,-3,11,25,0,5466,142,2591,2.5978777899743872
2026-01-25 19:04:55.792531,0.8400895833333333,142,50,92,35.2112676056338,-1132.3300000000008,3255.5000000000027,4387.829999999991,65.11000000000006,47.69380434782599,-7.9741549295774705,0.7419384980730815,132.51,-86.24,50000.0,48867.67,50750.22,-2.2646600000000032,-102.47000000000116,2098.9300000000003,4.135804731486878,-3,11,25,0,5468,142,2592,2.596927578639356
2026-01-25 19:04:55.809126,0.8403661666666667,142,50,92,35.2112676056338,-1132.3300000000008,3255.5000000000027,4387.829999999991,65.11000000000006,47.69380434782599,-7.9741549295774705,0.7419384980730815,132.51,-86.24,50000.0,48867.67,50750.22,-2.2646600000000032,-102.47000000000116,2098.9300000000003,4.135804731486878,-3,11,25,0,5470,142,2593,2.5959780621572213
2026-01-25 19:04:55.825783,0.8406437833333332,142,50,92,35.2112676056338,-1132.3300000000008,3255.5000000000027,4387.829999999991,65.11000000000006,47.69380434782599,-7.9741549295774705,0.7419384980730815,132.51,-86.24,50000.0,48867.67,50750.22,-2.2646600000000032,-102.47000000000116,2098.9300000000003,4.135804731486878,-3,11,25,0,5472,142,2594,2.595029239766082
2026-01-25 19:04:55.842169,0.8409168833333334,142,50,92,35.2112676056338,-1132.3300000000008,3255.5000000000027,4387.829999999991,65.11000000000006,47.69380434782599,-7.9741549295774705,0.7419384980730815,132.51,-86.24,50000.0,48867.67,50750.22,-2.2646600000000032,-102.47000000000116,2098.9300000000003,4.135804731486878,-3,11,25,0,5474,142,2595,2.5940811107051513
2026-01-25 19:04:55.858799,0.84119405,142,50,92,35.2112676056338,-1132.3300000000008,3255.5000000000027,4387.829999999991,65.11000000000006,47.69380434782599,-7.9741549295774705,0.7419384980730815,132.51,-86.24,50000.0,48867.67,50750.22,-2.2646600000000032,-102.47000000000116,2098.9300000000003,4.135804731486878,-3,11,25,0,5476,142,2596,2.5931336742147555
2026-01-25 19:04:55.875318,0.8414693666666667,142,50,92,35.2112676056338,-1132.3300000000008,3255.5000000000027,4387.829999999991,65.11000000000006,47.69380434782599,-7.9741549295774705,0.7419384980730815,132.51,-86.24,50000.0,48867.67,50750.22,-2.2646600000000032,-102.47000000000116,2098.9300000000003,4.135804731486878,-3,11,25,1,5478,143,2596,2.610441767068273
2026-01-25 19:04:55.892100,0.84174905,142,50,92,35.2112676056338,-1132.3300000000008,3255.5000000000027,4387.829999999991,65.11000000000006,47.69380434782599,-7.9741549295774705,0.7419384980730815,132.51,-86.24,50000.0,48862.67,50750.22,-2.2746600000000035,-107.47000000000116,2098.9300000000003,4.135804731486878,-3,11,25,2,5480,144,2596,2.627737226277372
2026-01-25 19:04:55.908732,0.8420262666666667,142,50,92,35.2112676056338,-1132.3300000000008,3255.5000000000027,4387.829999999991,65.11000000000006,47.69380434782599,-7.9741549295774705,0.7419384980730815,132.51,-86.24,50000.0,48852.67,50750.22,-2.2946600000000035,-117.47000000000116,2098.9300000000003,4.135804731486878,-3,11,25,3,5482,145,2596,2.645020065669464
2026-01-25 19:04:55.925021,0.84229775,142,50,92,35.2112676056338,-1132.3300000000008,3255.5000000000027,4387.829999999991,65.11000000000006,47.69380434782599,-7.9741549295774705,0.7419384980730815,132.51,-86.24,50000.0,48841.42,50750.22,-2.3171600000000034,-128.72000000000116,2098.9300000000003,4.135804731486878,-3,11,25,3,5484,145,2597,2.6440554339897884
2026-01-25 19:04:55.942032,0.8425812666666667,142,50,92,35.2112676056338,-1132.3300000000008,3255.5000000000027,4387.829999999991,65.11000000000006,47.69380434782599,-7.9741549295774705,0.7419384980730815,132.51,-86.24,50000.0,48845.17,50750.22,-2.3096600000000036,-124.97000000000116,2098.9300000000003,4.135804731486878,-3,11,25,4,5486,146,2597,2.6613197229310974
2026-01-25 19:04:55.982074,0.8432486333333333,142,50,92,35.2112676056338,-1132.3300000000008,3255.5000000000027,4387.829999999991,65.11000000000006,47.69380434782599,-7.9741549295774705,0.7419384980730815,132.51,-86.24,50000.0,48930.17,50750.22,-2.1396600000000037,-39.970000000001164,2098.9300000000003,4.135804731486878,-3,11,25,4,5488,146,2598,2.6603498542274053
2026-01-25 19:04:55.998744,0.8435264666666666,142,50,92,35.2112676056338,-1132.3300000000008,3255.5000000000027,4387.829999999991,65.11000000000006,47.69380434782599,-7.9741549295774705,0.7419384980730815,132.51,-86.24,50000.0,48935.17,50750.22,-2.1296600000000034,-34.970000000001164,2098.9300000000003,4.135804731486878,-3,11,25,4,5490,146,2599,2.6593806921675776
2026-01-25 19:04:56.018464,0.84385515,142,50,92,35.2112676056338,-1132.3300000000008,3255.5000000000027,4387.829999999991,65.11000000000006,47.69380434782599,-7.9741549295774705,0.7419384980730815,132.51,-86.24,50000.0,48900.17,50750.22,-2.1996600000000037,-69.97000000000116,2098.9300000000003,4.135804731486878,-3,11,25,4,5492,146,2600,2.6584122359796067
2026-01-25 19:04:56.037837,0.8441780166666667,142,50,92,35.2112676056338,-1132.3300000000008,3255.5000000000027,4387.829999999991,65.11000000000006,47.69380434782599,-7.9741549295774705,0.7419384980730815,132.51,-86.24,50000.0,48910.17,50750.22,-2.1796600000000033,-59.970000000001164,2098.9300000000003,4.135804731486878,-3,11,25,4,5494,146,2601,2.6574444848926104
2026-01-25 19:04:56.056716,0.8444926666666667,142,50,92,35.2112676056338,-1132.3300000000008,3255.5000000000027,4387.829999999991,65.11000000000006,47.69380434782599,-7.9741549295774705,0.7419384980730815,132.51,-86.24,50000.0,48965.17,50750.22,-2.0696600000000034,-4.970000000001164,2098.9300000000003,4.135804731486878,-3,11,25,4,5496,146,2602,2.6564774381368266
2026-01-25 19:04:56.075299,0.8448023833333332,142,50,92,35.2112676056338,-1132.3300000000008,3255.5000000000027,4387.829999999991,65.11000000000006,47.69380434782599,-7.9741549295774705,0.7419384980730815,132.51,-86.24,50000.0,48970.17,50750.22,-2.0596600000000036,0.029999999998835847,2098.9300000000003,4.135804731486878,-3,11,25,4,5498,146,2603,2.655511094943616
2026-01-25 19:04:56.098934,0.8451965166666666,142,50,92,35.2112676056338,-1132.3300000000008,3255.5000000000027,4387.829999999991,65.11000000000006,47.69380434782599,-7.9741549295774705,0.7419384980730815,132.51,-86.24,50000.0,48980.17,50750.22,-2.0396600000000036,10.029999999998836,2098.9300000000003,4.135804731486878,-3,11,25,4,5500,146,2604,2.6545454545454548
2026-01-25 19:04:56.118005,0.84551415,142,50,92,35.2112676056338,-1132.3300000000008,3255.5000000000027,4387.829999999991,65.11000000000006,47.69380434782599,-7.9741549295774705,0.7419384980730815,132.51,-86.24,50000.0,48940.17,50750.22,-2.119660000000003,-29.970000000001164,2098.9300000000003,4.135804731486878,-3,11,25,4,5502,146,2605,2.653580516175936
2026-01-25 19:04:56.136797,0.84582735,142,50,92,35.2112676056338,-1132.3300000000008,3255.5000000000027,4387.829999999991,65.11000000000006,47.69380434782599,-7.9741549295774705,0.7419384980730815,132.51,-86.24,50000.0,48905.17,50750.22,-2.1896600000000035,-64.97000000000116,2098.9300000000003,4.135804731486878,-3,11,25,4,5504,146,2606,2.6526162790697674
2026-01-25 19:04:56.155590,0.8461405666666667,142,50,92,35.2112676056338,-1132.3300000000008,3255.5000000000027,4387.829999999991,65.11000000000006,47.69380434782599,-7.9741549295774705,0.7419384980730815,132.51,-86.24,50000.0,48955.17,50750.22,-2.0896600000000034,-14.970000000001164,2098.9300000000003,4.135804731486878,-3,11,25,4,5506,146,2607,2.651652742462768
2026-01-25 19:04:56.174081,0.84644875,142,50,92,35.2112676056338,-1132.3300000000008,3255.5000000000027,4387.829999999991,65.11000000000006,47.69380434782599,-7.9741549295774705,0.7419384980730815,132.51,-86.24,50000.0,48935.17,50750.22,-2.1296600000000034,-34.970000000001164,2098.9300000000003,4.135804731486878,-3,11,25,4,5508,146,2608,2.6506899055918662
2026-01-25 19:04:56.193015,0.8467643333333333,142,50,92,35.2112676056338,-1132.3300000000008,3255.5000000000027,4387.829999999991,65.11000000000006,47.69380434782599,-7.9741549295774705,0.7419384980730815,132.51,-86.24,50000.0,48955.17,50750.22,-2.0896600000000034,-14.970000000001164,2098.9300000000003,4.135804731486878,-3,11,25,4,5510,146,2609,2.6497277676951
2026-01-25 19:04:56.212357,0.8470867,142,50,92,35.2112676056338,-1132.3300000000008,3255.5000000000027,4387.829999999991,65.11000000000006,47.69380434782599,-7.9741549295774705,0.7419384980730815,132.51,-86.24,50000.0,48910.17,50750.22,-2.1796600000000033,-59.970000000001164,2098.9300000000003,4.135804731486878,-3,11,25,4,5512,146,2610,2.648766328011611
2026-01-25 19:04:56.230669,0.8473919,142,50,92,35.2112676056338,-1132.3300000000008,3255.5000000000027,4387.829999999991,65.11000000000006,47.69380434782599,-7.9741549295774705,0.7419384980730815,132.51,-86.24,50000.0,48950.17,50750.22,-2.0996600000000036,-19.970000000001164,2098.9300000000003,4.135804731486878,-3,11,25,4,5514,146,2611,2.6478055857816467
2026-01-25 19:04:56.247685,0.8476754833333333,142,50,92,35.2112676056338,-1132.3300000000008,3255.5000000000027,4387.829999999991,65.11000000000006,47.69380434782599,-7.9741549295774705,0.7419384980730815,132.51,-86.24,50000.0,48885.17,50750.22,-2.2296600000000035,-84.97000000000116,2098.9300000000003,4.135804731486878,-3,11,25,4,5516,146,2612,2.6468455402465554
2026-01-25 19:04:56.264813,0.8479609499999999,142,50,92,35.2112676056338,-1132.3300000000008,3255.5000000000027,4387.829999999991,65.11000000000006,47.69380434782599,-7.9741549295774705,0.7419384980730815,132.51,-86.24,50000.0,48915.17,50750.22,-2.1696600000000035,-54.970000000001164,2098.9300000000003,4.135804731486878,-3,11,25,4,5518,146,2613,2.6458861906487856
2026-01-25 19:04:56.281380,0.8482370666666667,142,50,92,35.2112676056338,-1132.3300000000008,3255.5000000000027,4387.829999999991,65.11000000000006,47.69380434782599,-7.9741549295774705,0.7419384980730815,132.51,-86.24,50000.0,48910.17,50750.22,-2.1796600000000033,-59.970000000001164,2098.9300000000003,4.135804731486878,-3,11,25,4,5520,146,2614,2.644927536231884
2026-01-25 19:04:56.298779,0.84852705,142,50,92,35.2112676056338,-1132.3300000000008,3255.5000000000027,4387.829999999991,65.11000000000006,47.69380434782599,-7.9741549295774705,0.7419384980730815,132.51,-86.24,50000.0,48895.17,50750.22,-2.2096600000000035,-74.97000000000116,2098.9300000000003,4.135804731486878,-3,11,25,4,5522,146,2615,2.6439695762404924
2026-01-25 19:04:56.315866,0.8488118333333333,142,50,92,35.2112676056338,-1132.3300000000008,3255.5000000000027,4387.829999999991,65.11000000000006,47.69380434782599,-7.9741549295774705,0.7419384980730815,132.51,-86.24,50000.0,48845.17,50750.22,-2.3096600000000036,-124.97000000000116,2098.9300000000003,4.135804731486878,-3,11,25,4,5524,146,2616,2.6430123099203473
2026-01-25 19:04:56.332432,0.8490879499999999,142,50,92,35.2112676056338,-1132.3300000000008,3255.5000000000027,4387.829999999991,65.11000000000006,47.69380434782599,-7.9741549295774705,0.7419384980730815,132.51,-86.24,50000.0,48880.17,50750.22,-2.2396600000000033,-89.97000000000116,2098.9300000000003,4.135804731486878,-3,11,25,5,5526,147,2616,2.660152008686211
2026-01-25 19:04:56.348891,0.84936225,142,50,92,35.2112676056338,-1132.3300000000008,3255.5000000000027,4387.829999999991,65.11000000000006,47.69380434782599,-7.9741549295774705,0.7419384980730815,132.51,-86.24,50000.0,48948.92,50750.22,-2.1021600000000036,-21.220000000001164,2098.9300000000003,4.135804731486878,-3,11,25,5,5528,147,2617,2.659189580318379
2026-01-25 19:04:56.365373,0.8496369500000001,142,50,92,35.2112676056338,-1132.3300000000008,3255.5000000000027,4387.829999999991,65.11000000000006,47.69380434782599,-7.9741549295774705,0.7419384980730815,132.51,-86.24,50000.0,48980.17,50750.22,-2.0396600000000036,10.029999999998836,2098.9300000000003,4.135804731486878,-3,11,25,5,5530,147,2618,2.6582278481012658
2026-01-25 19:04:56.382065,0.84991515,142,50,92,35.2112676056338,-1132.3300000000008,3255.5000000000027,4387.829999999991,65.11000000000006,47.69380434782599,-7.9741549295774705,0.7419384980730815,132.51,-86.24,50000.0,48986.42,50750.22,-2.0271600000000034,16.279999999998836,2098.9300000000003,4.135804731486878,-3,11,25,5,5532,147,2619,2.6572668112798263
2026-01-25 19:04:56.398890,0.8501955666666666,142,50,92,35.2112676056338,-1132.3300000000008,3255.5000000000027,4387.829999999991,65.11000000000006,47.69380434782599,-7.9741549295774705,0.7419384980730815,132.51,-86.24,50000.0,49023.92,50750.22,-1.9521600000000034,53.779999999998836,2098.9300000000003,4.135804731486878,-3,11,25,5,5534,147,2620,2.6563064691001084
2026-01-25 19:04:56.415875,0.85047865,143,51,92,35.66433566433567,-1091.0700000000008,3296.760000000003,4387.829999999991,64.64235294117653,47.69380434782599,-7.6298601398601456,0.751341779421721,132.51,-86.24,50000.0,49047.68,50750.22,-1.9046399999999994,77.54000000000087,2098.9300000000003,4.135804731486878,1,11,25,4,5536,147,2621,2.6553468208092483
2026-01-25 19:04:56.432495,0.8507556666666667,143,51,92,35.66433566433567,-1091.0700000000008,3296.760000000003,4387.829999999991,64.64235294117653,47.69380434782599,-7.6298601398601456,0.751341779421721,132.51,-86.24,50000.0,49027.68,50750.22,-1.9446399999999995,57.54000000000087,2098.9300000000003,4.135804731486878,1,11,25,4,5538,147,2622,2.654387865655471
2026-01-25 19:04:56.448920,0.8510293999999999,144,52,92,36.11111111111111,-1057.3100000000009,3330.520000000003,4387.829999999991,64.0484615384616,47.69380434782599,-7.342430555555562,0.7590357876216741,132.51,-86.24,50000.0,49058.94,50750.22,-1.8821199999999956,88.80000000000291,2098.9300000000003,4.135804731486878,2,11,25,3,5540,147,2623,2.6534296028880866
2026-01-25 19:04:56.465868,0.8513118833333333,145,53,92,36.55172413793103,-1008.5500000000009,3379.2800000000034,4387.829999999991,63.76000000000006,47.69380434782599,-6.955517241379316,0.7701483421189997,132.51,-86.24,50000.0,49058.95,50750.22,-1.882100000000006,88.80999999999767,2098.9300000000003,4.135804731486878,3,11,25,2,5542,147,2624,2.652472031757488
2026-01-25 19:04:56.482577,0.8515903666666667,145,53,92,36.55172413793103,-1008.5500000000009,3379.2800000000034,4387.829999999991,63.76000000000006,47.69380434782599,-6.955517241379316,0.7701483421189997,132.51,-86.24,50000.0,49058.95,50750.22,-1.882100000000006,88.80999999999767,2098.9300000000003,4.135804731486878,3,11,25,2,5544,147,2625,2.6515151515151514
2026-01-25 19:04:56.499272,0.8518686,145,53,92,36.55172413793103,-1008.5500000000009,3379.2800000000034,4387.829999999991,63.76000000000006,47.69380434782599,-6.955517241379316,0.7701483421189997,132.51,-86.24,50000.0,49076.45,50750.22,-1.8471000000000057,106.30999999999767,2098.9300000000003,4.135804731486878,3,11,25,2,5546,147,2626,2.6505589614136316
2026-01-25 19:04:56.516020,0.8521477333333334,145,53,92,36.55172413793103,-1008.5500000000009,3379.2800000000034,4387.829999999991,63.76000000000006,47.69380434782599,-6.955517241379316,0.7701483421189997,132.51,-86.24,50000.0,49058.95,50750.22,-1.882100000000006,88.80999999999767,2098.9300000000003,4.135804731486878,3,11,25,2,5548,147,2627,2.649603460706561
2026-01-25 19:04:56.532878,0.8524287,145,53,92,36.55172413793103,-1008.5500000000009,3379.2800000000034,4387.829999999991,63.76000000000006,47.69380434782599,-6.955517241379316,0.7701483421189997,132.51,-86.24,50000.0,49056.45,50750.22,-1.8871000000000058,86.30999999999767,2098.9300000000003,4.135804731486878,3,11,25,2,5550,147,2628,2.6486486486486487
2026-01-25 19:04:56.549531,0.8527062666666667,145,53,92,36.55172413793103,-1008.5500000000009,3379.2800000000034,4387.829999999991,63.76000000000006,47.69380434782599,-6.955517241379316,0.7701483421189997,132.51,-86.24,50000.0,49078.95,50750.22,-1.8421000000000058,108.80999999999767,2098.9300000000003,4.135804731486878,3,11,25,2,5552,147,2629,2.647694524495677
2026-01-25 19:04:56.566481,0.85298875,146,54,92,36.986301369863014,-958.5400000000009,3429.2900000000036,4387.829999999991,63.505370370370436,47.69380434782599,-6.565342465753431,0.7815457754744397,132.51,-86.24,50000.0,49093.96,50750.22,-1.8120800000000017,123.81999999999971,2098.9300000000003,4.135804731486878,4,11,25,1,5554,147,2630,2.6467410875045014
2026-01-25 19:04:56.584537,0.8532896833333333,147,55,92,37.41496598639456,-906.0300000000009,3481.800000000004,4387.829999999991,63.305454545454616,47.69380434782599,-6.163469387755108,0.7935129665461085,132.51,-86.24,50000.0,49093.97,50750.22,-1.8120599999999976,123.83000000000175,2098.9300000000003,4.135804731486878,5,11,25,0,5556,147,2631,2.6457883369330455
2026-01-25 19:04:56.602539,0.8535897333333333,147,55,92,37.41496598639456,-906.0300000000009,3481.800000000004,4387.829999999991,63.305454545454616,47.69380434782599,-6.163469387755108,0.7935129665461085,132.51,-86.24,50000.0,49093.97,50750.22,-1.8120599999999976,123.83000000000175,2098.9300000000003,4.135804731486878,5,11,25,0,5558,147,2632,2.644836272040302
2026-01-25 19:04:56.619576,0.8538736666666666,147,55,92,37.41496598639456,-906.0300000000009,3481.800000000004,4387.829999999991,63.305454545454616,47.69380434782599,-6.163469387755108,0.7935129665461085,132.51,-86.24,50000.0,49093.97,50750.22,-1.8120599999999976,123.83000000000175,2098.9300000000003,4.135804731486878,5,11,25,0,5560,147,2633,2.643884892086331
2026-01-25 19:04:56.636583,0.8541571166666666,147,55,92,37.41496598639456,-906.0300000000009,3481.800000000004,4387.829999999991,63.305454545454616,47.69380434782599,-6.163469387755108,0.7935129665461085,132.51,-86.24,50000.0,49093.97,50750.22,-1.8120599999999976,123.83000000000175,2098.9300000000003,4.135804731486878,5,11,25,0,5562,147,2634,2.6429341963322543
2026-01-25 19:04:56.653017,0.8544310166666667,147,55,92,37.41496598639456,-906.0300000000009,3481.800000000004,4387.829999999991,63.305454545454616,47.69380434782599,-6.163469387755108,0.7935129665461085,132.51,-86.24,50000.0,49093.97,50750.22,-1.8120599999999976,123.83000000000175,2098.9300000000003,4.135804731486878,5,11,25,0,5564,147,2635,2.641984184040259
2026-01-25 19:04:56.669768,0.8547102,147,55,92,37.41496598639456,-906.0300000000009,3481.800000000004,4387.829999999991,63.305454545454616,47.69380434782599,-6.163469387755108,0.7935129665461085,132.51,-86.24,50000.0,49093.97,50750.22,-1.8120599999999976,123.83000000000175,2098.9300000000003,4.135804731486878,5,11,25,0,5566,147,2636,2.6410348544735895
2026-01-25 19:04:56.686542,0.8549897833333334,147,55,92,37.41496598639456,-906.0300000000009,3481.800000000004,4387.829999999991,63.305454545454616,47.69380434782599,-6.163469387755108,0.7935129665461085,132.51,-86.24,50000.0,49093.97,50750.22,-1.8120599999999976,123.83000000000175,2098.9300000000003,4.135804731486878,5,11,25,0,5568,147,2637,2.6400862068965516
2026-01-25 19:04:56.702984,0.8552638,147,55,92,37.41496598639456,-906.0300000000009,3481.800000000004,4387.829999999991,63.305454545454616,47.69380434782599,-6.163469387755108,0.7935129665461085,132.51,-86.24,50000.0,49093.97,50750.22,-1.8120599999999976,123.83000000000175,2098.9300000000003,4.135804731486878,5,11,25,0,5570,147,2638,2.6391382405745065
2026-01-25 19:04:56.719963,0.8555467833333333,147,55,92,37.41496598639456,-906.0300000000009,3481.800000000004,4387.829999999991,63.305454545454616,47.69380434782599,-6.163469387755108,0.7935129665461085,132.51,-86.24,50000.0,49093.97,50750.22,-1.8120599999999976,123.83000000000175,2098.9300000000003,4.135804731486878,5,11,25,0,5572,147,2639,2.638190954773869
2026-01-25 19:04:56.736360,0.8558200666666667,147,55,92,37.41496598639456,-906.0300000000009,3481.800000000004,4387.829999999991,63.305454545454616,47.69380434782599,-6.163469387755108,0.7935129665461085,132.51,-86.24,50000.0,49093.97,50750.22,-1.8120599999999976,123.83000000000175,2098.9300000000003,4.135804731486878,5,11,25,0,5574,147,2640,2.63724434876211
2026-01-25 19:04:56.753111,0.85609925,147,55,92,37.41496598639456,-906.0300000000009,3481.800000000004,4387.829999999991,63.305454545454616,47.69380434782599,-6.163469387755108,0.7935129665461085,132.51,-86.24,50000.0,49093.97,50750.22,-1.8120599999999976,123.83000000000175,2098.9300000000003,4.135804731486878,5,11,25,0,5576,147,2641,2.6362984218077474
2026-01-25 19:04:56.769887,0.85637885,147,55,92,37.41496598639456,-906.0300000000009,3481.800000000004,4387.829999999991,63.305454545454616,47.69380434782599,-6.163469387755108,0.7935129665461085,132.51,-86.24,50000.0,49093.97,50750.22,-1.8120599999999976,123.83000000000175,2098.9300000000003,4.135804731486878,5,11,25,0,5578,147,2642,2.6353531731803512
2026-01-25 19:04:56.786619,0.8566577166666666,147,55,92,37.41496598639456,-906.0300000000009,3481.800000000004,4387.829999999991,63.305454545454616,47.69380434782599,-6.163469387755108,0.7935129665461085,132.51,-86.24,50000.0,49093.97,50750.22,-1.8120599999999976,123.83000000000175,2098.9300000000003,4.135804731486878,5,11,25,0,5580,147,2643,2.6344086021505375
2026-01-25 19:04:56.804121,0.8569494166666666,147,55,92,37.41496598639456,-906.0300000000009,3481.800000000004,4387.829999999991,63.305454545454616,47.69380434782599,-6.163469387755108,0.7935129665461085,132.51,-86.24,50000.0,49093.97,50750.22,-1.8120599999999976,123.83000000000175,2098.9300000000003,4.135804731486878,5,11,25,0,5582,147,2644,2.6334647079899676
2026-01-25 19:04:56.823704,0.8572758,147,55,92,37.41496598639456,-906.0300000000009,3481.800000000004,4387.829999999991,63.305454545454616,47.69380434782599,-6.163469387755108,0.7935129665461085,132.51,-86.24,50000.0,49093.97,50750.22,-1.8120599999999976,123.83000000000175,2098.9300000000003,4.135804731486878,5,11,25,0,5584,147,2645,2.6325214899713467
2026-01-25 19:04:56.845862,0.8576450999999999,147,55,92,37.41496598639456,-906.0300000000009,3481.800000000004,4387.829999999991,63.305454545454616,47.69380434782599,-6.163469387755108,0.7935129665461085,132.51,-86.24,50000.0,49093.97,50750.22,-1.8120599999999976,123.83000000000175,2098.9300000000003,4.135804731486878,5,11,25,0,5586,147,2646,2.631578947368421
2026-01-25 19:04:56.863189,0.8579339,147,55,92,37.41496598639456,-906.0300000000009,3481.800000000004,4387.829999999991,63.305454545454616,47.69380434782599,-6.163469387755108,0.7935129665461085,132.51,-86.24,50000.0,49093.97,50750.22,-1.8120599999999976,123.83000000000175,2098.9300000000003,4.135804731486878,5,11,25,1,5588,148,2646,2.6485325697924123
2026-01-25 19:04:56.880756,0.8582266833333333,147,55,92,37.41496598639456,-906.0300000000009,3481.800000000004,4387.829999999991,63.305454545454616,47.69380434782599,-6.163469387755108,0.7935129665461085,132.51,-86.24,50000.0,49086.47,50750.22,-1.8270599999999977,116.33000000000175,2098.9300000000003,4.135804731486878,5,11,25,1,5590,148,2647,2.6475849731663685
2026-01-25 19:04:56.901985,0.8585805000000001,147,55,92,37.41496598639456,-906.0300000000009,3481.800000000004,4387.829999999991,63.305454545454616,47.69380434782599,-6.163469387755108,0.7935129665461085,132.51,-86.24,50000.0,49095.22,50750.22,-1.8095599999999976,125.08000000000175,2098.9300000000003,4.135804731486878,5,11,25,2,5592,149,2647,2.6645207439198857
2026-01-25 19:04:56.921878,0.85891205,147,55,92,37.41496598639456,-906.0300000000009,3481.800000000004,4387.829999999991,63.305454545454616,47.69380434782599,-6.163469387755108,0.7935129665461085,132.51,-86.24,50000.0,49115.22,50750.22,-1.7695599999999978,145.08000000000175,2098.9300000000003,4.135804731486878,5,11,25,2,5594,149,2648,2.6635681086878797
2026-01-25 19:04:56.999350,0.8602032333333334,147,55,92,37.41496598639456,-906.0300000000009,3481.800000000004,4387.829999999991,63.305454545454616,47.69380434782599,-6.163469387755108,0.7935129665461085,132.51,-86.24,50000.0,49105.22,50750.22,-1.7895599999999976,135.08000000000175,2098.9300000000003,4.135804731486878,5,11,25,2,5596,149,2649,2.662616154395997
2026-01-25 19:04:57.044383,0.8609538000000001,147,55,92,37.41496598639456,-906.0300000000009,3481.800000000004,4387.829999999991,63.305454545454616,47.69380434782599,-6.163469387755108,0.7935129665461085,132.51,-86.24,50000.0,49125.22,50750.22,-1.7495599999999976,155.08000000000175,2098.9300000000003,4.135804731486878,5,11,25,2,5598,149,2650,2.6616648803143983
2026-01-25 19:04:57.077078,0.8614987166666667,147,55,92,37.41496598639456,-906.0300000000009,3481.800000000004,4387.829999999991,63.305454545454616,47.69380434782599,-6.163469387755108,0.7935129665461085,132.51,-86.24,50000.0,49135.22,50750.22,-1.7295599999999978,165.08000000000175,2098.9300000000003,4.135804731486878,5,11,25,2,5600,149,2651,2.6607142857142856
2026-01-25 19:04:57.121766,0.8622435166666667,149,57,92,38.25503355704698,-839.7600000000009,3548.0700000000043,4387.829999999991,62.246842105263234,47.69380434782599,-5.635973154362422,0.8086161040879003,132.51,-86.24,50000.0,49160.24,50750.22,-1.6795200000000041,190.09999999999854,2098.9300000000003,4.135804731486878,7,11,25,0,5602,149,2652,2.6597643698679043
2026-01-25 19:04:57.142905,0.8625958166666667,149,57,92,38.25503355704698,-839.7600000000009,3548.0700000000043,4387.829999999991,62.246842105263234,47.69380434782599,-5.635973154362422,0.8086161040879003,132.51,-86.24,50000.0,49160.24,50750.22,-1.6795200000000041,190.09999999999854,2098.9300000000003,4.135804731486878,7,11,25,0,5604,149,2653,2.6588151320485367
2026-01-25 19:04:57.164116,0.86294935,149,57,92,38.25503355704698,-839.7600000000009,3548.0700000000043,4387.829999999991,62.246842105263234,47.69380434782599,-5.635973154362422,0.8086161040879003,132.51,-86.24,50000.0,49160.24,50750.22,-1.6795200000000041,0.0,2098.9300000000003,4.135804731486878,7,11,25,0,5606,149,2654,2.657866571530503
2026-01-25 19:04:57.185187,0.8633005166666667,149,57,92,38.25503355704698,-839.7600000000009,3548.0700000000043,4387.829999999991,62.246842105263234,47.69380434782599,-5.635973154362422,0.8086161040879003,132.51,-86.24,50000.0,49160.24,50750.22,-1.6795200000000041,0.0,2098.9300000000003,4.135804731486878,7,11,25,0,5608,149,2655,2.656918687589158
2026-01-25 19:04:57.206755,0.8636599833333333,149,57,92,38.25503355704698,-839.7600000000009,3548.0700000000043,4387.829999999991,62.246842105263234,47.69380434782599,-5.635973154362422,0.8086161040879003,132.51,-86.24,50000.0,49160.24,50750.22,-1.6795200000000041,0.0,2098.9300000000003,4.135804731486878,7,11,25,0,5610,149,2656,2.655971479500891
2026-01-25 19:04:57.226727,0.86399285,149,57,92,38.25503355704698,-839.7600000000009,3548.0700000000043,4387.829999999991,62.246842105263234,47.69380434782599,-5.635973154362422,0.8086161040879003,132.51,-86.24,50000.0,49160.24,50750.22,-1.6795200000000041,0.0,2098.9300000000003,4.135804731486878,7,11,25,0,5612,149,2657,2.655024946543122
2026-01-25 19:04:57.243502,0.8642724333333334,149,57,92,38.25503355704698,-839.7600000000009,3548.0700000000043,4387.829999999991,62.246842105263234,47.69380434782599,-5.635973154362422,0.8086161040879003,132.51,-86.24,50000.0,49160.24,50750.22,-1.6795200000000041,0.0,2098.9300000000003,4.135804731486878,7,11,25,0,5614,149,2658,2.6540790879942997
2026-01-25 19:04:57.260889,0.8645622166666667,149,57,92,38.25503355704698,-839.7600000000009,3548.0700000000043,4387.829999999991,62.246842105263234,47.69380434782599,-5.635973154362422,0.8086161040879003,132.51,-86.24,50000.0,49160.24,50750.22,-1.6795200000000041,0.0,2098.9300000000003,4.135804731486878,7,11,25,0,5616,149,2659,2.653133903133903
2026-01-25 19:04:57.278051,0.86484825,149,57,92,38.25503355704698,-839.7600000000009,3548.0700000000043,4387.829999999991,62.246842105263234,47.69380434782599,-5.635973154362422,0.8086161040879003,132.51,-86.24,50000.0,49160.24,50750.22,-1.6795200000000041,0.0,2098.9300000000003,4.135804731486878,7,11,25,0,5618,149,2660,2.652189391242435
2026-01-25 19:04:57.295249,0.8651348999999999,149,57,92,38.25503355704698,-839.7600000000009,3548.0700000000043,4387.829999999991,62.246842105263234,47.69380434782599,-5.635973154362422,0.8086161040879003,132.51,-86.24,50000.0,49160.24,50750.22,-1.6795200000000041,0.0,2098.9300000000003,4.135804731486878,7,11,25,0,5620,149,2661,2.6512455516014235
2026-01-25 19:04:57.312441,0.8654214166666667,149,57,92,38.25503355704698,-839.7600000000009,3548.0700000000043,4387.829999999991,62.246842105263234,47.69380434782599,-5.635973154362422,0.8086161040879003,132.51,-86.24,50000.0,49160.24,50750.22,-1.6795200000000041,0.0,2098.9300000000003,4.135804731486878,7,11,25,0,5622,149,2662,2.6503023834934187
2026-01-25 19:04:57.329276,0.8657020000000001,149,57,92,38.25503355704698,-839.7600000000009,3548.0700000000043,4387.829999999991,62.246842105263234,47.69380434782599,-5.635973154362422,0.8086161040879003,132.51,-86.24,50000.0,49160.24,50750.22,-1.6795200000000041,0.0,2098.9300000000003,4.135804731486878,7,11,25,0,5624,149,2663,2.6493598862019914
2026-01-25 19:04:57.346392,0.8659872833333334,149,57,92,38.25503355704698,-839.7600000000009,3548.0700000000043,4387.829999999991,62.246842105263234,47.69380434782599,-5.635973154362422,0.8086161040879003,132.51,-86.24,50000.0,49160.24,50750.22,-1.6795200000000041,0.0,2098.9300000000003,4.135804731486878,7,11,25,0,5626,149,2664,2.648418059011731
2026-01-25 19:04:57.363217,0.8662676833333334,149,57,92,38.25503355704698,-839.7600000000009,3548.0700000000043,4387.829999999991,62.246842105263234,47.69380434782599,-5.635973154362422,0.8086161040879003,132.51,-86.24,50000.0,49160.24,50750.22,-1.6795200000000041,0.0,2098.9300000000003,4.135804731486878,7,11,25,0,5628,149,2665,2.6474769012082446
2026-01-25 19:04:57.380374,0.8665536333333334,149,57,92,38.25503355704698,-839.7600000000009,3548.0700000000043,4387.829999999991,62.246842105263234,47.69380434782599,-5.635973154362422,0.8086161040879003,132.51,-86.24,50000.0,49160.24,50750.22,-1.6795200000000041,0.0,2098.9300000000003,4.135804731486878,7,11,25,0,5630,149,2666,2.6465364120781527
2026-01-25 19:04:57.397382,0.8668371,149,57,92,38.25503355704698,-839.7600000000009,3548.0700000000043,4387.829999999991,62.246842105263234,47.69380434782599,-5.635973154362422,0.8086161040879003,132.51,-86.24,50000.0,49160.24,50750.22,-1.6795200000000041,0.0,2098.9300000000003,4.135804731486878,7,11,25,0,5632,149,2667,2.645596590909091
2026-01-25 19:04:57.414530,0.8671229,149,57,92,38.25503355704698,-839.7600000000009,3548.0700000000043,4387.829999999991,62.246842105263234,47.69380434782599,-5.635973154362422,0.8086161040879003,132.51,-86.24,50000.0,49160.24,50750.22,-1.6795200000000041,0.0,2098.9300000000003,4.135804731486878,7,11,25,1,5634,150,2667,2.6624068157614484
2026-01-25 19:04:57.431729,0.86740955,149,57,92,38.25503355704698,-839.7600000000009,3548.0700000000043,4387.829999999991,62.246842105263234,47.69380434782599,-5.635973154362422,0.8086161040879003,132.51,-86.24,50000.0,49150.24,50750.22,-1.699520000000004,-10.0,2098.9300000000003,4.135804731486878,7,11,25,2,5636,151,2667,2.6792051100070973
2026-01-25 19:04:57.448720,0.8676927333333333,149,57,92,38.25503355704698,-839.7600000000009,3548.0700000000043,4387.829999999991,62.246842105263234,47.69380434782599,-5.635973154362422,0.8086161040879003,132.51,-86.24,50000.0,49155.24,50750.22,-1.6895200000000041,-5.0,2098.9300000000003,4.135804731486878,7,11,25,3,5638,152,2667,2.695991486342675
2026-01-25 19:04:57.465945,0.8679798166666667,149,57,92,38.25503355704698,-839.7600000000009,3548.0700000000043,4387.829999999991,62.246842105263234,47.69380434782599,-5.635973154362422,0.8086161040879003,132.51,-86.24,50000.0,49170.24,50750.22,-1.6595200000000039,10.0,2098.9300000000003,4.135804731486878,7,11,25,4,5640,153,2667,2.7127659574468086
2026-01-25 19:04:57.482485,0.8682554833333334,149,57,92,38.25503355704698,-839.7600000000009,3548.0700000000043,4387.829999999991,62.246842105263234,47.69380434782599,-5.635973154362422,0.8086161040879003,132.51,-86.24,50000.0,49215.24,50750.22,-1.569520000000004,55.0,2098.9300000000003,4.135804731486878,7,11,25,4,5642,153,2668,2.7118043247075505
2026-01-25 19:04:57.499454,0.8685382833333333,149,57,92,38.25503355704698,-839.7600000000009,3548.0700000000043,4387.829999999991,62.246842105263234,47.69380434782599,-5.635973154362422,0.8086161040879003,132.51,-86.24,50000.0,49240.24,50750.22,-1.519520000000004,80.0,2098.9300000000003,4.135804731486878,7,11,25,5,5644,154,2668,2.728561304039688
2026-01-25 19:04:57.516627,0.8688245333333333,149,57,92,38.25503355704698,-839.7600000000009,3548.0700000000043,4387.829999999991,62.246842105263234,47.69380434782599,-5.635973154362422,0.8086161040879003,132.51,-86.24,50000.0,49190.24,50750.22,-1.619520000000004,30.0,2098.9300000000003,4.135804731486878,7,11,25,5,5646,154,2669,2.7275947573503365
2026-01-25 19:04:57.533216,0.8691010166666667,149,57,92,38.25503355704698,-839.7600000000009,3548.0700000000043,4387.829999999991,62.246842105263234,47.69380434782599,-5.635973154362422,0.8086161040879003,132.51,-86.24,50000.0,49227.74,50750.22,-1.5445200000000041,67.5,2098.9300000000003,4.135804731486878,7,11,25,5,5648,154,2670,2.726628895184136
2026-01-25 19:04:57.549801,0.8693774166666667,149,57,92,38.25503355704698,-839.7600000000009,3548.0700000000043,4387.829999999991,62.246842105263234,47.69380434782599,-5.635973154362422,0.8086161040879003,132.51,-86.24,50000.0,49177.74,50750.22,-1.6445200000000042,17.5,2098.9300000000003,4.135804731486878,7,11,25,5,5650,154,2671,2.7256637168141595
2026-01-25 19:04:57.566074,0.8696486333333334,149,57,92,38.25503355704698,-839.7600000000009,3548.0700000000043,4387.829999999991,62.246842105263234,47.69380434782599,-5.635973154362422,0.8086161040879003,132.51,-86.24,50000.0,49152.74,50750.22,-1.6945200000000042,-7.5,2098.9300000000003,4.135804731486878,7,11,25,5,5652,154,2672,2.724699221514508
2026-01-25 19:04:57.582383,0.8699204500000001,149,57,92,38.25503355704698,-839.7600000000009,3548.0700000000043,4387.829999999991,62.246842105263234,47.69380434782599,-5.635973154362422,0.8086161040879003,132.51,-86.24,50000.0,49158.99,50750.22,-1.6820200000000043,-1.25,2098.9300000000003,4.135804731486878,7,11,25,5,5654,154,2673,2.7237354085603114
2026-01-25 19:04:57.611146,0.8703998333333334,149,57,92,38.25503355704698,-839.7600000000009,3548.0700000000043,4387.829999999991,62.246842105263234,47.69380434782599,-5.635973154362422,0.8086161040879003,132.51,-86.24,50000.0,49152.74,50750.22,-1.6945200000000042,-7.5,2098.9300000000003,4.135804731486878,7,11,25,5,5656,154,2674,2.722772277227723
2026-01-25 19:04:57.627659,0.8706750499999999,149,57,92,38.25503355704698,-839.7600000000009,3548.0700000000043,4387.829999999991,62.246842105263234,47.69380434782599,-5.635973154362422,0.8086161040879003,132.51,-86.24,50000.0,49215.24,50750.22,-1.569520000000004,55.0,2098.9300000000003,4.135804731486878,7,11,25,5,5658,154,2675,2.7218098267939204
2026-01-25 19:04:57.644493,0.8709556166666667,149,57,92,38.25503355704698,-839.7600000000009,3548.0700000000043,4387.829999999991,62.246842105263234,47.69380434782599,-5.635973154362422,0.8086161040879003,132.51,-86.24,50000.0,49208.99,50750.22,-1.5820200000000042,48.75,2098.9300000000003,4.135804731486878,7,11,25,5,5660,154,2676,2.7208480565371023
2026-01-25 19:04:57.661089,0.8712322166666666,149,57,92,38.25503355704698,-839.7600000000009,3548.0700000000043,4387.829999999991,62.246842105263234,47.69380434782599,-5.635973154362422,0.8086161040879003,132.51,-86.24,50000.0,49208.99,50750.22,-1.5820200000000042,48.75,2098.9300000000003,4.135804731486878,7,11,25,5,5662,154,2677,2.719886965736489
2026-01-25 19:04:57.677873,0.8715119666666666,149,57,92,38.25503355704698,-839.7600000000009,3548.0700000000043,4387.829999999991,62.246842105263234,47.69380434782599,-5.635973154362422,0.8086161040879003,132.51,-86.24,50000.0,49227.74,50750.22,-1.5445200000000041,67.5,2098.9300000000003,4.135804731486878,7,11,25,5,5664,154,2678,2.718926553672316
2026-01-25 19:04:57.694530,0.8717895833333333,149,57,92,38.25503355704698,-839.7600000000009,3548.0700000000043,4387.829999999991,62.246842105263234,47.69380434782599,-5.635973154362422,0.8086161040879003,132.51,-86.24,50000.0,49165.24,50750.22,-1.6695200000000041,5.0,2098.9300000000003,4.135804731486878,7,11,25,5,5666,154,2679,2.717966819625838
2026-01-25 19:04:57.711470,0.8720719,150,57,93,38.0,-866.0000000000009,3548.0700000000043,4414.069999999991,62.246842105263234,47.46311827956979,-5.77333333333334,0.8038091829082936,132.51,-86.24,50000.0,49144.0,50750.22,-1.712,-16.239999999997963,2098.9300000000003,4.135804731486878,-1,11,25,4,5668,154,2680,2.7170077628793226
2026-01-25 19:04:57.728451,0.8723549166666668,150,57,93,38.0,-866.0000000000009,3548.0700000000043,4414.069999999991,62.246842105263234,47.46311827956979,-5.77333333333334,0.8038091829082936,132.51,-86.24,50000.0,49154.0,50750.22,-1.6920000000000002,-6.239999999997963,2098.9300000000003,4.135804731486878,-1,11,25,4,5670,154,2681,2.7160493827160495
2026-01-25 19:04:57.745079,0.87263205,150,57,93,38.0,-866.0000000000009,3548.0700000000043,4414.069999999991,62.246842105263234,47.46311827956979,-5.77333333333334,0.8038091829082936,132.51,-86.24,50000.0,49164.0,50750.22,-1.672,3.7600000000020373,2098.9300000000003,4.135804731486878,-1,11,25,4,5672,154,2682,2.7150916784203103
2026-01-25 19:04:57.762143,0.87291645,150,57,93,38.0,-866.0000000000009,3548.0700000000043,4414.069999999991,62.246842105263234,47.46311827956979,-5.77333333333334,0.8038091829082936,132.51,-86.24,50000.0,49169.0,50750.22,-1.662,8.760000000002037,2098.9300000000003,4.135804731486878,-1,11,25,4,5674,154,2683,2.7141346492774057
2026-01-25 19:04:57.779051,0.87319825,150,57,93,38.0,-866.0000000000009,3548.0700000000043,4414.069999999991,62.246842105263234,47.46311827956979,-5.77333333333334,0.8038091829082936,132.51,-86.24,50000.0,49189.0,50750.22,-1.6219999999999999,28.760000000002037,2098.9300000000003,4.135804731486878,-1,11,25,4,5676,154,2684,2.7131782945736433
2026-01-25 19:04:57.795633,0.8734746166666666,150,57,93,38.0,-866.0000000000009,3548.0700000000043,4414.069999999991,62.246842105263234,47.46311827956979,-5.77333333333334,0.8038091829082936,132.51,-86.24,50000.0,49144.0,50750.22,-1.712,-16.239999999997963,2098.9300000000003,4.135804731486878,-1,11,25,4,5678,154,2685,2.712222613596337
2026-01-25 19:04:57.812520,0.8737560666666667,150,57,93,38.0,-866.0000000000009,3548.0700000000043,4414.069999999991,62.246842105263234,47.46311827956979,-5.77333333333334,0.8038091829082936,132.51,-86.24,50000.0,49159.0,50750.22,-1.6820000000000002,-1.2399999999979627,2098.9300000000003,4.135804731486878,-1,11,25,4,5680,154,2686,2.7112676056338025
2026-01-25 19:04:57.829511,0.8740392499999999,150,57,93,38.0,-866.0000000000009,3548.0700000000043,4414.069999999991,62.246842105263234,47.46311827956979,-5.77333333333334,0.8038091829082936,132.51,-86.24,50000.0,49129.0,50750.22,-1.7420000000000002,-31.239999999997963,2098.9300000000003,4.135804731486878,-1,11,25,4,5682,154,2687,2.710313269975361
2026-01-25 19:04:57.846595,0.874324,150,57,93,38.0,-866.0000000000009,3548.0700000000043,4414.069999999991,62.246842105263234,47.46311827956979,-5.77333333333334,0.8038091829082936,132.51,-86.24,50000.0,49154.0,50750.22,-1.6920000000000002,-6.239999999997963,2098.9300000000003,4.135804731486878,-1,11,25,5,5684,155,2687,2.7269528501055595
2026-01-25 19:04:57.863156,0.8745999999999999,150,57,93,38.0,-866.0000000000009,3548.0700000000043,4414.069999999991,62.246842105263234,47.46311827956979,-5.77333333333334,0.8038091829082936,132.51,-86.24,50000.0,49097.75,50750.22,-1.8044999999999998,-62.48999999999796,2098.9300000000003,4.135804731486878,-1,11,25,5,5686,155,2688,2.725993668659866
2026-01-25 19:04:57.879474,0.8748719666666667,150,57,93,38.0,-866.0000000000009,3548.0700000000043,4414.069999999991,62.246842105263234,47.46311827956979,-5.77333333333334,0.8038091829082936,132.51,-86.24,50000.0,49166.5,50750.22,-1.667,6.260000000002037,2098.9300000000003,4.135804731486878,-1,11,25,5,5688,155,2689,2.7250351617440227
2026-01-25 19:04:57.895646,0.8751415,150,57,93,38.0,-866.0000000000009,3548.0700000000043,4414.069999999991,62.246842105263234,47.46311827956979,-5.77333333333334,0.8038091829082936,132.51,-86.24,50000.0,49154.0,50750.22,-1.6920000000000002,-6.239999999997963,2098.9300000000003,4.135804731486878,-1,11,25,5,5690,155,2690,2.724077328646749
2026-01-25 19:04:57.912612,0.8754242666666666,150,57,93,38.0,-866.0000000000009,3548.0700000000043,4414.069999999991,62.246842105263234,47.46311827956979,-5.77333333333334,0.8038091829082936,132.51,-86.24,50000.0,49141.5,50750.22,-1.717,-18.739999999997963,2098.9300000000003,4.135804731486878,-1,11,25,5,5692,155,2691,2.7231201686577653
2026-01-25 19:04:57.928879,0.8756953833333333,150,57,93,38.0,-866.0000000000009,3548.0700000000043,4414.069999999991,62.246842105263234,47.46311827956979,-5.77333333333334,0.8038091829082936,132.51,-86.24,50000.0,49116.5,50750.22,-1.7670000000000001,-43.73999999999796,2098.9300000000003,4.135804731486878,-1,11,25,5,5694,155,2692,2.7221636810677907
2026-01-25 19:04:57.945167,0.87596685,150,57,93,38.0,-866.0000000000009,3548.0700000000043,4414.069999999991,62.246842105263234,47.46311827956979,-5.77333333333334,0.8038091829082936,132.51,-86.24,50000.0,49141.5,50750.22,-1.717,-18.739999999997963,2098.9300000000003,4.135804731486878,-1,11,25,5,5696,155,2693,2.721207865168539
2026-01-25 19:04:57.962739,0.8762597166666667,150,57,93,38.0,-866.0000000000009,3548.0700000000043,4414.069999999991,62.246842105263234,47.46311827956979,-5.77333333333334,0.8038091829082936,132.51,-86.24,50000.0,49129.0,50750.22,-1.7420000000000002,-31.239999999997963,2098.9300000000003,4.135804731486878,-1,11,25,5,5698,155,2694,2.7202527202527205
2026-01-25 19:04:57.979888,0.8765455333333333,150,57,93,38.0,-866.0000000000009,3548.0700000000043,4414.069999999991,62.246842105263234,47.46311827956979,-5.77333333333334,0.8038091829082936,132.51,-86.24,50000.0,49154.0,50750.22,-1.6920000000000002,-6.239999999997963,2098.9300000000003,4.135804731486878,-1,11,25,5,5700,155,2695,2.719298245614035
2026-01-25 19:04:57.998657,0.8768583499999999,150,57,93,38.0,-866.0000000000009,3548.0700000000043,4414.069999999991,62.246842105263234,47.46311827956979,-5.77333333333334,0.8038091829082936,132.51,-86.24,50000.0,49160.25,50750.22,-1.6795,0.010000000002037268,2098.9300000000003,4.135804731486878,-1,11,25,5,5702,155,2696,2.7183444405471766
2026-01-25 19:04:58.017672,0.8771752666666667,150,57,93,38.0,-866.0000000000009,3548.0700000000043,4414.069999999991,62.246842105263234,47.46311827956979,-5.77333333333334,0.8038091829082936,132.51,-86.24,50000.0,49166.5,50750.22,-1.667,6.260000000002037,2098.9300000000003,4.135804731486878,-1,11,25,5,5704,155,2697,2.717391304347826
2026-01-25 19:04:58.036083,0.8774821166666666,150,57,93,38.0,-866.0000000000009,3548.0700000000043,4414.069999999991,62.246842105263234,47.46311827956979,-5.77333333333334,0.8038091829082936,132.51,-86.24,50000.0,49185.25,50750.22,-1.6295,25.010000000002037,2098.9300000000003,4.135804731486878,-1,11,25,5,5706,155,2698,2.7164388363126535
2026-01-25 19:04:58.054482,0.8777887666666667,150,57,93,38.0,-866.0000000000009,3548.0700000000043,4414.069999999991,62.246842105263234,47.46311827956979,-5.77333333333334,0.8038091829082936,132.51,-86.24,50000.0,49191.5,50750.22,-1.617,31.260000000002037,2098.9300000000003,4.135804731486878,-1,11,25,5,5708,155,2699,2.7154870357393133
2026-01-25 19:04:58.071701,0.8780757666666666,150,57,93,38.0,-866.0000000000009,3548.0700000000043,4414.069999999991,62.246842105263234,47.46311827956979,-5.77333333333334,0.8038091829082936,132.51,-86.24,50000.0,49172.75,50750.22,-1.6545,12.510000000002037,2098.9300000000003,4.135804731486878,-1,11,25,5,5710,155,2700,2.714535901926445
2026-01-25 19:04:58.088639,0.87835805,150,57,93,38.0,-866.0000000000009,3548.0700000000043,4414.069999999991,62.246842105263234,47.46311827956979,-5.77333333333334,0.8038091829082936,132.51,-86.24,50000.0,49160.25,50750.22,-1.6795,0.010000000002037268,2098.9300000000003,4.135804731486878,-1,11,25,5,5712,155,2701,2.7135854341736696
2026-01-25 19:04:58.105671,0.8786419166666666,150,57,93,38.0,-866.0000000000009,3548.0700000000043,4414.069999999991,62.246842105263234,47.46311827956979,-5.77333333333334,0.8038091829082936,132.51,-86.24,50000.0,49204.0,50750.22,-1.592,43.76000000000204,2098.9300000000003,4.135804731486878,-1,11,25,5,5714,155,2702,2.7126356317815894
2026-01-25 19:04:58.122653,0.87892495,150,57,93,38.0,-866.0000000000009,3548.0700000000043,4414.069999999991,62.246842105263234,47.46311827956979,-5.77333333333334,0.8038091829082936,132.51,-86.24,50000.0,49204.0,50750.22,-1.592,43.76000000000204,2098.9300000000003,4.135804731486878,-1,11,25,5,5716,155,2703,2.7116864940517846
2026-01-25 19:04:58.139774,0.8792103,150,57,93,38.0,-866.0000000000009,3548.0700000000043,4414.069999999991,62.246842105263234,47.46311827956979,-5.77333333333334,0.8038091829082936,132.51,-86.24,50000.0,49235.25,50750.22,-1.5294999999999999,75.01000000000204,2098.9300000000003,4.135804731486878,-1,11,25,5,5718,155,2704,2.7107380202868137
2026-01-25 19:04:58.156575,0.8794903333333333,150,57,93,38.0,-866.0000000000009,3548.0700000000043,4414.069999999991,62.246842105263234,47.46311827956979,-5.77333333333334,0.8038091829082936,132.51,-86.24,50000.0,49241.5,50750.22,-1.517,81.26000000000204,2098.9300000000003,4.135804731486878,-1,11,25,5,5720,155,2705,2.7097902097902096
2026-01-25 19:04:58.173535,0.8797729833333333,150,57,93,38.0,-866.0000000000009,3548.0700000000043,4414.069999999991,62.246842105263234,47.46311827956979,-5.77333333333334,0.8038091829082936,132.51,-86.24,50000.0,49235.25,50750.22,-1.5294999999999999,75.01000000000204,2098.9300000000003,4.135804731486878,-1,11,25,5,5722,155,2706,2.7088430618664803
2026-01-25 19:04:58.190089,0.8800488833333334,150,57,93,38.0,-866.0000000000009,3548.0700000000043,4414.069999999991,62.246842105263234,47.46311827956979,-5.77333333333334,0.8038091829082936,132.51,-86.24,50000.0,49254.0,50750.22,-1.492,93.76000000000204,2098.9300000000003,4.135804731486878,-1,11,25,5,5724,155,2707,2.7078965758211044
2026-01-25 19:04:58.207671,0.8803419333333333,150,57,93,38.0,-866.0000000000009,3548.0700000000043,4414.069999999991,62.246842105263234,47.46311827956979,-5.77333333333334,0.8038091829082936,132.51,-86.24,50000.0,49254.0,50750.22,-1.492,93.76000000000204,2098.9300000000003,4.135804731486878,-1,11,25,5,5726,155,2708,2.706950750960531
2026-01-25 19:04:58.224147,0.8806165166666666,150,57,93,38.0,-866.0000000000009,3548.0700000000043,4414.069999999991,62.246842105263234,47.46311827956979,-5.77333333333334,0.8038091829082936,132.51,-86.24,50000.0,49216.5,50750.22,-1.567,56.26000000000204,2098.9300000000003,4.135804731486878,-1,11,25,5,5728,155,2709,2.706005586592179
2026-01-25 19:04:58.242344,0.8809197999999999,150,57,93,38.0,-866.0000000000009,3548.0700000000043,4414.069999999991,62.246842105263234,47.46311827956979,-5.77333333333334,0.8038091829082936,132.51,-86.24,50000.0,49260.25,50750.22,-1.4795,100.01000000000204,2098.9300000000003,4.135804731486878,-1,11,25,5,5730,155,2710,2.7050610820244327
2026-01-25 19:04:58.259045,0.88119815,150,57,93,38.0,-866.0000000000009,3548.0700000000043,4414.069999999991,62.246842105263234,47.46311827956979,-5.77333333333334,0.8038091829082936,132.51,-86.24,50000.0,49222.75,50750.22,-1.5545,62.51000000000204,2098.9300000000003,4.135804731486878,-1,11,25,5,5732,155,2711,2.7041172365666433
2026-01-25 19:04:58.275931,0.8814795833333334,150,57,93,38.0,-866.0000000000009,3548.0700000000043,4414.069999999991,62.246842105263234,47.46311827956979,-5.77333333333334,0.8038091829082936,132.51,-86.24,50000.0,49222.75,50750.22,-1.5545,62.51000000000204,2098.9300000000003,4.135804731486878,-1,11,25,5,5734,155,2712,2.7031740495291245
2026-01-25 19:04:58.294165,0.8817834999999999,150,57,93,38.0,-866.0000000000009,3548.0700000000043,4414.069999999991,62.246842105263234,47.46311827956979,-5.77333333333334,0.8038091829082936,132.51,-86.24,50000.0,49235.25,50750.22,-1.5294999999999999,75.01000000000204,2098.9300000000003,4.135804731486878,-1,11,25,5,5736,155,2713,2.702231520223152
2026-01-25 19:04:58.311020,0.8820644000000001,150,57,93,38.0,-866.0000000000009,3548.0700000000043,4414.069999999991,62.246842105263234,47.46311827956979,-5.77333333333334,0.8038091829082936,132.51,-86.24,50000.0,49235.25,50750.22,-1.5294999999999999,75.01000000000204,2098.9300000000003,4.135804731486878,-1,11,25,5,5738,155,2714,2.7012896479609623
2026-01-25 19:04:58.327782,0.8823437833333333,150,57,93,38.0,-866.0000000000009,3548.0700000000043,4414.069999999991,62.246842105263234,47.46311827956979,-5.77333333333334,0.8038091829082936,132.51,-86.24,50000.0,49222.75,50750.22,-1.5545,62.51000000000204,2098.9300000000003,4.135804731486878,-1,11,25,5,5740,155,2715,2.7003484320557494
2026-01-25 19:04:58.344499,0.8826223833333333,150,57,93,38.0,-866.0000000000009,3548.0700000000043,4414.069999999991,62.246842105263234,47.46311827956979,-5.77333333333334,0.8038091829082936,132.51,-86.24,50000.0,49166.5,50750.22,-1.667,6.260000000002037,2098.9300000000003,4.135804731486878,-1,11,25,5,5742,155,2716,2.699407871821665
2026-01-25 19:04:58.361230,0.88290125,150,57,93,38.0,-866.0000000000009,3548.0700000000043,4414.069999999991,62.246842105263234,47.46311827956979,-5.77333333333334,0.8038091829082936,132.51,-86.24,50000.0,49135.25,50750.22,-1.7295,-24.989999999997963,2098.9300000000003,4.135804731486878,-1,11,25,5,5744,155,2717,2.698467966573816
2026-01-25 19:04:58.377965,0.8831801499999999,150,57,93,38.0,-866.0000000000009,3548.0700000000043,4414.069999999991,62.246842105263234,47.46311827956979,-5.77333333333334,0.8038091829082936,132.51,-86.24,50000.0,49141.5,50750.22,-1.717,-18.739999999997963,2098.9300000000003,4.135804731486878,-1,11,25,6,5746,156,2717,2.7149321266968327
2026-01-25 19:04:58.394762,0.8834601000000001,151,57,94,37.74834437086093,-883.4900000000009,3548.0700000000043,4431.55999999999,62.246842105263234,47.14425531914883,-5.850927152317887,0.8006367960718149,132.51,-86.24,50000.0,49092.76,50750.22,-1.814479999999996,-67.47999999999593,2098.9300000000003,4.135804731486878,-2,11,25,5,5748,156,2718,2.7139874739039667
2026-01-25 19:04:58.412079,0.8837487166666667,151,57,94,37.74834437086093,-883.4900000000009,3548.0700000000043,4431.55999999999,62.246842105263234,47.14425531914883,-5.850927152317887,0.8006367960718149,132.51,-86.24,50000.0,49117.76,50750.22,-1.764479999999996,-42.479999999995925,2098.9300000000003,4.135804731486878,-2,11,25,5,5750,156,2719,2.7130434782608694
2026-01-25 19:04:58.428502,0.88402245,151,57,94,37.74834437086093,-883.4900000000009,3548.0700000000043,4431.55999999999,62.246842105263234,47.14425531914883,-5.850927152317887,0.8006367960718149,132.51,-86.24,50000.0,49136.51,50750.22,-1.726979999999996,-23.729999999995925,2098.9300000000003,4.135804731486878,-2,11,25,5,5752,156,2720,2.7121001390820583
2026-01-25 19:04:58.445365,0.8843035,151,57,94,37.74834437086093,-883.4900000000009,3548.0700000000043,4431.55999999999,62.246842105263234,47.14425531914883,-5.850927152317887,0.8006367960718149,132.51,-86.24,50000.0,49161.51,50750.22,-1.676979999999996,1.2700000000040745,2098.9300000000003,4.135804731486878,-2,11,25,5,5754,156,2721,2.7111574556830034
2026-01-25 19:04:58.462032,0.8845812666666667,151,57,94,37.74834437086093,-883.4900000000009,3548.0700000000043,4431.55999999999,62.246842105263234,47.14425531914883,-5.850927152317887,0.8006367960718149,132.51,-86.24,50000.0,49161.51,50750.22,-1.676979999999996,1.2700000000040745,2098.9300000000003,4.135804731486878,-2,11,25,5,5756,156,2722,2.7102154273801253
2026-01-25 19:04:58.479065,0.8848651666666666,151,57,94,37.74834437086093,-883.4900000000009,3548.0700000000043,4431.55999999999,62.246842105263234,47.14425531914883,-5.850927152317887,0.8006367960718149,132.51,-86.24,50000.0,49061.51,50750.22,-1.8769799999999959,-98.72999999999593,2098.9300000000003,4.135804731486878,-2,11,25,6,5758,157,2722,2.726641194859326
2026-01-25 19:04:58.496082,0.8851487666666666,156,57,99,36.53846153846153,-1015.940000000001,3548.0700000000043,4564.009999999989,62.246842105263234,46.101111111111,-6.512435897435903,0.7774018900046259,132.51,-86.24,50000.0,48962.81,50750.22,-2.0743800000000046,-197.4300000000003,2098.9300000000003,4.135804731486878,-7,11,25,1,5760,157,2723,2.7256944444444446
2026-01-25 19:04:58.512828,0.8854278833333333,157,58,99,36.94267515923567,-974.680000000001,3589.3300000000045,4564.009999999989,61.885000000000076,46.101111111111,-6.208152866242044,0.7864421857094995,132.51,-86.24,50000.0,49025.32,50750.22,-1.9493600000000006,62.51000000000204,2098.9300000000003,4.135804731486878,1,11,25,0,5762,157,2724,2.7247483512669213
2026-01-25 19:04:58.529382,0.8857037666666667,157,58,99,36.94267515923567,-974.680000000001,3589.3300000000045,4564.009999999989,61.885000000000076,46.101111111111,-6.208152866242044,0.7864421857094995,132.51,-86.24,50000.0,49025.32,50750.22,-1.9493600000000006,62.51000000000204,2098.9300000000003,4.135804731486878,1,11,25,0,5764,157,2725,2.7238029146426093
2026-01-25 19:04:58.545901,0.8859790833333334,157,58,99,36.94267515923567,-974.680000000001,3589.3300000000045,4564.009999999989,61.885000000000076,46.101111111111,-6.208152866242044,0.7864421857094995,132.51,-86.24,50000.0,49025.32,50750.22,-1.9493600000000006,62.51000000000204,2098.9300000000003,4.135804731486878,1,11,25,0,5766,157,2726,2.7228581338883107
2026-01-25 19:04:58.562744,0.8862597833333333,157,58,99,36.94267515923567,-974.680000000001,3589.3300000000045,4564.009999999989,61.885000000000076,46.101111111111,-6.208152866242044,0.7864421857094995,132.51,-86.24,50000.0,49025.32,50750.22,-1.9493600000000006,62.51000000000204,2098.9300000000003,4.135804731486878,1,11,25,0,5768,157,2727,2.721914008321775
2026-01-25 19:04:58.579148,0.8865332166666666,157,58,99,36.94267515923567,-974.680000000001,3589.3300000000045,4564.009999999989,61.885000000000076,46.101111111111,-6.208152866242044,0.7864421857094995,132.51,-86.24,50000.0,49025.32,50750.22,-1.9493600000000006,62.51000000000204,2098.9300000000003,4.135804731486878,1,11,25,0,5770,157,2728,2.720970537261698
2026-01-25 19:04:58.596680,0.8868254,157,58,99,36.94267515923567,-974.680000000001,3589.3300000000045,4564.009999999989,61.885000000000076,46.101111111111,-6.208152866242044,0.7864421857094995,132.51,-86.24,50000.0,49025.32,50750.22,-1.9493600000000006,62.51000000000204,2098.9300000000003,4.135804731486878,1,11,25,0,5772,157,2729,2.72002772002772
2026-01-25 19:04:58.614941,0.8871298,157,58,99,36.94267515923567,-974.680000000001,3589.3300000000045,4564.009999999989,61.885000000000076,46.101111111111,-6.208152866242044,0.7864421857094995,132.51,-86.24,50000.0,49025.32,50750.22,-1.9493600000000006,62.51000000000204,2098.9300000000003,4.135804731486878,1,11,25,0,5774,157,2730,2.7190855559404223
2026-01-25 19:04:58.632634,0.8874246333333333,157,58,99,36.94267515923567,-974.680000000001,3589.3300000000045,4564.009999999989,61.885000000000076,46.101111111111,-6.208152866242044,0.7864421857094995,132.51,-86.24,50000.0,49025.32,50750.22,-1.9493600000000006,62.51000000000204,2098.9300000000003,4.135804731486878,1,11,25,0,5776,157,2731,2.71814404432133
2026-01-25 19:04:58.648816,0.8876943333333334,157,58,99,36.94267515923567,-974.680000000001,3589.3300000000045,4564.009999999989,61.885000000000076,46.101111111111,-6.208152866242044,0.7864421857094995,132.51,-86.24,50000.0,49025.32,50750.22,-1.9493600000000006,62.51000000000204,2098.9300000000003,4.135804731486878,1,11,25,0,5778,157,2732,2.717203184492904
2026-01-25 19:04:58.665350,0.8879699,157,58,99,36.94267515923567,-974.680000000001,3589.3300000000045,4564.009999999989,61.885000000000076,46.101111111111,-6.208152866242044,0.7864421857094995,132.51,-86.24,50000.0,49025.32,50750.22,-1.9493600000000006,62.51000000000204,2098.9300000000003,4.135804731486878,1,11,25,0,5780,157,2733,2.716262975778547
2026-01-25 19:04:58.681620,0.8882410833333334,157,58,99,36.94267515923567,-974.680000000001,3589.3300000000045,4564.009999999989,61.885000000000076,46.101111111111,-6.208152866242044,0.7864421857094995,132.51,-86.24,50000.0,49025.32,50750.22,-1.9493600000000006,62.51000000000204,2098.9300000000003,4.135804731486878,1,11,25,0,5782,157,2734,2.7153234175025944
2026-01-25 19:04:58.698172,0.88851695,157,58,99,36.94267515923567,-974.680000000001,3589.3300000000045,4564.009999999989,61.885000000000076,46.101111111111,-6.208152866242044,0.7864421857094995,132.51,-86.24,50000.0,49025.32,50750.22,-1.9493600000000006,62.51000000000204,2098.9300000000003,4.135804731486878,1,11,25,0,5784,157,2735,2.7143845089903182
2026-01-25 19:04:58.714789,0.8887938833333333,157,58,99,36.94267515923567,-974.680000000001,3589.3300000000045,4564.009999999989,61.885000000000076,46.101111111111,-6.208152866242044,0.7864421857094995,132.51,-86.24,50000.0,49025.32,50750.22,-1.9493600000000006,62.51000000000204,2098.9300000000003,4.135804731486878,1,11,25,0,5786,157,2736,2.7134462495679226
2026-01-25 19:04:58.731141,0.8890664166666667,157,58,99,36.94267515923567,-974.680000000001,3589.3300000000045,4564.009999999989,61.885000000000076,46.101111111111,-6.208152866242044,0.7864421857094995,132.51,-86.24,50000.0,49025.32,50750.22,-1.9493600000000006,62.51000000000204,2098.9300000000003,4.135804731486878,1,11,25,0,5788,157,2737,2.712508638562543
2026-01-25 19:04:58.747635,0.8893413166666666,157,58,99,36.94267515923567,-974.680000000001,3589.3300000000045,4564.009999999989,61.885000000000076,46.101111111111,-6.208152866242044,0.7864421857094995,132.51,-86.24,50000.0,49025.32,50750.22,-1.9493600000000006,62.51000000000204,2098.9300000000003,4.135804731486878,1,11,25,0,5790,157,2738,2.711571675302245
2026-01-25 19:04:58.763956,0.8896133166666667,157,58,99,36.94267515923567,-974.680000000001,3589.3300000000045,4564.009999999989,61.885000000000076,46.101111111111,-6.208152866242044,0.7864421857094995,132.51,-86.24,50000.0,49025.32,50750.22,-1.9493600000000006,62.51000000000204,2098.9300000000003,4.135804731486878,1,11,25,0,5792,157,2739,2.710635359116022
2026-01-25 19:04:58.780162,0.8898834166666667,157,58,99,36.94267515923567,-974.680000000001,3589.3300000000045,4564.009999999989,61.885000000000076,46.101111111111,-6.208152866242044,0.7864421857094995,132.51,-86.24,50000.0,49025.32,50750.22,-1.9493600000000006,62.51000000000204,2098.9300000000003,4.135804731486878,1,11,25,0,5794,157,2740,2.7096996893337937
2026-01-25 19:04:58.796575,0.8901569833333334,157,58,99,36.94267515923567,-974.680000000001,3589.3300000000045,4564.009999999989,61.885000000000076,46.101111111111,-6.208152866242044,0.7864421857094995,132.51,-86.24,50000.0,49025.32,50750.22,-1.9493600000000006,62.51000000000204,2098.9300000000003,4.135804731486878,1,11,25,0,5796,157,2741,2.7087646652864046
2026-01-25 19:04:58.813658,0.8904417,157,58,99,36.94267515923567,-974.680000000001,3589.3300000000045,4564.009999999989,61.885000000000076,46.101111111111,-6.208152866242044,0.7864421857094995,132.51,-86.24,50000.0,49025.32,50750.22,-1.9493600000000006,62.51000000000204,2098.9300000000003,4.135804731486878,1,11,25,0,5798,157,2742,2.7078302863056227
2026-01-25 19:04:58.830143,0.89071645,157,58,99,36.94267515923567,-974.680000000001,3589.3300000000045,4564.009999999989,61.885000000000076,46.101111111111,-6.208152866242044,0.7864421857094995,132.51,-86.24,50000.0,49025.32,50750.22,-1.9493600000000006,62.51000000000204,2098.9300000000003,4.135804731486878,1,11,25,0,5800,157,2743,2.706896551724138
2026-01-25 19:04:58.846478,0.8909887,157,58,99,36.94267515923567,-974.680000000001,3589.3300000000045,4564.009999999989,61.885000000000076,46.101111111111,-6.208152866242044,0.7864421857094995,132.51,-86.24,50000.0,49025.32,50750.22,-1.9493600000000006,62.51000000000204,2098.9300000000003,4.135804731486878,1,11,25,0,5802,157,2744,2.70596346087556
2026-01-25 19:04:58.863251,0.89126825,157,58,99,36.94267515923567,-974.680000000001,3589.3300000000045,4564.009999999989,61.885000000000076,46.101111111111,-6.208152866242044,0.7864421857094995,132.51,-86.24,50000.0,49025.32,50750.22,-1.9493600000000006,62.51000000000204,2098.9300000000003,4.135804731486878,1,11,25,0,5804,157,2745,2.7050310130944175
2026-01-25 19:04:58.879813,0.8915442833333334,157,58,99,36.94267515923567,-974.680000000001,3589.3300000000045,4564.009999999989,61.885000000000076,46.101111111111,-6.208152866242044,0.7864421857094995,132.51,-86.24,50000.0,49025.32,50750.22,-1.9493600000000006,62.51000000000204,2098.9300000000003,4.135804731486878,1,11,25,0,5806,157,2746,2.7040992077161556
2026-01-25 19:04:58.896305,0.89181915,157,58,99,36.94267515923567,-974.680000000001,3589.3300000000045,4564.009999999989,61.885000000000076,46.101111111111,-6.208152866242044,0.7864421857094995,132.51,-86.24,50000.0,49025.32,50750.22,-1.9493600000000006,62.51000000000204,2098.9300000000003,4.135804731486878,1,11,25,0,5808,157,2747,2.703168044077135
2026-01-25 19:04:58.912897,0.8920956833333332,157,58,99,36.94267515923567,-974.680000000001,3589.3300000000045,4564.009999999989,61.885000000000076,46.101111111111,-6.208152866242044,0.7864421857094995,132.51,-86.24,50000.0,49025.32,50750.22,-1.9493600000000006,62.51000000000204,2098.9300000000003,4.135804731486878,1,11,25,0,5810,157,2748,2.70223752151463
2026-01-25 19:04:58.929346,0.8923698333333333,157,58,99,36.94267515923567,-974.680000000001,3589.3300000000045,4564.009999999989,61.885000000000076,46.101111111111,-6.208152866242044,0.7864421857094995,132.51,-86.24,50000.0,49025.32,50750.22,-1.9493600000000006,62.51000000000204,2098.9300000000003,4.135804731486878,1,11,25,0,5812,157,2749,2.7013076393668274
2026-01-25 19:04:58.945981,0.8926470833333333,157,58,99,36.94267515923567,-974.680000000001,3589.3300000000045,4564.009999999989,61.885000000000076,46.101111111111,-6.208152866242044,0.7864421857094995,132.51,-86.24,50000.0,49025.32,50750.22,-1.9493600000000006,62.51000000000204,2098.9300000000003,4.135804731486878,1,11,25,0,5814,157,2750,2.700378396972824
2026-01-25 19:04:58.962482,0.8929220999999999,157,58,99,36.94267515923567,-974.680000000001,3589.3300000000045,4564.009999999989,61.885000000000076,46.101111111111,-6.208152866242044,0.7864421857094995,132.51,-86.24,50000.0,49025.32,50750.22,-1.9493600000000006,62.51000000000204,2098.9300000000003,4.135804731486878,1,11,25,0,5816,157,2751,2.699449793672627
2026-01-25 19:04:58.979028,0.8931978666666667,157,58,99,36.94267515923567,-974.680000000001,3589.3300000000045,4564.009999999989,61.885000000000076,46.101111111111,-6.208152866242044,0.7864421857094995,132.51,-86.24,50000.0,49025.32,50750.22,-1.9493600000000006,62.51000000000204,2098.9300000000003,4.135804731486878,1,11,25,0,5818,157,2752,2.6985218288071504
2026-01-25 19:04:58.997566,0.8935068333333334,157,58,99,36.94267515923567,-974.680000000001,3589.3300000000045,4564.009999999989,61.885000000000076,46.101111111111,-6.208152866242044,0.7864421857094995,132.51,-86.24,50000.0,49025.32,50750.22,-1.9493600000000006,62.51000000000204,2098.9300000000003,4.135804731486878,1,11,25,0,5820,157,2753,2.6975945017182132
2026-01-25 19:04:59.014605,0.8937908166666666,157,58,99,36.94267515923567,-974.680000000001,3589.3300000000045,4564.009999999989,61.885000000000076,46.101111111111,-6.208152866242044,0.7864421857094995,132.51,-86.24,50000.0,49025.32,50750.22,-1.9493600000000006,62.51000000000204,2098.9300000000003,4.135804731486878,1,11,25,0,5822,157,2754,2.69666781174854
2026-01-25 19:04:59.036293,0.89415235,157,58,99,36.94267515923567,-974.680000000001,3589.3300000000045,4564.009999999989,61.885000000000076,46.101111111111,-6.208152866242044,0.7864421857094995,132.51,-86.24,50000.0,49025.32,50750.22,-1.9493600000000006,62.51000000000204,2098.9300000000003,4.135804731486878,1,11,25,0,5824,157,2755,2.695741758241758
2026-01-25 19:04:59.062642,0.8945914333333334,157,58,99,36.94267515923567,-974.680000000001,3589.3300000000045,4564.009999999989,61.885000000000076,46.101111111111,-6.208152866242044,0.7864421857094995,132.51,-86.24,50000.0,49025.32,50750.22,-1.9493600000000006,62.51000000000204,2098.9300000000003,4.135804731486878,1,11,25,0,5826,157,2756,2.6948163405423964
2026-01-25 19:04:59.080435,0.8948879833333333,157,58,99,36.94267515923567,-974.680000000001,3589.3300000000045,4564.009999999989,61.885000000000076,46.101111111111,-6.208152866242044,0.7864421857094995,132.51,-86.24,50000.0,49025.32,50750.22,-1.9493600000000006,62.51000000000204,2098.9300000000003,4.135804731486878,1,11,25,0,5828,157,2757,2.6938915579958818
2026-01-25 19:04:59.098474,0.8951886333333333,157,58,99,36.94267515923567,-974.680000000001,3589.3300000000045,4564.009999999989,61.885000000000076,46.101111111111,-6.208152866242044,0.7864421857094995,132.51,-86.24,50000.0,49025.32,50750.22,-1.9493600000000006,62.51000000000204,2098.9300000000003,4.135804731486878,1,11,25,0,5830,157,2758,2.692967409948542
2026-01-25 19:04:59.114996,0.895464,157,58,99,36.94267515923567,-974.680000000001,3589.3300000000045,4564.009999999989,61.885000000000076,46.101111111111,-6.208152866242044,0.7864421857094995,132.51,-86.24,50000.0,49025.32,50750.22,-1.9493600000000006,62.51000000000204,2098.9300000000003,4.135804731486878,1,11,25,0,5832,157,2759,2.6920438957475996
2026-01-25 19:04:59.131336,0.8957363333333334,157,58,99,36.94267515923567,-974.680000000001,3589.3300000000045,4564.009999999989,61.885000000000076,46.101111111111,-6.208152866242044,0.7864421857094995,132.51,-86.24,50000.0,49025.32,50750.22,-1.9493600000000006,62.51000000000204,2098.9300000000003,4.135804731486878,1,11,25,0,5834,157,2760,2.691121014741172
2026-01-25 19:04:59.163328,0.8962695333333334,157,58,99,36.94267515923567,-974.680000000001,3589.3300000000045,4564.009999999989,61.885000000000076,46.101111111111,-6.208152866242044,0.7864421857094995,132.51,-86.24,50000.0,49025.32,50750.22,-1.9493600000000006,62.51000000000204,2098.9300000000003,4.135804731486878,1,11,25,0,5836,157,2761,2.6901987662782725
2026-01-25 19:04:59.202339,0.8969197333333334,157,58,99,36.94267515923567,-974.680000000001,3589.3300000000045,4564.009999999989,61.885000000000076,46.101111111111,-6.208152866242044,0.7864421857094995,132.51,-86.24,50000.0,49025.32,50750.22,-1.9493600000000006,62.51000000000204,2098.9300000000003,4.135804731486878,1,11,25,0,5838,157,2762,2.689277149708804
2026-01-25 19:04:59.261276,0.8979020166666667,157,58,99,36.94267515923567,-974.680000000001,3589.3300000000045,4564.009999999989,61.885000000000076,46.101111111111,-6.208152866242044,0.7864421857094995,132.51,-86.24,50000.0,49025.32,50750.22,-1.9493600000000006,62.51000000000204,2098.9300000000003,4.135804731486878,1,11,25,0,5840,157,2763,2.6883561643835616
2026-01-25 19:04:59.290342,0.8983864500000001,157,58,99,36.94267515923567,-974.680000000001,3589.3300000000045,4564.009999999989,61.885000000000076,46.101111111111,-6.208152866242044,0.7864421857094995,132.51,-86.24,50000.0,49025.32,50750.22,-1.9493600000000006,62.51000000000204,2098.9300000000003,4.135804731486878,1,11,25,0,5842,157,2764,2.687435809654228
2026-01-25 19:04:59.333871,0.8991119333333334,157,58,99,36.94267515923567,-974.680000000001,3589.3300000000045,4564.009999999989,61.885000000000076,46.101111111111,-6.208152866242044,0.7864421857094995,132.51,-86.24,50000.0,49025.32,50750.22,-1.9493600000000006,62.51000000000204,2098.9300000000003,4.135804731486878,1,11,25,0,5844,157,2765,2.6865160848733747
2026-01-25 19:04:59.352412,0.8994209333333333,157,58,99,36.94267515923567,-974.680000000001,3589.3300000000045,4564.009999999989,61.885000000000076,46.101111111111,-6.208152866242044,0.7864421857094995,132.51,-86.24,50000.0,49025.32,50750.22,-1.9493600000000006,62.51000000000204,2098.9300000000003,4.135804731486878,1,11,25,0,5846,157,2766,2.685596989394458
2026-01-25 19:04:59.371479,0.8997387166666667,157,58,99,36.94267515923567,-974.680000000001,3589.3300000000045,4564.009999999989,61.885000000000076,46.101111111111,-6.208152866242044,0.7864421857094995,132.51,-86.24,50000.0,49025.32,50750.22,-1.9493600000000006,62.51000000000204,2098.9300000000003,4.135804731486878,1,11,25,1,5848,158,2766,2.7017783857729136
2026-01-25 19:04:59.389399,0.9000374499999999,157,58,99,36.94267515923567,-974.680000000001,3589.3300000000045,4564.009999999989,61.885000000000076,46.101111111111,-6.208152866242044,0.7864421857094995,132.51,-86.24,50000.0,49022.82,50750.22,-1.9543600000000005,60.01000000000204,2098.9300000000003,4.135804731486878,1,11,25,1,5850,158,2767,2.7008547008547006
2026-01-25 19:04:59.414715,0.9004593166666666,157,58,99,36.94267515923567,-974.680000000001,3589.3300000000045,4564.009999999989,61.885000000000076,46.101111111111,-6.208152866242044,0.7864421857094995,132.51,-86.24,50000.0,49027.82,50750.22,-1.9443600000000005,65.01000000000204,2098.9300000000003,4.135804731486878,1,11,25,1,5852,158,2768,2.699931647300068
2026-01-25 19:04:59.432312,0.9007526,157,58,99,36.94267515923567,-974.680000000001,3589.3300000000045,4564.009999999989,61.885000000000076,46.101111111111,-6.208152866242044,0.7864421857094995,132.51,-86.24,50000.0,49021.57,50750.22,-1.9568600000000005,58.76000000000204,2098.9300000000003,4.135804731486878,1,11,25,1,5854,158,2769,2.6990092244619066
2026-01-25 19:04:59.456691,0.9011589166666667,157,58,99,36.94267515923567,-974.680000000001,3589.3300000000045,4564.009999999989,61.885000000000076,46.101111111111,-6.208152866242044,0.7864421857094995,132.51,-86.24,50000.0,49017.82,50750.22,-1.9643600000000003,55.01000000000204,2098.9300000000003,4.135804731486878,1,11,25,1,5856,158,2770,2.698087431693989
2026-01-25 19:04:59.477345,0.90150315,157,58,99,36.94267515923567,-974.680000000001,3589.3300000000045,4564.009999999989,61.885000000000076,46.101111111111,-6.208152866242044,0.7864421857094995,132.51,-86.24,50000.0,49025.32,50750.22,-1.9493600000000006,62.51000000000204,2098.9300000000003,4.135804731486878,1,11,25,1,5858,158,2771,2.697166268350973
2026-01-25 19:04:59.494948,0.9017965333333334,157,58,99,36.94267515923567,-974.680000000001,3589.3300000000045,4564.009999999989,61.885000000000076,46.101111111111,-6.208152866242044,0.7864421857094995,132.51,-86.24,50000.0,49027.82,50750.22,-1.9443600000000005,65.01000000000204,2098.9300000000003,4.135804731486878,1,11,25,1,5860,158,2772,2.696245733788396
2026-01-25 19:04:59.514574,0.9021236333333333,157,58,99,36.94267515923567,-974.680000000001,3589.3300000000045,4564.009999999989,61.885000000000076,46.101111111111,-6.208152866242044,0.7864421857094995,132.51,-86.24,50000.0,49019.07,50750.22,-1.9618600000000006,56.26000000000204,2098.9300000000003,4.135804731486878,1,11,25,1,5862,158,2773,2.695325827362675
2026-01-25 19:04:59.535384,0.9024704833333334,158,58,100,36.708860759493675,-994.670000000001,3589.3300000000045,4583.999999999989,61.885000000000076,45.83999999999989,-6.295379746835449,0.7830126527050639,132.51,-86.24,50000.0,49005.33,50750.22,-1.9893399999999963,42.520000000004075,2098.9300000000003,4.135804731486878,-1,11,25,0,5864,158,2774,2.694406548431105
2026-01-25 19:04:59.557200,0.9028340666666667,158,58,100,36.708860759493675,-994.670000000001,3589.3300000000045,4583.999999999989,61.885000000000076,45.83999999999989,-6.295379746835449,0.7830126527050639,132.51,-86.24,50000.0,49005.33,50750.22,-1.9893399999999963,42.520000000004075,2098.9300000000003,4.135804731486878,-1,11,25,1,5866,159,2774,2.7105352881009206
2026-01-25 19:04:59.581943,0.9032464666666667,158,58,100,36.708860759493675,-994.670000000001,3589.3300000000045,4583.999999999989,61.885000000000076,45.83999999999989,-6.295379746835449,0.7830126527050639,132.51,-86.24,50000.0,49014.08,50750.22,-1.9718399999999965,51.270000000004075,2098.9300000000003,4.135804731486878,-1,11,25,1,5868,159,2775,2.7096114519427403
2026-01-25 19:04:59.599855,0.9035449999999999,158,58,100,36.708860759493675,-994.670000000001,3589.3300000000045,4583.999999999989,61.885000000000076,45.83999999999989,-6.295379746835449,0.7830126527050639,132.51,-86.24,50000.0,49010.33,50750.22,-1.9793399999999965,47.520000000004075,2098.9300000000003,4.135804731486878,-1,11,25,1,5870,159,2776,2.708688245315162
2026-01-25 19:04:59.620110,0.9038828333333334,158,58,100,36.708860759493675,-994.670000000001,3589.3300000000045,4583.999999999989,61.885000000000076,45.83999999999989,-6.295379746835449,0.7830126527050639,132.51,-86.24,50000.0,49016.58,50750.22,-1.9668399999999964,53.770000000004075,2098.9300000000003,4.135804731486878,-1,11,25,1,5872,159,2777,2.707765667574932
2026-01-25 19:04:59.640098,0.9042157166666667,158,58,100,36.708860759493675,-994.670000000001,3589.3300000000045,4583.999999999989,61.885000000000076,45.83999999999989,-6.295379746835449,0.7830126527050639,132.51,-86.24,50000.0,49011.58,50750.22,-1.9768399999999964,48.770000000004075,2098.9300000000003,4.135804731486878,-1,11,25,1,5874,159,2778,2.706843718079673
2026-01-25 19:04:59.659150,0.90453325,158,58,100,36.708860759493675,-994.670000000001,3589.3300000000045,4583.999999999989,61.885000000000076,45.83999999999989,-6.295379746835449,0.7830126527050639,132.51,-86.24,50000.0,49020.33,50750.22,-1.9593399999999965,57.520000000004075,2098.9300000000003,4.135804731486878,-1,11,25,1,5876,159,2779,2.705922396187883
2026-01-25 19:04:59.678736,0.9048596666666667,158,58,100,36.708860759493675,-994.670000000001,3589.3300000000045,4583.999999999989,61.885000000000076,45.83999999999989,-6.295379746835449,0.7830126527050639,132.51,-86.24,50000.0,49016.58,50750.22,-1.9668399999999964,53.770000000004075,2098.9300000000003,4.135804731486878,-1,11,25,1,5878,159,2780,2.7050017012589316
2026-01-25 19:04:59.696297,0.9051523499999999,158,58,100,36.708860759493675,-994.670000000001,3589.3300000000045,4583.999999999989,61.885000000000076,45.83999999999989,-6.295379746835449,0.7830126527050639,132.51,-86.24,50000.0,49019.08,50750.22,-1.9618399999999967,56.270000000004075,2098.9300000000003,4.135804731486878,-1,11,25,1,5880,159,2781,2.7040816326530615
2026-01-25 19:04:59.713562,0.9054401,158,58,100,36.708860759493675,-994.670000000001,3589.3300000000045,4583.999999999989,61.885000000000076,45.83999999999989,-6.295379746835449,0.7830126527050639,132.51,-86.24,50000.0,49021.58,50750.22,-1.9568399999999966,58.770000000004075,2098.9300000000003,4.135804731486878,-1,11,25,1,5882,159,2782,2.7031621897313842
2026-01-25 19:04:59.730136,0.9057163333333332,158,58,100,36.708860759493675,-994.670000000001,3589.3300000000045,4583.999999999989,61.885000000000076,45.83999999999989,-6.295379746835449,0.7830126527050639,132.51,-86.24,50000.0,49024.08,50750.22,-1.9518399999999962,61.270000000004075,2098.9300000000003,4.135804731486878,-1,11,25,1,5884,159,2783,2.7022433718558805
2026-01-25 19:04:59.746662,0.9059917666666667,158,58,100,36.708860759493675,-994.670000000001,3589.3300000000045,4583.999999999989,61.885000000000076,45.83999999999989,-6.295379746835449,0.7830126527050639,132.51,-86.24,50000.0,49015.33,50750.22,-1.9693399999999965,52.520000000004075,2098.9300000000003,4.135804731486878,-1,11,25,1,5886,159,2784,2.7013251783893986
2026-01-25 19:04:59.763507,0.9062725166666666,158,58,100,36.708860759493675,-994.670000000001,3589.3300000000045,4583.999999999989,61.885000000000076,45.83999999999989,-6.295379746835449,0.7830126527050639,132.51,-86.24,50000.0,49010.33,50750.22,-1.9793399999999965,47.520000000004075,2098.9300000000003,4.135804731486878,-1,11,25,1,5888,159,2785,2.700407608695652
2026-01-25 19:04:59.780122,0.9065494333333334,158,58,100,36.708860759493675,-994.670000000001,3589.3300000000045,4583.999999999989,61.885000000000076,45.83999999999989,-6.295379746835449,0.7830126527050639,132.51,-86.24,50000.0,49011.58,50750.22,-1.9768399999999964,48.770000000004075,2098.9300000000003,4.135804731486878,-1,11,25,1,5890,159,2786,2.699490662139219
2026-01-25 19:04:59.796671,0.90682525,158,58,100,36.708860759493675,-994.670000000001,3589.3300000000045,4583.999999999989,61.885000000000076,45.83999999999989,-6.295379746835449,0.7830126527050639,132.51,-86.24,50000.0,49017.83,50750.22,-1.9643399999999964,55.020000000004075,2098.9300000000003,4.135804731486878,-1,11,25,1,5892,159,2787,2.69857433808554
2026-01-25 19:04:59.813911,0.9071125833333333,158,58,100,36.708860759493675,-994.670000000001,3589.3300000000045,4583.999999999989,61.885000000000076,45.83999999999989,-6.295379746835449,0.7830126527050639,132.51,-86.24,50000.0,49011.58,50750.22,-1.9768399999999964,48.770000000004075,2098.9300000000003,4.135804731486878,-1,11,25,1,5894,159,2788,2.6976586359009165
2026-01-25 19:04:59.830651,0.9073916000000001,158,58,100,36.708860759493675,-994.670000000001,3589.3300000000045,4583.999999999989,61.885000000000076,45.83999999999989,-6.295379746835449,0.7830126527050639,132.51,-86.24,50000.0,49012.83,50750.22,-1.9743399999999967,50.020000000004075,2098.9300000000003,4.135804731486878,-1,11,25,1,5896,159,2789,2.69674355495251
2026-01-25 19:04:59.846867,0.90766185,158,58,100,36.708860759493675,-994.670000000001,3589.3300000000045,4583.999999999989,61.885000000000076,45.83999999999989,-6.295379746835449,0.7830126527050639,132.51,-86.24,50000.0,49020.33,50750.22,-1.9593399999999965,57.520000000004075,2098.9300000000003,4.135804731486878,-1,11,25,1,5898,159,2790,2.695829094608342
2026-01-25 19:04:59.863600,0.90794075,158,58,100,36.708860759493675,-994.670000000001,3589.3300000000045,4583.999999999989,61.885000000000076,45.83999999999989,-6.295379746835449,0.7830126527050639,132.51,-86.24,50000.0,49009.08,50750.22,-1.9818399999999965,46.270000000004075,2098.9300000000003,4.135804731486878,-1,11,25,1,5900,159,2791,2.694915254237288
2026-01-25 19:04:59.880098,0.9082157,158,58,100,36.708860759493675,-994.670000000001,3589.3300000000045,4583.999999999989,61.885000000000076,45.83999999999989,-6.295379746835449,0.7830126527050639,132.51,-86.24,50000.0,49002.83,50750.22,-1.9943399999999964,40.020000000004075,2098.9300000000003,4.135804731486878,-1,11,25,1,5902,159,2792,2.6940020332090815
2026-01-25 19:04:59.896686,0.9084921666666667,158,58,100,36.708860759493675,-994.670000000001,3589.3300000000045,4583.999999999989,61.885000000000076,45.83999999999989,-6.295379746835449,0.7830126527050639,132.51,-86.24,50000.0,49006.58,50750.22,-1.9868399999999966,43.770000000004075,2098.9300000000003,4.135804731486878,-1,11,25,1,5904,159,2793,2.693089430894309
2026-01-25 19:04:59.913275,0.9087686500000001,159,58,101,36.477987421383645,-1014.660000000001,3589.3300000000045,4603.989999999989,61.885000000000076,45.584059405940486,-6.38150943396227,0.7796129009837148,132.51,-86.24,50000.0,48985.34,50750.22,-2.029320000000007,22.529999999998836,2098.9300000000003,4.135804731486878,-2,11,25,0,5906,159,2794,2.692177446664409
2026-01-25 19:04:59.929521,0.9090394166666667,159,58,101,36.477987421383645,-1014.660000000001,3589.3300000000045,4603.989999999989,61.885000000000076,45.584059405940486,-6.38150943396227,0.7796129009837148,132.51,-86.24,50000.0,48985.34,50750.22,-2.029320000000007,22.529999999998836,2098.9300000000003,4.135804731486878,-2,11,25,0,5908,159,2795,2.691266079891672
2026-01-25 19:04:59.946258,0.9093183666666668,159,58,101,36.477987421383645,-1014.660000000001,3589.3300000000045,4603.989999999989,61.885000000000076,45.584059405940486,-6.38150943396227,0.7796129009837148,132.51,-86.24,50000.0,48985.34,50750.22,-2.029320000000007,22.529999999998836,2098.9300000000003,4.135804731486878,-2,11,25,0,5910,159,2796,2.6903553299492384
2026-01-25 19:04:59.963193,0.9096006333333333,159,58,101,36.477987421383645,-1014.660000000001,3589.3300000000045,4603.989999999989,61.885000000000076,45.584059405940486,-6.38150943396227,0.7796129009837148,132.51,-86.24,50000.0,48985.34,50750.22,-2.029320000000007,22.529999999998836,2098.9300000000003,4.135804731486878,-2,11,25,0,5912,159,2797,2.689445196211096
2026-01-25 19:04:59.979954,0.9098799666666667,159,58,101,36.477987421383645,-1014.660000000001,3589.3300000000045,4603.989999999989,61.885000000000076,45.584059405940486,-6.38150943396227,0.7796129009837148,132.51,-86.24,50000.0,48985.34,50750.22,-2.029320000000007,22.529999999998836,2098.9300000000003,4.135804731486878,-2,11,25,0,5914,159,2798,2.6885356780520797
2026-01-25 19:04:59.996650,0.9101582333333333,159,58,101,36.477987421383645,-1014.660000000001,3589.3300000000045,4603.989999999989,61.885000000000076,45.584059405940486,-6.38150943396227,0.7796129009837148,132.51,-86.24,50000.0,48985.34,50750.22,-2.029320000000007,22.529999999998836,2098.9300000000003,4.135804731486878,-2,11,25,0,5916,159,2799,2.68762677484787
2026-01-25 19:05:00.013039,0.9104314,159,58,101,36.477987421383645,-1014.660000000001,3589.3300000000045,4603.989999999989,61.885000000000076,45.584059405940486,-6.38150943396227,0.7796129009837148,132.51,-86.24,50000.0,48985.34,50750.22,-2.029320000000007,0.0,2098.9300000000003,4.135804731486878,-2,11,25,0,5918,159,2800,2.6867184859749917
2026-01-25 19:05:00.029842,0.9107114333333333,159,58,101,36.477987421383645,-1014.660000000001,3589.3300000000045,4603.989999999989,61.885000000000076,45.584059405940486,-6.38150943396227,0.7796129009837148,132.51,-86.24,50000.0,48985.34,50750.22,-2.029320000000007,0.0,2098.9300000000003,4.135804731486878,-2,11,25,0,5920,159,2801,2.685810810810811
2026-01-25 19:05:00.046589,0.91099055,159,58,101,36.477987421383645,-1014.660000000001,3589.3300000000045,4603.989999999989,61.885000000000076,45.584059405940486,-6.38150943396227,0.7796129009837148,132.51,-86.24,50000.0,48985.34,50750.22,-2.029320000000007,0.0,2098.9300000000003,4.135804731486878,-2,11,25,0,5922,159,2802,2.684903748733536
2026-01-25 19:05:00.063211,0.9112675833333334,159,58,101,36.477987421383645,-1014.660000000001,3589.3300000000045,4603.989999999989,61.885000000000076,45.584059405940486,-6.38150943396227,0.7796129009837148,132.51,-86.24,50000.0,48985.34,50750.22,-2.029320000000007,0.0,2098.9300000000003,4.135804731486878,-2,11,25,0,5924,159,2803,2.6839972991222147
2026-01-25 19:05:00.079750,0.9115432333333333,159,58,101,36.477987421383645,-1014.660000000001,3589.3300000000045,4603.989999999989,61.885000000000076,45.584059405940486,-6.38150943396227,0.7796129009837148,132.51,-86.24,50000.0,48985.34,50750.22,-2.029320000000007,0.0,2098.9300000000003,4.135804731486878,-2,11,25,0,5926,159,2804,2.683091461356733
2026-01-25 19:05:00.096695,0.91182565,159,58,101,36.477987421383645,-1014.660000000001,3589.3300000000045,4603.989999999989,61.885000000000076,45.584059405940486,-6.38150943396227,0.7796129009837148,132.51,-86.24,50000.0,48985.34,50750.22,-2.029320000000007,0.0,2098.9300000000003,4.135804731486878,-2,11,25,0,5928,159,2805,2.682186234817814
2026-01-25 19:05:00.113612,0.9121076,159,58,101,36.477987421383645,-1014.660000000001,3589.3300000000045,4603.989999999989,61.885000000000076,45.584059405940486,-6.38150943396227,0.7796129009837148,132.51,-86.24,50000.0,48985.34,50750.22,-2.029320000000007,0.0,2098.9300000000003,4.135804731486878,-2,11,25,0,5930,159,2806,2.681281618887015
2026-01-25 19:05:00.130268,0.9123852166666667,159,58,101,36.477987421383645,-1014.660000000001,3589.3300000000045,4603.989999999989,61.885000000000076,45.584059405940486,-6.38150943396227,0.7796129009837148,132.51,-86.24,50000.0,48985.34,50750.22,-2.029320000000007,0.0,2098.9300000000003,4.135804731486878,-2,11,25,0,5932,159,2807,2.6803776129467294
2026-01-25 19:05:00.147105,0.9126658166666667,159,58,101,36.477987421383645,-1014.660000000001,3589.3300000000045,4603.989999999989,61.885000000000076,45.584059405940486,-6.38150943396227,0.7796129009837148,132.51,-86.24,50000.0,48985.34,50750.22,-2.029320000000007,0.0,2098.9300000000003,4.135804731486878,-2,11,25,0,5934,159,2808,2.679474216380182
2026-01-25 19:05:00.163680,0.9129420833333334,159,58,101,36.477987421383645,-1014.660000000001,3589.3300000000045,4603.989999999989,61.885000000000076,45.584059405940486,-6.38150943396227,0.7796129009837148,132.51,-86.24,50000.0,48985.34,50750.22,-2.029320000000007,0.0,2098.9300000000003,4.135804731486878,-2,11,25,0,5936,159,2809,2.6785714285714284
2026-01-25 19:05:00.180415,0.913221,159,58,101,36.477987421383645,-1014.660000000001,3589.3300000000045,4603.989999999989,61.885000000000076,45.584059405940486,-6.38150943396227,0.7796129009837148,132.51,-86.24,50000.0,48985.34,50750.22,-2.029320000000007,0.0,2098.9300000000003,4.135804731486878,-2,11,25,0,5938,159,2810,2.6776692489053553
2026-01-25 19:05:00.197428,0.9135045333333333,159,58,101,36.477987421383645,-1014.660000000001,3589.3300000000045,4603.989999999989,61.885000000000076,45.584059405940486,-6.38150943396227,0.7796129009837148,132.51,-86.24,50000.0,48985.34,50750.22,-2.029320000000007,0.0,2098.9300000000003,4.135804731486878,-2,11,25,0,5940,159,2811,2.6767676767676765
2026-01-25 19:05:00.214011,0.9137809166666667,159,58,101,36.477987421383645,-1014.660000000001,3589.3300000000045,4603.989999999989,61.885000000000076,45.584059405940486,-6.38150943396227,0.7796129009837148,132.51,-86.24,50000.0,48985.34,50750.22,-2.029320000000007,0.0,2098.9300000000003,4.135804731486878,-2,11,25,0,5942,159,2812,2.6758667115449346
2026-01-25 19:05:00.230675,0.91405865,159,58,101,36.477987421383645,-1014.660000000001,3589.3300000000045,4603.989999999989,61.885000000000076,45.584059405940486,-6.38150943396227,0.7796129009837148,132.51,-86.24,50000.0,48985.34,50750.22,-2.029320000000007,0.0,2098.9300000000003,4.135804731486878,-2,11,25,0,5944,159,2813,2.6749663526244953
2026-01-25 19:05:00.247299,0.9143357166666667,159,58,101,36.477987421383645,-1014.660000000001,3589.3300000000045,4603.989999999989,61.885000000000076,45.584059405940486,-6.38150943396227,0.7796129009837148,132.51,-86.24,50000.0,48985.34,50750.22,-2.029320000000007,0.0,2098.9300000000003,4.135804731486878,-2,11,25,0,5946,159,2814,2.674066599394551
2026-01-25 19:05:00.264032,0.9146146,159,58,101,36.477987421383645,-1014.660000000001,3589.3300000000045,4603.989999999989,61.885000000000076,45.584059405940486,-6.38150943396227,0.7796129009837148,132.51,-86.24,50000.0,48985.34,50750.22,-2.029320000000007,0.0,2098.9300000000003,4.135804731486878,-2,11,25,0,5948,159,2815,2.6731674512441157
2026-01-25 19:05:00.280794,0.9148939666666667,159,58,101,36.477987421383645,-1014.660000000001,3589.3300000000045,4603.989999999989,61.885000000000076,45.584059405940486,-6.38150943396227,0.7796129009837148,132.51,-86.24,50000.0,48985.34,50750.22,-2.029320000000007,0.0,2098.9300000000003,4.135804731486878,-2,11,25,0,5950,159,2816,2.6722689075630255
2026-01-25 19:05:00.297852,0.9151782666666667,159,58,101,36.477987421383645,-1014.660000000001,3589.3300000000045,4603.989999999989,61.885000000000076,45.584059405940486,-6.38150943396227,0.7796129009837148,132.51,-86.24,50000.0,48985.34,50750.22,-2.029320000000007,0.0,2098.9300000000003,4.135804731486878,-2,11,25,1,5952,160,2816,2.6881720430107525
2026-01-25 19:05:00.314775,0.9154603166666667,159,58,101,36.477987421383645,-1014.660000000001,3589.3300000000045,4603.989999999989,61.885000000000076,45.584059405940486,-6.38150943396227,0.7796129009837148,132.51,-86.24,50000.0,48990.34,50750.22,-2.019320000000007,5.0,2098.9300000000003,4.135804731486878,-2,11,25,2,5954,161,2816,2.7040644944575076
2026-01-25 19:05:00.354345,0.9161198166666666,159,58,101,36.477987421383645,-1014.660000000001,3589.3300000000045,4603.989999999989,61.885000000000076,45.584059405940486,-6.38150943396227,0.7796129009837148,132.51,-86.24,50000.0,48982.84,50750.22,-2.034320000000007,-2.5,2098.9300000000003,4.135804731486878,-2,11,25,2,5956,161,2817,2.7031564808596373
2026-01-25 19:05:00.370860,0.9163950666666667,159,58,101,36.477987421383645,-1014.660000000001,3589.3300000000045,4603.989999999989,61.885000000000076,45.584059405940486,-6.38150943396227,0.7796129009837148,132.51,-86.24,50000.0,48992.84,50750.22,-2.0143200000000068,7.5,2098.9300000000003,4.135804731486878,-2,11,25,2,5958,161,2818,2.7022490768714333
2026-01-25 19:05:00.387470,0.9166719000000001,159,58,101,36.477987421383645,-1014.660000000001,3589.3300000000045,4603.989999999989,61.885000000000076,45.584059405940486,-6.38150943396227,0.7796129009837148,132.51,-86.24,50000.0,48985.34,50750.22,-2.029320000000007,0.0,2098.9300000000003,4.135804731486878,-2,11,25,2,5960,161,2819,2.7013422818791946
2026-01-25 19:05:00.404096,0.916949,159,58,101,36.477987421383645,-1014.660000000001,3589.3300000000045,4603.989999999989,61.885000000000076,45.584059405940486,-6.38150943396227,0.7796129009837148,132.51,-86.24,50000.0,48992.84,50750.22,-2.0143200000000068,7.5,2098.9300000000003,4.135804731486878,-2,11,25,2,5962,161,2820,2.7004360952700437
2026-01-25 19:05:00.420659,0.9172250500000001,159,58,101,36.477987421383645,-1014.660000000001,3589.3300000000045,4603.989999999989,61.885000000000076,45.584059405940486,-6.38150943396227,0.7796129009837148,132.51,-86.24,50000.0,48987.84,50750.22,-2.024320000000007,2.5,2098.9300000000003,4.135804731486878,-2,11,25,2,5964,161,2821,2.699530516431925
2026-01-25 19:05:00.437239,0.9175013666666667,159,58,101,36.477987421383645,-1014.660000000001,3589.3300000000045,4603.989999999989,61.885000000000076,45.584059405940486,-6.38150943396227,0.7796129009837148,132.51,-86.24,50000.0,48972.84,50750.22,-2.0543200000000073,-12.5,2098.9300000000003,4.135804731486878,-2,11,25,2,5966,161,2822,2.698625544753604
2026-01-25 19:05:00.454064,0.9177818166666667,159,58,101,36.477987421383645,-1014.660000000001,3589.3300000000045,4603.989999999989,61.885000000000076,45.584059405940486,-6.38150943396227,0.7796129009837148,132.51,-86.24,50000.0,48977.84,50750.22,-2.044320000000007,-7.5,2098.9300000000003,4.135804731486878,-2,11,25,2,5968,161,2823,2.697721179624665
2026-01-25 19:05:00.470773,0.9180602833333332,159,58,101,36.477987421383645,-1014.660000000001,3589.3300000000045,4603.989999999989,61.885000000000076,45.584059405940486,-6.38150943396227,0.7796129009837148,132.51,-86.24,50000.0,48977.84,50750.22,-2.044320000000007,-7.5,2098.9300000000003,4.135804731486878,-2,11,25,2,5970,161,2824,2.696817420435511
2026-01-25 19:05:00.487577,0.9183403499999999,159,58,101,36.477987421383645,-1014.660000000001,3589.3300000000045,4603.989999999989,61.885000000000076,45.584059405940486,-6.38150943396227,0.7796129009837148,132.51,-86.24,50000.0,48987.84,50750.22,-2.024320000000007,2.5,2098.9300000000003,4.135804731486878,-2,11,25,2,5972,161,2825,2.695914266577361
2026-01-25 19:05:00.504398,0.9186207,159,58,101,36.477987421383645,-1014.660000000001,3589.3300000000045,4603.989999999989,61.885000000000076,45.584059405940486,-6.38150943396227,0.7796129009837148,132.51,-86.24,50000.0,48990.34,50750.22,-2.019320000000007,5.0,2098.9300000000003,4.135804731486878,-2,11,25,2,5974,161,2826,2.6950117174422497
2026-01-25 19:05:00.521204,0.9189008,159,58,101,36.477987421383645,-1014.660000000001,3589.3300000000045,4603.989999999989,61.885000000000076,45.584059405940486,-6.38150943396227,0.7796129009837148,132.51,-86.24,50000.0,48985.34,50750.22,-2.029320000000007,0.0,2098.9300000000003,4.135804731486878,-2,11,25,2,5976,161,2827,2.694109772423025
2026-01-25 19:05:00.537771,0.9191769166666667,159,58,101,36.477987421383645,-1014.660000000001,3589.3300000000045,4603.989999999989,61.885000000000076,45.584059405940486,-6.38150943396227,0.7796129009837148,132.51,-86.24,50000.0,48965.34,50750.22,-2.069320000000007,-20.0,2098.9300000000003,4.135804731486878,-2,11,25,2,5978,161,2828,2.693208430913349
2026-01-25 19:05:00.554427,0.9194545166666667,159,58,101,36.477987421383645,-1014.660000000001,3589.3300000000045,4603.989999999989,61.885000000000076,45.584059405940486,-6.38150943396227,0.7796129009837148,132.51,-86.24,50000.0,48965.34,50750.22,-2.069320000000007,-20.0,2098.9300000000003,4.135804731486878,-2,11,25,2,5980,161,2829,2.6923076923076925
2026-01-25 19:05:00.571131,0.9197329166666666,159,58,101,36.477987421383645,-1014.660000000001,3589.3300000000045,4603.989999999989,61.885000000000076,45.584059405940486,-6.38150943396227,0.7796129009837148,132.51,-86.24,50000.0,48970.34,50750.22,-2.0593200000000067,-15.0,2098.9300000000003,4.135804731486878,-2,11,25,2,5982,161,2830,2.6914075560013373
2026-01-25 19:05:00.587612,0.9200076,159,58,101,36.477987421383645,-1014.660000000001,3589.3300000000045,4603.989999999989,61.885000000000076,45.584059405940486,-6.38150943396227,0.7796129009837148,132.51,-86.24,50000.0,48960.34,50750.22,-2.079320000000007,-25.0,2098.9300000000003,4.135804731486878,-2,11,25,2,5984,161,2831,2.6905080213903743
2026-01-25 19:05:00.604736,0.9202929999999999,159,58,101,36.477987421383645,-1014.660000000001,3589.3300000000045,4603.989999999989,61.885000000000076,45.584059405940486,-6.38150943396227,0.7796129009837148,132.51,-86.24,50000.0,48980.34,50750.22,-2.039320000000007,-5.0,2098.9300000000003,4.135804731486878,-2,11,25,2,5986,161,2832,2.6896090878717005
2026-01-25 19:05:00.621828,0.9205778666666667,159,58,101,36.477987421383645,-1014.660000000001,3589.3300000000045,4603.989999999989,61.885000000000076,45.584059405940486,-6.38150943396227,0.7796129009837148,132.51,-86.24,50000.0,48997.84,50750.22,-2.004320000000007,12.5,2098.9300000000003,4.135804731486878,-2,11,25,2,5988,161,2833,2.6887107548430196
2026-01-25 19:05:00.639969,0.9208802166666668,159,58,101,36.477987421383645,-1014.660000000001,3589.3300000000045,4603.989999999989,61.885000000000076,45.584059405940486,-6.38150943396227,0.7796129009837148,132.51,-86.24,50000.0,49017.84,50750.22,-1.964320000000007,32.5,2098.9300000000003,4.135804731486878,-2,11,25,2,5990,161,2834,2.687813021702838
2026-01-25 19:05:00.657177,0.9211670166666667,159,58,101,36.477987421383645,-1014.660000000001,3589.3300000000045,4603.989999999989,61.885000000000076,45.584059405940486,-6.38150943396227,0.7796129009837148,132.51,-86.24,50000.0,49025.34,50750.22,-1.9493200000000073,40.0,2098.9300000000003,4.135804731486878,-2,11,25,3,5992,162,2834,2.7036048064085447
2026-01-25 19:05:00.674108,0.9214492,159,58,101,36.477987421383645,-1014.660000000001,3589.3300000000045,4603.989999999989,61.885000000000076,45.584059405940486,-6.38150943396227,0.7796129009837148,132.51,-86.24,50000.0,49029.09,50750.22,-1.941820000000007,43.75,2098.9300000000003,4.135804731486878,-2,11,25,3,5994,162,2835,2.7027027027027026
2026-01-25 19:05:00.690986,0.9217305,159,58,101,36.477987421383645,-1014.660000000001,3589.3300000000045,4603.989999999989,61.885000000000076,45.584059405940486,-6.38150943396227,0.7796129009837148,132.51,-86.24,50000.0,49029.09,50750.22,-1.941820000000007,43.75,2098.9300000000003,4.135804731486878,-2,11,25,3,5996,162,2836,2.7018012008005337
2026-01-25 19:05:00.707713,0.9220092833333333,159,58,101,36.477987421383645,-1014.660000000001,3589.3300000000045,4603.989999999989,61.885000000000076,45.584059405940486,-6.38150943396227,0.7796129009837148,132.51,-86.24,50000.0,49051.59,50750.22,-1.896820000000007,66.25,2098.9300000000003,4.135804731486878,-2,11,25,3,5998,162,2837,2.700900300100033
2026-01-25 19:05:00.724625,0.92229115,159,58,101,36.477987421383645,-1014.660000000001,3589.3300000000045,4603.989999999989,61.885000000000076,45.584059405940486,-6.38150943396227,0.7796129009837148,132.51,-86.24,50000.0,49036.59,50750.22,-1.9268200000000069,51.25,2098.9300000000003,4.135804731486878,-2,11,25,3,6000,162,2838,2.7
2026-01-25 19:05:00.740715,0.9225593,159,58,101,36.477987421383645,-1014.660000000001,3589.3300000000045,4603.989999999989,61.885000000000076,45.584059405940486,-6.38150943396227,0.7796129009837148,132.51,-86.24,50000.0,49017.84,50750.22,-1.964320000000007,32.5,2098.9300000000003,4.135804731486878,-2,11,25,3,6002,162,2839,2.6991002999000333
2026-01-25 19:05:00.757442,0.9228381,159,58,101,36.477987421383645,-1014.660000000001,3589.3300000000045,4603.989999999989,61.885000000000076,45.584059405940486,-6.38150943396227,0.7796129009837148,132.51,-86.24,50000.0,49017.84,50750.22,-1.964320000000007,32.5,2098.9300000000003,4.135804731486878,-2,11,25,3,6004,162,2840,2.698201199200533
2026-01-25 19:05:00.774183,0.9231171166666667,160,58,102,36.25,-1039.650000000001,3589.3300000000045,4628.979999999989,61.885000000000076,45.382156862744985,-6.497812500000006,0.7754040847011682,132.51,-86.24,50000.0,48952.85,50750.22,-2.0943000000000027,-32.48999999999796,2098.9300000000003,4.135804731486878,-3,11,25,2,6006,162,2841,2.697302697302697
2026-01-25 19:05:00.791097,0.9233990166666667,160,58,102,36.25,-1039.650000000001,3589.3300000000045,4628.979999999989,61.885000000000076,45.382156862744985,-6.497812500000006,0.7754040847011682,132.51,-86.24,50000.0,48980.35,50750.22,-2.039300000000003,-4.989999999997963,2098.9300000000003,4.135804731486878,-3,11,25,2,6008,162,2842,2.6964047936085223
2026-01-25 19:05:00.807727,0.9236761833333333,160,58,102,36.25,-1039.650000000001,3589.3300000000045,4628.979999999989,61.885000000000076,45.382156862744985,-6.497812500000006,0.7754040847011682,132.51,-86.24,50000.0,49015.35,50750.22,-1.969300000000003,30.010000000002037,2098.9300000000003,4.135804731486878,-3,11,25,2,6010,162,2843,2.695507487520799
2026-01-25 19:05:00.823782,0.9239437666666667,160,58,102,36.25,-1039.650000000001,3589.3300000000045,4628.979999999989,61.885000000000076,45.382156862744985,-6.497812500000006,0.7754040847011682,132.51,-86.24,50000.0,49015.35,50750.22,-1.969300000000003,30.010000000002037,2098.9300000000003,4.135804731486878,-3,11,25,2,6012,162,2844,2.694610778443114
2026-01-25 19:05:00.840560,0.9242234,160,58,102,36.25,-1039.650000000001,3589.3300000000045,4628.979999999989,61.885000000000076,45.382156862744985,-6.497812500000006,0.7754040847011682,132.51,-86.24,50000.0,49012.85,50750.22,-1.9743000000000028,27.510000000002037,2098.9300000000003,4.135804731486878,-3,11,25,2,6014,162,2845,2.693714665779847
2026-01-25 19:05:00.857365,0.9245034833333333,160,58,102,36.25,-1039.650000000001,3589.3300000000045,4628.979999999989,61.885000000000076,45.382156862744985,-6.497812500000006,0.7754040847011682,132.51,-86.24,50000.0,49007.85,50750.22,-1.984300000000003,22.510000000002037,2098.9300000000003,4.135804731486878,-3,11,25,2,6016,162,2846,2.69281914893617
2026-01-25 19:05:00.873939,0.9247797166666667,160,58,102,36.25,-1039.650000000001,3589.3300000000045,4628.979999999989,61.885000000000076,45.382156862744985,-6.497812500000006,0.7754040847011682,132.51,-86.24,50000.0,49005.35,50750.22,-1.989300000000003,20.010000000002037,2098.9300000000003,4.135804731486878,-3,11,25,2,6018,162,2847,2.6919242273180455
2026-01-25 19:05:00.889868,0.9250452,160,58,102,36.25,-1039.650000000001,3589.3300000000045,4628.979999999989,61.885000000000076,45.382156862744985,-6.497812500000006,0.7754040847011682,132.51,-86.24,50000.0,49010.35,50750.22,-1.979300000000003,25.010000000002037,2098.9300000000003,4.135804731486878,-3,11,25,2,6020,162,2848,2.691029900332226
2026-01-25 19:05:00.906288,0.9253188833333332,160,58,102,36.25,-1039.650000000001,3589.3300000000045,4628.979999999989,61.885000000000076,45.382156862744985,-6.497812500000006,0.7754040847011682,132.51,-86.24,50000.0,49005.35,50750.22,-1.989300000000003,20.010000000002037,2098.9300000000003,4.135804731486878,-3,11,25,2,6022,162,2849,2.69013616738625
2026-01-25 19:05:00.922741,0.9255930833333333,160,58,102,36.25,-1039.650000000001,3589.3300000000045,4628.979999999989,61.885000000000076,45.382156862744985,-6.497812500000006,0.7754040847011682,132.51,-86.24,50000.0,49002.85,50750.22,-1.994300000000003,17.510000000002037,2098.9300000000003,4.135804731486878,-3,11,25,2,6024,162,2850,2.689243027888446
2026-01-25 19:05:00.939016,0.9258643333333333,160,58,102,36.25,-1039.650000000001,3589.3300000000045,4628.979999999989,61.885000000000076,45.382156862744985,-6.497812500000006,0.7754040847011682,132.51,-86.24,50000.0,48990.35,50750.22,-2.019300000000003,5.010000000002037,2098.9300000000003,4.135804731486878,-3,11,25,2,6026,162,2851,2.6883504812479257
2026-01-25 19:05:00.955608,0.9261408666666667,160,58,102,36.25,-1039.650000000001,3589.3300000000045,4628.979999999989,61.885000000000076,45.382156862744985,-6.497812500000006,0.7754040847011682,132.51,-86.24,50000.0,48995.35,50750.22,-2.0093000000000028,10.010000000002037,2098.9300000000003,4.135804731486878,-3,11,25,2,6028,162,2852,2.687458526874585
2026-01-25 19:05:00.972035,0.92641465,160,58,102,36.25,-1039.650000000001,3589.3300000000045,4628.979999999989,61.885000000000076,45.382156862744985,-6.497812500000006,0.7754040847011682,132.51,-86.24,50000.0,48990.35,50750.22,-2.019300000000003,5.010000000002037,2098.9300000000003,4.135804731486878,-3,11,25,2,6030,162,2853,2.6865671641791042
2026-01-25 19:05:00.988262,0.9266851166666666,160,58,102,36.25,-1039.650000000001,3589.3300000000045,4628.979999999989,61.885000000000076,45.382156862744985,-6.497812500000006,0.7754040847011682,132.51,-86.24,50000.0,49020.35,50750.22,-1.9593000000000032,35.01000000000204,2098.9300000000003,4.135804731486878,-3,11,25,2,6032,162,2854,2.6856763925729443
2026-01-25 19:05:01.005249,0.9269682166666667,160,58,102,36.25,-1039.650000000001,3589.3300000000045,4628.979999999989,61.885000000000076,45.382156862744985,-6.497812500000006,0.7754040847011682,132.51,-86.24,50000.0,49047.85,50750.22,-1.9043000000000028,62.51000000000204,2098.9300000000003,4.135804731486878,-3,11,25,2,6034,162,2855,2.6847862114683463
2026-01-25 19:05:01.021930,0.9272462166666667,160,58,102,36.25,-1039.650000000001,3589.3300000000045,4628.979999999989,61.885000000000076,45.382156862744985,-6.497812500000006,0.7754040847011682,132.51,-86.24,50000.0,49067.85,50750.22,-1.8643000000000027,82.51000000000204,2098.9300000000003,4.135804731486878,-3,11,25,2,6036,162,2856,2.68389662027833
2026-01-25 19:05:01.038859,0.9275283833333333,162,60,102,37.03703703703704,-927.130000000001,3701.850000000005,4628.979999999989,61.69750000000008,45.382156862744985,-5.723024691358031,0.7997118155619627,132.51,-86.24,50000.0,49072.869999999995,50750.22,-1.8542600000000093,87.52999999999884,2098.9300000000003,4.135804731486878,2,11,25,0,6038,162,2857,2.683007618416694
2026-01-25 19:05:01.055638,0.9278080333333333,162,60,102,37.03703703703704,-927.130000000001,3701.850000000005,4628.979999999989,61.69750000000008,45.382156862744985,-5.723024691358031,0.7997118155619627,132.51,-86.24,50000.0,49072.869999999995,50750.22,-1.8542600000000093,87.52999999999884,2098.9300000000003,4.135804731486878,2,11,25,0,6040,162,2858,2.682119205298013
2026-01-25 19:05:01.071878,0.9280787,162,60,102,37.03703703703704,-927.130000000001,3701.850000000005,4628.979999999989,61.69750000000008,45.382156862744985,-5.723024691358031,0.7997118155619627,132.51,-86.24,50000.0,49072.869999999995,50750.22,-1.8542600000000093,87.52999999999884,2098.9300000000003,4.135804731486878,2,11,25,0,6042,162,2859,2.6812313803376364
2026-01-25 19:05:01.088508,0.9283558666666667,162,60,102,37.03703703703704,-927.130000000001,3701.850000000005,4628.979999999989,61.69750000000008,45.382156862744985,-5.723024691358031,0.7997118155619627,132.51,-86.24,50000.0,49072.869999999995,50750.22,-1.8542600000000093,87.52999999999884,2098.9300000000003,4.135804731486878,2,11,25,0,6044,162,2860,2.6803441429516877
2026-01-25 19:05:01.105104,0.9286324666666667,162,60,102,37.03703703703704,-927.130000000001,3701.850000000005,4628.979999999989,61.69750000000008,45.382156862744985,-5.723024691358031,0.7997118155619627,132.51,-86.24,50000.0,49072.869999999995,50750.22,-1.8542600000000093,87.52999999999884,2098.9300000000003,4.135804731486878,2,11,25,0,6046,162,2861,2.6794574925570624
2026-01-25 19:05:01.121567,0.9289068500000001,162,60,102,37.03703703703704,-927.130000000001,3701.850000000005,4628.979999999989,61.69750000000008,45.382156862744985,-5.723024691358031,0.7997118155619627,132.51,-86.24,50000.0,49072.869999999995,50750.22,-1.8542600000000093,87.52999999999884,2098.9300000000003,4.135804731486878,2,11,25,0,6048,162,2862,2.6785714285714284
2026-01-25 19:05:01.137738,0.9291763666666667,162,60,102,37.03703703703704,-927.130000000001,3701.850000000005,4628.979999999989,61.69750000000008,45.382156862744985,-5.723024691358031,0.7997118155619627,132.51,-86.24,50000.0,49072.869999999995,50750.22,-1.8542600000000093,87.52999999999884,2098.9300000000003,4.135804731486878,2,11,25,0,6050,162,2863,2.677685950413223
2026-01-25 19:05:01.154925,0.9294628333333333,162,60,102,37.03703703703704,-927.130000000001,3701.850000000005,4628.979999999989,61.69750000000008,45.382156862744985,-5.723024691358031,0.7997118155619627,132.51,-86.24,50000.0,49072.869999999995,50750.22,-1.8542600000000093,87.52999999999884,2098.9300000000003,4.135804731486878,2,11,25,0,6052,162,2864,2.676801057501652
2026-01-25 19:05:01.171194,0.9297339666666667,162,60,102,37.03703703703704,-927.130000000001,3701.850000000005,4628.979999999989,61.69750000000008,45.382156862744985,-5.723024691358031,0.7997118155619627,132.51,-86.24,50000.0,49072.869999999995,50750.22,-1.8542600000000093,87.52999999999884,2098.9300000000003,4.135804731486878,2,11,25,1,6054,163,2864,2.6924347538817313
2026-01-25 19:05:01.187674,0.9300086333333333,162,60,102,37.03703703703704,-927.130000000001,3701.850000000005,4628.979999999989,61.69750000000008,45.382156862744985,-5.723024691358031,0.7997118155619627,132.51,-86.24,50000.0,49079.119999999995,50750.22,-1.8417600000000094,93.77999999999884,2098.9300000000003,4.135804731486878,2,11,25,1,6056,163,2865,2.691545574636724
2026-01-25 19:05:01.204443,0.9302881166666667,162,60,102,37.03703703703704,-927.130000000001,3701.850000000005,4628.979999999989,61.69750000000008,45.382156862744985,-5.723024691358031,0.7997118155619627,132.51,-86.24,50000.0,49074.119999999995,50750.22,-1.8517600000000092,88.77999999999884,2098.9300000000003,4.135804731486878,2,11,25,1,6058,163,2866,2.6906569825024764
2026-01-25 19:05:01.221152,0.9305666,162,60,102,37.03703703703704,-927.130000000001,3701.850000000005,4628.979999999989,61.69750000000008,45.382156862744985,-5.723024691358031,0.7997118155619627,132.51,-86.24,50000.0,49097.869999999995,50750.22,-1.8042600000000093,112.52999999999884,2098.9300000000003,4.135804731486878,2,11,25,1,6060,163,2867,2.68976897689769
2026-01-25 19:05:01.237780,0.9308437333333334,163,61,102,37.423312883435585,-893.370000000001,3735.610000000005,4628.979999999989,61.239508196721395,45.382156862744985,-5.480797546012276,0.8070049989414545,132.51,-86.24,50000.0,49106.63,50750.22,-1.7867400000000053,121.29000000000087,2098.9300000000003,4.135804731486878,3,11,25,0,6062,163,2868,2.6888815572418343
2026-01-25 19:05:01.254722,0.9311260833333334,163,61,102,37.423312883435585,-893.370000000001,3735.610000000005,4628.979999999989,61.239508196721395,45.382156862744985,-5.480797546012276,0.8070049989414545,132.51,-86.24,50000.0,49106.63,50750.22,-1.7867400000000053,121.29000000000087,2098.9300000000003,4.135804731486878,3,11,25,0,6064,163,2869,2.6879947229551453
2026-01-25 19:05:01.271363,0.93140345,163,61,102,37.423312883435585,-893.370000000001,3735.610000000005,4628.979999999989,61.239508196721395,45.382156862744985,-5.480797546012276,0.8070049989414545,132.51,-86.24,50000.0,49106.63,50750.22,-1.7867400000000053,121.29000000000087,2098.9300000000003,4.135804731486878,3,11,25,0,6066,163,2870,2.687108473458622
2026-01-25 19:05:01.288714,0.9316926333333334,163,61,102,37.423312883435585,-893.370000000001,3735.610000000005,4628.979999999989,61.239508196721395,45.382156862744985,-5.480797546012276,0.8070049989414545,132.51,-86.24,50000.0,49106.63,50750.22,-1.7867400000000053,121.29000000000087,2098.9300000000003,4.135804731486878,3,11,25,0,6068,163,2871,2.6862228081740276
2026-01-25 19:05:01.306238,0.9319847,163,61,102,37.423312883435585,-893.370000000001,3735.610000000005,4628.979999999989,61.239508196721395,45.382156862744985,-5.480797546012276,0.8070049989414545,132.51,-86.24,50000.0,49106.63,50750.22,-1.7867400000000053,121.29000000000087,2098.9300000000003,4.135804731486878,3,11,25,0,6070,163,2872,2.6853377265238882
2026-01-25 19:05:01.323496,0.9322723333333334,163,61,102,37.423312883435585,-893.370000000001,3735.610000000005,4628.979999999989,61.239508196721395,45.382156862744985,-5.480797546012276,0.8070049989414545,132.51,-86.24,50000.0,49106.63,50750.22,-1.7867400000000053,121.29000000000087,2098.9300000000003,4.135804731486878,3,11,25,0,6072,163,2873,2.6844532279314888
2026-01-25 19:05:01.340944,0.9325631333333334,163,61,102,37.423312883435585,-893.370000000001,3735.610000000005,4628.979999999989,61.239508196721395,45.382156862744985,-5.480797546012276,0.8070049989414545,132.51,-86.24,50000.0,49106.63,50750.22,-1.7867400000000053,0.0,2098.9300000000003,4.135804731486878,3,11,25,0,6074,163,2874,2.683569311820876
2026-01-25 19:05:01.358012,0.9328476,163,61,102,37.423312883435585,-893.370000000001,3735.610000000005,4628.979999999989,61.239508196721395,45.382156862744985,-5.480797546012276,0.8070049989414545,132.51,-86.24,50000.0,49106.63,50750.22,-1.7867400000000053,0.0,2098.9300000000003,4.135804731486878,3,11,25,0,6076,163,2875,2.682685977616853
2026-01-25 19:05:01.374551,0.93312325,163,61,102,37.423312883435585,-893.370000000001,3735.610000000005,4628.979999999989,61.239508196721395,45.382156862744985,-5.480797546012276,0.8070049989414545,132.51,-86.24,50000.0,49106.63,50750.22,-1.7867400000000053,0.0,2098.9300000000003,4.135804731486878,3,11,25,0,6078,163,2876,2.681803224744982
2026-01-25 19:05:01.391328,0.9334028666666666,163,61,102,37.423312883435585,-893.370000000001,3735.610000000005,4628.979999999989,61.239508196721395,45.382156862744985,-5.480797546012276,0.8070049989414545,132.51,-86.24,50000.0,49106.63,50750.22,-1.7867400000000053,0.0,2098.9300000000003,4.135804731486878,3,11,25,0,6080,163,2877,2.6809210526315788
2026-01-25 19:05:01.408673,0.93369195,163,61,102,37.423312883435585,-893.370000000001,3735.610000000005,4628.979999999989,61.239508196721395,45.382156862744985,-5.480797546012276,0.8070049989414545,132.51,-86.24,50000.0,49106.63,50750.22,-1.7867400000000053,0.0,2098.9300000000003,4.135804731486878,3,11,25,0,6082,163,2878,2.680039460703716
2026-01-25 19:05:01.426045,0.9339814833333333,163,61,102,37.423312883435585,-893.370000000001,3735.610000000005,4628.979999999989,61.239508196721395,45.382156862744985,-5.480797546012276,0.8070049989414545,132.51,-86.24,50000.0,49106.63,50750.22,-1.7867400000000053,0.0,2098.9300000000003,4.135804731486878,3,11,25,0,6084,163,2879,2.6791584483892175
2026-01-25 19:05:01.445621,0.9343077666666667,163,61,102,37.423312883435585,-893.370000000001,3735.610000000005,4628.979999999989,61.239508196721395,45.382156862744985,-5.480797546012276,0.8070049989414545,132.51,-86.24,50000.0,49106.63,50750.22,-1.7867400000000053,0.0,2098.9300000000003,4.135804731486878,3,11,25,0,6086,163,2880,2.6782780151166614
2026-01-25 19:05:01.462982,0.9345970833333334,163,61,102,37.423312883435585,-893.370000000001,3735.610000000005,4628.979999999989,61.239508196721395,45.382156862744985,-5.480797546012276,0.8070049989414545,132.51,-86.24,50000.0,49106.63,50750.22,-1.7867400000000053,0.0,2098.9300000000003,4.135804731486878,3,11,25,0,6088,163,2881,2.6773981603153745
2026-01-25 19:05:01.480008,0.9348808666666667,163,61,102,37.423312883435585,-893.370000000001,3735.610000000005,4628.979999999989,61.239508196721395,45.382156862744985,-5.480797546012276,0.8070049989414545,132.51,-86.24,50000.0,49106.63,50750.22,-1.7867400000000053,0.0,2098.9300000000003,4.135804731486878,3,11,25,0,6090,163,2882,2.676518883415435
2026-01-25 19:05:01.496984,0.9351638,163,61,102,37.423312883435585,-893.370000000001,3735.610000000005,4628.979999999989,61.239508196721395,45.382156862744985,-5.480797546012276,0.8070049989414545,132.51,-86.24,50000.0,49106.63,50750.22,-1.7867400000000053,0.0,2098.9300000000003,4.135804731486878,3,11,25,0,6092,163,2883,2.675640183847669
2026-01-25 19:05:01.513648,0.9354415333333334,163,61,102,37.423312883435585,-893.370000000001,3735.610000000005,4628.979999999989,61.239508196721395,45.382156862744985,-5.480797546012276,0.8070049989414545,132.51,-86.24,50000.0,49106.63,50750.22,-1.7867400000000053,0.0,2098.9300000000003,4.135804731486878,3,11,25,0,6094,163,2884,2.6747620610436496
2026-01-25 19:05:01.530013,0.9357142833333333,163,61,102,37.423312883435585,-893.370000000001,3735.610000000005,4628.979999999989,61.239508196721395,45.382156862744985,-5.480797546012276,0.8070049989414545,132.51,-86.24,50000.0,49106.63,50750.22,-1.7867400000000053,0.0,2098.9300000000003,4.135804731486878,3,11,25,0,6096,163,2885,2.6738845144356955
2026-01-25 19:05:01.546878,0.9359953666666667,163,61,102,37.423312883435585,-893.370000000001,3735.610000000005,4628.979999999989,61.239508196721395,45.382156862744985,-5.480797546012276,0.8070049989414545,132.51,-86.24,50000.0,49106.63,50750.22,-1.7867400000000053,0.0,2098.9300000000003,4.135804731486878,3,11,25,0,6098,163,2886,2.673007543456871
2026-01-25 19:05:01.563539,0.93627305,163,61,102,37.423312883435585,-893.370000000001,3735.610000000005,4628.979999999989,61.239508196721395,45.382156862744985,-5.480797546012276,0.8070049989414545,132.51,-86.24,50000.0,49106.63,50750.22,-1.7867400000000053,0.0,2098.9300000000003,4.135804731486878,3,11,25,0,6100,163,2887,2.6721311475409837
2026-01-25 19:05:01.579910,0.9365459,163,61,102,37.423312883435585,-893.370000000001,3735.610000000005,4628.979999999989,61.239508196721395,45.382156862744985,-5.480797546012276,0.8070049989414545,132.51,-86.24,50000.0,49106.63,50750.22,-1.7867400000000053,0.0,2098.9300000000003,4.135804731486878,3,11,25,0,6102,163,2888,2.671255326122583
2026-01-25 19:05:01.596960,0.9368300833333334,163,61,102,37.423312883435585,-893.370000000001,3735.610000000005,4628.979999999989,61.239508196721395,45.382156862744985,-5.480797546012276,0.8070049989414545,132.51,-86.24,50000.0,49106.63,50750.22,-1.7867400000000053,0.0,2098.9300000000003,4.135804731486878,3,11,25,0,6104,163,2889,2.6703800786369594
2026-01-25 19:05:01.613682,0.93710875,163,61,102,37.423312883435585,-893.370000000001,3735.610000000005,4628.979999999989,61.239508196721395,45.382156862744985,-5.480797546012276,0.8070049989414545,132.51,-86.24,50000.0,49106.63,50750.22,-1.7867400000000053,0.0,2098.9300000000003,4.135804731486878,3,11,25,0,6106,163,2890,2.669505404520144
2026-01-25 19:05:01.630655,0.93739165,163,61,102,37.423312883435585,-893.370000000001,3735.610000000005,4628.979999999989,61.239508196721395,45.382156862744985,-5.480797546012276,0.8070049989414545,132.51,-86.24,50000.0,49106.63,50750.22,-1.7867400000000053,0.0,2098.9300000000003,4.135804731486878,3,11,25,0,6108,163,2891,2.6686313032089064
2026-01-25 19:05:01.647734,0.9376763,163,61,102,37.423312883435585,-893.370000000001,3735.610000000005,4628.979999999989,61.239508196721395,45.382156862744985,-5.480797546012276,0.8070049989414545,132.51,-86.24,50000.0,49106.63,50750.22,-1.7867400000000053,0.0,2098.9300000000003,4.135804731486878,3,11,25,0,6110,163,2892,2.667757774140753
2026-01-25 19:05:01.664211,0.9379509,163,61,102,37.423312883435585,-893.370000000001,3735.610000000005,4628.979999999989,61.239508196721395,45.382156862744985,-5.480797546012276,0.8070049989414545,132.51,-86.24,50000.0,49106.63,50750.22,-1.7867400000000053,0.0,2098.9300000000003,4.135804731486878,3,11,25,0,6112,163,2893,2.6668848167539267
2026-01-25 19:05:01.680381,0.9382204166666667,163,61,102,37.423312883435585,-893.370000000001,3735.610000000005,4628.979999999989,61.239508196721395,45.382156862744985,-5.480797546012276,0.8070049989414545,132.51,-86.24,50000.0,49106.63,50750.22,-1.7867400000000053,0.0,2098.9300000000003,4.135804731486878,3,11,25,0,6114,163,2894,2.666012430487406
2026-01-25 19:05:01.697352,0.9385032666666666,163,61,102,37.423312883435585,-893.370000000001,3735.610000000005,4628.979999999989,61.239508196721395,45.382156862744985,-5.480797546012276,0.8070049989414545,132.51,-86.24,50000.0,49106.63,50750.22,-1.7867400000000053,0.0,2098.9300000000003,4.135804731486878,3,11,25,0,6116,163,2895,2.6651406147809023
2026-01-25 19:05:01.713432,0.9387712666666667,163,61,102,37.423312883435585,-893.370000000001,3735.610000000005,4628.979999999989,61.239508196721395,45.382156862744985,-5.480797546012276,0.8070049989414545,132.51,-86.24,50000.0,49106.63,50750.22,-1.7867400000000053,0.0,2098.9300000000003,4.135804731486878,3,11,25,0,6118,163,2896,2.664269369074861
2026-01-25 19:05:01.730337,0.9390529999999999,163,61,102,37.423312883435585,-893.370000000001,3735.610000000005,4628.979999999989,61.239508196721395,45.382156862744985,-5.480797546012276,0.8070049989414545,132.51,-86.24,50000.0,49106.63,50750.22,-1.7867400000000053,0.0,2098.9300000000003,4.135804731486878,3,11,25,0,6120,163,2897,2.6633986928104574
2026-01-25 19:05:01.746568,0.9393235333333333,163,61,102,37.423312883435585,-893.370000000001,3735.610000000005,4628.979999999989,61.239508196721395,45.382156862744985,-5.480797546012276,0.8070049989414545,132.51,-86.24,50000.0,49106.63,50750.22,-1.7867400000000053,0.0,2098.9300000000003,4.135804731486878,3,11,25,0,6122,163,2898,2.662528585429598
2026-01-25 19:05:01.764427,0.9396211833333333,163,61,102,37.423312883435585,-893.370000000001,3735.610000000005,4628.979999999989,61.239508196721395,45.382156862744985,-5.480797546012276,0.8070049989414545,132.51,-86.24,50000.0,49106.63,50750.22,-1.7867400000000053,0.0,2098.9300000000003,4.135804731486878,3,11,25,0,6124,163,2899,2.6616590463749183
2026-01-25 19:05:01.781037,0.9398980333333333,163,61,102,37.423312883435585,-893.370000000001,3735.610000000005,4628.979999999989,61.239508196721395,45.382156862744985,-5.480797546012276,0.8070049989414545,132.51,-86.24,50000.0,49106.63,50750.22,-1.7867400000000053,0.0,2098.9300000000003,4.135804731486878,3,11,25,0,6126,163,2900,2.6607900750897815
2026-01-25 19:05:01.797771,0.9401769166666667,163,61,102,37.423312883435585,-893.370000000001,3735.610000000005,4628.979999999989,61.239508196721395,45.382156862744985,-5.480797546012276,0.8070049989414545,132.51,-86.24,50000.0,49106.63,50750.22,-1.7867400000000053,0.0,2098.9300000000003,4.135804731486878,3,11,25,0,6128,163,2901,2.6599216710182767
2026-01-25 19:05:01.814637,0.9404580166666666,163,61,102,37.423312883435585,-893.370000000001,3735.610000000005,4628.979999999989,61.239508196721395,45.382156862744985,-5.480797546012276,0.8070049989414545,132.51,-86.24,50000.0,49106.63,50750.22,-1.7867400000000053,0.0,2098.9300000000003,4.135804731486878,3,11,25,0,6130,163,2902,2.6590538336052205
2026-01-25 19:05:01.831438,0.9407380333333334,163,61,102,37.423312883435585,-893.370000000001,3735.610000000005,4628.979999999989,61.239508196721395,45.382156862744985,-5.480797546012276,0.8070049989414545,132.51,-86.24,50000.0,49106.63,50750.22,-1.7867400000000053,0.0,2098.9300000000003,4.135804731486878,3,11,25,0,6132,163,2903,2.658186562296151
2026-01-25 19:05:01.848201,0.9410174166666666,163,61,102,37.423312883435585,-893.370000000001,3735.610000000005,4628.979999999989,61.239508196721395,45.382156862744985,-5.480797546012276,0.8070049989414545,132.51,-86.24,50000.0,49106.63,50750.22,-1.7867400000000053,0.0,2098.9300000000003,4.135804731486878,3,11,25,0,6134,163,2904,2.657319856537333
2026-01-25 19:05:01.864704,0.9412924666666667,163,61,102,37.423312883435585,-893.370000000001,3735.610000000005,4628.979999999989,61.239508196721395,45.382156862744985,-5.480797546012276,0.8070049989414545,132.51,-86.24,50000.0,49106.63,50750.22,-1.7867400000000053,0.0,2098.9300000000003,4.135804731486878,3,11,25,0,6136,163,2905,2.6564537157757497
2026-01-25 19:05:01.881245,0.94156815,163,61,102,37.423312883435585,-893.370000000001,3735.610000000005,4628.979999999989,61.239508196721395,45.382156862744985,-5.480797546012276,0.8070049989414545,132.51,-86.24,50000.0,49106.63,50750.22,-1.7867400000000053,0.0,2098.9300000000003,4.135804731486878,3,11,25,0,6138,163,2906,2.655588139459107
2026-01-25 19:05:01.897949,0.94184655,163,61,102,37.423312883435585,-893.370000000001,3735.610000000005,4628.979999999989,61.239508196721395,45.382156862744985,-5.480797546012276,0.8070049989414545,132.51,-86.24,50000.0,49106.63,50750.22,-1.7867400000000053,0.0,2098.9300000000003,4.135804731486878,3,11,25,0,6140,163,2907,2.6547231270358305
2026-01-25 19:05:01.914070,0.9421152333333332,163,61,102,37.423312883435585,-893.370000000001,3735.610000000005,4628.979999999989,61.239508196721395,45.382156862744985,-5.480797546012276,0.8070049989414545,132.51,-86.24,50000.0,49106.63,50750.22,-1.7867400000000053,0.0,2098.9300000000003,4.135804731486878,3,11,25,0,6142,163,2908,2.6538586779550637
2026-01-25 19:05:01.930908,0.9423958666666666,163,61,102,37.423312883435585,-893.370000000001,3735.610000000005,4628.979999999989,61.239508196721395,45.382156862744985,-5.480797546012276,0.8070049989414545,132.51,-86.24,50000.0,49106.63,50750.22,-1.7867400000000053,0.0,2098.9300000000003,4.135804731486878,3,11,25,0,6144,163,2909,2.652994791666667
2026-01-25 19:05:01.947327,0.9426695166666667,163,61,102,37.423312883435585,-893.370000000001,3735.610000000005,4628.979999999989,61.239508196721395,45.382156862744985,-5.480797546012276,0.8070049989414545,132.51,-86.24,50000.0,49106.63,50750.22,-1.7867400000000053,0.0,2098.9300000000003,4.135804731486878,3,11,25,0,6146,163,2910,2.652131467621217
2026-01-25 19:05:01.963783,0.9429438,163,61,102,37.423312883435585,-893.370000000001,3735.610000000005,4628.979999999989,61.239508196721395,45.382156862744985,-5.480797546012276,0.8070049989414545,132.51,-86.24,50000.0,49106.63,50750.22,-1.7867400000000053,0.0,2098.9300000000003,4.135804731486878,3,11,25,0,6148,163,2911,2.651268705270007
2026-01-25 19:05:01.980344,0.9432197999999999,163,61,102,37.423312883435585,-893.370000000001,3735.610000000005,4628.979999999989,61.239508196721395,45.382156862744985,-5.480797546012276,0.8070049989414545,132.51,-86.24,50000.0,49106.63,50750.22,-1.7867400000000053,0.0,2098.9300000000003,4.135804731486878,3,11,25,0,6150,163,2912,2.6504065040650406
2026-01-25 19:05:01.997084,0.9434988,163,61,102,37.423312883435585,-893.370000000001,3735.610000000005,4628.979999999989,61.239508196721395,45.382156862744985,-5.480797546012276,0.8070049989414545,132.51,-86.24,50000.0,49106.63,50750.22,-1.7867400000000053,0.0,2098.9300000000003,4.135804731486878,3,11,25,0,6152,163,2913,2.6495448634590377
2026-01-25 19:05:02.013777,0.9437770166666667,163,61,102,37.423312883435585,-893.370000000001,3735.610000000005,4628.979999999989,61.239508196721395,45.382156862744985,-5.480797546012276,0.8070049989414545,132.51,-86.24,50000.0,49106.63,50750.22,-1.7867400000000053,0.0,2098.9300000000003,4.135804731486878,3,11,25,0,6154,163,2914,2.6486837829054273
2026-01-25 19:05:02.031144,0.9440664666666667,163,61,102,37.423312883435585,-893.370000000001,3735.610000000005,4628.979999999989,61.239508196721395,45.382156862744985,-5.480797546012276,0.8070049989414545,132.51,-86.24,50000.0,49106.63,50750.22,-1.7867400000000053,0.0,2098.9300000000003,4.135804731486878,3,11,25,0,6156,163,2915,2.6478232618583495
2026-01-25 19:05:02.047602,0.9443407833333333,163,61,102,37.423312883435585,-893.370000000001,3735.610000000005,4628.979999999989,61.239508196721395,45.382156862744985,-5.480797546012276,0.8070049989414545,132.51,-86.24,50000.0,49106.63,50750.22,-1.7867400000000053,0.0,2098.9300000000003,4.135804731486878,3,11,25,0,6158,163,2916,2.6469632997726533
2026-01-25 19:05:02.064659,0.9446250500000001,163,61,102,37.423312883435585,-893.370000000001,3735.610000000005,4628.979999999989,61.239508196721395,45.382156862744985,-5.480797546012276,0.8070049989414545,132.51,-86.24,50000.0,49106.63,50750.22,-1.7867400000000053,0.0,2098.9300000000003,4.135804731486878,3,11,25,0,6160,163,2917,2.646103896103896
2026-01-25 19:05:02.081151,0.9448999166666667,163,61,102,37.423312883435585,-893.370000000001,3735.610000000005,4628.979999999989,61.239508196721395,45.382156862744985,-5.480797546012276,0.8070049989414545,132.51,-86.24,50000.0,49106.63,50750.22,-1.7867400000000053,0.0,2098.9300000000003,4.135804731486878,3,11,25,0,6162,163,2918,2.6452450503083416
2026-01-25 19:05:02.097542,0.9451731,163,61,102,37.423312883435585,-893.370000000001,3735.610000000005,4628.979999999989,61.239508196721395,45.382156862744985,-5.480797546012276,0.8070049989414545,132.51,-86.24,50000.0,49106.63,50750.22,-1.7867400000000053,0.0,2098.9300000000003,4.135804731486878,3,11,25,0,6164,163,2919,2.6443867618429593
2026-01-25 19:05:02.114537,0.9454563500000001,163,61,102,37.423312883435585,-893.370000000001,3735.610000000005,4628.979999999989,61.239508196721395,45.382156862744985,-5.480797546012276,0.8070049989414545,132.51,-86.24,50000.0,49106.63,50750.22,-1.7867400000000053,0.0,2098.9300000000003,4.135804731486878,3,11,25,0,6166,163,2920,2.6435290301654235
2026-01-25 19:05:02.131111,0.9457325833333333,163,61,102,37.423312883435585,-893.370000000001,3735.610000000005,4628.979999999989,61.239508196721395,45.382156862744985,-5.480797546012276,0.8070049989414545,132.51,-86.24,50000.0,49106.63,50750.22,-1.7867400000000053,0.0,2098.9300000000003,4.135804731486878,3,11,25,0,6168,163,2921,2.6426718547341115
2026-01-25 19:05:02.147734,0.9460096333333333,163,61,102,37.423312883435585,-893.370000000001,3735.610000000005,4628.979999999989,61.239508196721395,45.382156862744985,-5.480797546012276,0.8070049989414545,132.51,-86.24,50000.0,49106.63,50750.22,-1.7867400000000053,0.0,2098.9300000000003,4.135804731486878,3,11,25,1,6170,164,2921,2.658022690437601
2026-01-25 19:05:02.164713,0.9462926166666666,163,61,102,37.423312883435585,-893.370000000001,3735.610000000005,4628.979999999989,61.239508196721395,45.382156862744985,-5.480797546012276,0.8070049989414545,132.51,-86.24,50000.0,49104.13,50750.22,-1.7917400000000052,-2.5,2098.9300000000003,4.135804731486878,3,11,25,1,6172,164,2922,2.657161373946857
2026-01-25 19:05:02.181259,0.9465683833333334,163,61,102,37.423312883435585,-893.370000000001,3735.610000000005,4628.979999999989,61.239508196721395,45.382156862744985,-5.480797546012276,0.8070049989414545,132.51,-86.24,50000.0,49122.88,50750.22,-1.7542400000000051,16.25,2098.9300000000003,4.135804731486878,3,11,25,1,6174,164,2923,2.6563006154842888
2026-01-25 19:05:02.198165,0.9468501666666668,163,61,102,37.423312883435585,-893.370000000001,3735.610000000005,4628.979999999989,61.239508196721395,45.382156862744985,-5.480797546012276,0.8070049989414545,132.51,-86.24,50000.0,49122.88,50750.22,-1.7542400000000051,16.25,2098.9300000000003,4.135804731486878,3,11,25,1,6176,164,2924,2.655440414507772
2026-01-25 19:05:02.214754,0.94712665,163,61,102,37.423312883435585,-893.370000000001,3735.610000000005,4628.979999999989,61.239508196721395,45.382156862744985,-5.480797546012276,0.8070049989414545,132.51,-86.24,50000.0,49126.63,50750.22,-1.7467400000000053,20.0,2098.9300000000003,4.135804731486878,3,11,25,1,6178,164,2925,2.6545807704758824
2026-01-25 19:05:02.231892,0.9474122666666667,163,61,102,37.423312883435585,-893.370000000001,3735.610000000005,4628.979999999989,61.239508196721395,45.382156862744985,-5.480797546012276,0.8070049989414545,132.51,-86.24,50000.0,49121.63,50750.22,-1.7567400000000053,15.0,2098.9300000000003,4.135804731486878,3,11,25,1,6180,164,2926,2.6537216828478964
2026-01-25 19:05:02.248501,0.9476891,163,61,102,37.423312883435585,-893.370000000001,3735.610000000005,4628.979999999989,61.239508196721395,45.382156862744985,-5.480797546012276,0.8070049989414545,132.51,-86.24,50000.0,49122.88,50750.22,-1.7542400000000051,16.25,2098.9300000000003,4.135804731486878,3,11,25,1,6182,164,2927,2.6528631510837917
2026-01-25 19:05:02.265649,0.9479749000000001,163,61,102,37.423312883435585,-893.370000000001,3735.610000000005,4628.979999999989,61.239508196721395,45.382156862744985,-5.480797546012276,0.8070049989414545,132.51,-86.24,50000.0,49122.88,50750.22,-1.7542400000000051,16.25,2098.9300000000003,4.135804731486878,3,11,25,1,6184,164,2928,2.652005174644243
2026-01-25 19:05:02.282520,0.9482560666666667,163,61,102,37.423312883435585,-893.370000000001,3735.610000000005,4628.979999999989,61.239508196721395,45.382156862744985,-5.480797546012276,0.8070049989414545,132.51,-86.24,50000.0,49132.88,50750.22,-1.7342400000000053,26.25,2098.9300000000003,4.135804731486878,3,11,25,1,6186,164,2929,2.651147752990624
2026-01-25 19:05:02.299176,0.9485336666666666,163,61,102,37.423312883435585,-893.370000000001,3735.610000000005,4628.979999999989,61.239508196721395,45.382156862744985,-5.480797546012276,0.8070049989414545,132.51,-86.24,50000.0,49134.13,50750.22,-1.7317400000000052,27.5,2098.9300000000003,4.135804731486878,3,11,25,2,6188,165,2929,2.6664511958629604
2026-01-25 19:05:02.316152,0.9488166,163,61,102,37.423312883435585,-893.370000000001,3735.610000000005,4628.979999999989,61.239508196721395,45.382156862744985,-5.480797546012276,0.8070049989414545,132.51,-86.24,50000.0,49129.13,50750.22,-1.7417400000000052,22.5,2098.9300000000003,4.135804731486878,3,11,25,2,6190,165,2930,2.6655896607431337
2026-01-25 19:05:02.332979,0.94909705,163,61,102,37.423312883435585,-893.370000000001,3735.610000000005,4628.979999999989,61.239508196721395,45.382156862744985,-5.480797546012276,0.8070049989414545,132.51,-86.24,50000.0,49121.63,50750.22,-1.7567400000000053,15.0,2098.9300000000003,4.135804731486878,3,11,25,2,6192,165,2931,2.6647286821705425
2026-01-25 19:05:02.348842,0.9493614166666667,163,61,102,37.423312883435585,-893.370000000001,3735.610000000005,4628.979999999989,61.239508196721395,45.382156862744985,-5.480797546012276,0.8070049989414545,132.51,-86.24,50000.0,49121.63,50750.22,-1.7567400000000053,15.0,2098.9300000000003,4.135804731486878,3,11,25,2,6194,165,2932,2.6638682596060703
2026-01-25 19:05:02.365517,0.94963935,163,61,102,37.423312883435585,-893.370000000001,3735.610000000005,4628.979999999989,61.239508196721395,45.382156862744985,-5.480797546012276,0.8070049989414545,132.51,-86.24,50000.0,49119.13,50750.22,-1.7617400000000054,12.5,2098.9300000000003,4.135804731486878,3,11,25,2,6196,165,2933,2.6630083925112973
2026-01-25 19:05:02.382191,0.94991725,163,61,102,37.423312883435585,-893.370000000001,3735.610000000005,4628.979999999989,61.239508196721395,45.382156862744985,-5.480797546012276,0.8070049989414545,132.51,-86.24,50000.0,49109.13,50750.22,-1.7817400000000052,2.5,2098.9300000000003,4.135804731486878,3,11,25,3,6198,166,2933,2.6782833171990967
2026-01-25 19:05:02.398758,0.9501933666666668,165,61,104,36.96969696969697,-934.600000000001,3735.610000000005,4670.209999999988,61.239508196721395,44.90586538461527,-5.66424242424243,0.7998805192914269,132.51,-86.24,50000.0,49071.65,50750.22,-1.8566999999999974,-34.979999999995925,2098.9300000000003,4.135804731486878,-2,11,25,1,6200,166,2934,2.67741935483871
2026-01-25 19:05:02.415669,0.9504752166666666,165,61,104,36.96969696969697,-934.600000000001,3735.610000000005,4670.209999999988,61.239508196721395,44.90586538461527,-5.66424242424243,0.7998805192914269,132.51,-86.24,50000.0,49081.65,50750.22,-1.8366999999999971,-24.979999999995925,2098.9300000000003,4.135804731486878,-2,11,25,1,6202,166,2935,2.6765559496936473
2026-01-25 19:05:02.432044,0.9507481333333333,165,61,104,36.96969696969697,-934.600000000001,3735.610000000005,4670.209999999988,61.239508196721395,44.90586538461527,-5.66424242424243,0.7998805192914269,132.51,-86.24,50000.0,49090.4,50750.22,-1.8191999999999973,-16.229999999995925,2098.9300000000003,4.135804731486878,-2,11,25,1,6204,166,2936,2.6756931012250162
2026-01-25 19:05:02.448753,0.9510266166666667,166,62,104,37.34939759036144,-905.840000000001,3764.3700000000053,4670.209999999988,60.71564516129041,44.90586538461527,-5.4568674698795245,0.8060387006151789,132.51,-86.24,50000.0,49094.159999999996,50750.22,-1.8116800000000075,-12.470000000001164,2098.9300000000003,4.135804731486878,1,11,25,0,6206,166,2937,2.674830808894618
2026-01-25 19:05:02.465766,0.9513101666666667,166,62,104,37.34939759036144,-905.840000000001,3764.3700000000053,4670.209999999988,60.71564516129041,44.90586538461527,-5.4568674698795245,0.8060387006151789,132.51,-86.24,50000.0,49094.159999999996,50750.22,-1.8116800000000075,-12.470000000001164,2098.9300000000003,4.135804731486878,1,11,25,0,6208,166,2938,2.6739690721649483
2026-01-25 19:05:02.482253,0.9515849500000001,166,62,104,37.34939759036144,-905.840000000001,3764.3700000000053,4670.209999999988,60.71564516129041,44.90586538461527,-5.4568674698795245,0.8060387006151789,132.51,-86.24,50000.0,49094.159999999996,50750.22,-1.8116800000000075,-12.470000000001164,2098.9300000000003,4.135804731486878,1,11,25,0,6210,166,2939,2.6731078904991947
2026-01-25 19:05:02.499237,0.9518680333333334,166,62,104,37.34939759036144,-905.840000000001,3764.3700000000053,4670.209999999988,60.71564516129041,44.90586538461527,-5.4568674698795245,0.8060387006151789,132.51,-86.24,50000.0,49094.159999999996,50750.22,-1.8116800000000075,-12.470000000001164,2098.9300000000003,4.135804731486878,1,11,25,0,6212,166,2940,2.6722472633612364
2026-01-25 19:05:02.516162,0.9521501166666667,166,62,104,37.34939759036144,-905.840000000001,3764.3700000000053,4670.209999999988,60.71564516129041,44.90586538461527,-5.4568674698795245,0.8060387006151789,132.51,-86.24,50000.0,49094.159999999996,50750.22,-1.8116800000000075,-12.470000000001164,2098.9300000000003,4.135804731486878,1,11,25,0,6214,166,2941,2.671387190215642
2026-01-25 19:05:02.532832,0.95242795,166,62,104,37.34939759036144,-905.840000000001,3764.3700000000053,4670.209999999988,60.71564516129041,44.90586538461527,-5.4568674698795245,0.8060387006151789,132.51,-86.24,50000.0,49094.159999999996,50750.22,-1.8116800000000075,-12.470000000001164,2098.9300000000003,4.135804731486878,1,11,25,0,6216,166,2942,2.6705276705276706
2026-01-25 19:05:02.549342,0.9527031,166,62,104,37.34939759036144,-905.840000000001,3764.3700000000053,4670.209999999988,60.71564516129041,44.90586538461527,-5.4568674698795245,0.8060387006151789,132.51,-86.24,50000.0,49094.159999999996,50750.22,-1.8116800000000075,-12.470000000001164,2098.9300000000003,4.135804731486878,1,11,25,0,6218,166,2943,2.669668703763268
2026-01-25 19:05:02.565806,0.9529775166666667,166,62,104,37.34939759036144,-905.840000000001,3764.3700000000053,4670.209999999988,60.71564516129041,44.90586538461527,-5.4568674698795245,0.8060387006151789,132.51,-86.24,50000.0,49094.159999999996,50750.22,-1.8116800000000075,-12.470000000001164,2098.9300000000003,4.135804731486878,1,11,25,0,6220,166,2944,2.6688102893890675
2026-01-25 19:05:02.622274,0.9539186333333334,166,62,104,37.34939759036144,-905.840000000001,3764.3700000000053,4670.209999999988,60.71564516129041,44.90586538461527,-5.4568674698795245,0.8060387006151789,132.51,-86.24,50000.0,49094.159999999996,50750.22,-1.8116800000000075,-12.470000000001164,2098.9300000000003,4.135804731486878,1,11,25,0,6222,166,2945,2.667952426872388
2026-01-25 19:05:02.691164,0.9550668166666667,166,62,104,37.34939759036144,-905.840000000001,3764.3700000000053,4670.209999999988,60.71564516129041,44.90586538461527,-5.4568674698795245,0.8060387006151789,132.51,-86.24,50000.0,49094.159999999996,50750.22,-1.8116800000000075,-12.470000000001164,2098.9300000000003,4.135804731486878,1,11,25,0,6224,166,2946,2.667095115681234
2026-01-25 19:05:02.716906,0.95549585,166,62,104,37.34939759036144,-905.840000000001,3764.3700000000053,4670.209999999988,60.71564516129041,44.90586538461527,-5.4568674698795245,0.8060387006151789,132.51,-86.24,50000.0,49094.159999999996,50750.22,-1.8116800000000075,-12.470000000001164,2098.9300000000003,4.135804731486878,1,11,25,0,6226,166,2947,2.6662383552842917
2026-01-25 19:05:02.755211,0.95613425,166,62,104,37.34939759036144,-905.840000000001,3764.3700000000053,4670.209999999988,60.71564516129041,44.90586538461527,-5.4568674698795245,0.8060387006151789,132.51,-86.24,50000.0,49094.159999999996,50750.22,-1.8116800000000075,-12.470000000001164,2098.9300000000003,4.135804731486878,1,11,25,0,6228,166,2948,2.6653821451509314
2026-01-25 19:05:02.755275,0.9561353166666666,166,62,104,37.34939759036144,-905.840000000001,3764.3700000000053,4670.209999999988,60.71564516129041,44.90586538461527,-5.4568674698795245,0.8060387006151789,132.51,-86.24,50000.0,49094.159999999996,50750.22,-1.8116800000000075,-12.470000000001164,2098.9300000000003,4.135804731486878,1,11,25,0,6228,166,2948,2.6653821451509314
